0 verbose cli C:\Program Files\nodejs\node.exe C:\Program Files\nodejs\node_modules\npm\bin\npm-cli.js
1 info using npm@10.9.0
2 info using node@v22.11.0
3 silly config load:file:C:\Program Files\nodejs\node_modules\npm\npmrc
4 silly config load:file:C:\Users\AD\Documents\GitHub\Bitcoinnailbarcom\.npmrc
5 silly config load:file:C:\Users\AD\.npmrc
6 silly config load:file:C:\Users\AD\AppData\Roaming\npm\etc\npmrc
7 verbose title npm install
8 verbose argv "install" "--cache" ".npm-cache"
9 verbose logfile logs-max:10 dir:C:\Users\AD\Documents\GitHub\Bitcoinnailbarcom\.npm-cache\_logs\2026-03-16T09_34_46_561Z-
10 verbose logfile C:\Users\AD\Documents\GitHub\Bitcoinnailbarcom\.npm-cache\_logs\2026-03-16T09_34_46_561Z-debug-0.log
11 silly logfile done cleaning log files
12 silly packumentCache heap:4345298944 maxSize:1086324736 maxEntrySize:543162368
13 silly idealTree buildDeps
14 silly fetch manifest @dnd-kit/core@^6.3.1
15 silly packumentCache full:https://registry.npmjs.org/@dnd-kit%2fcore cache-miss
16 http fetch GET 200 https://registry.npmjs.org/@dnd-kit%2fcore 265ms (cache miss)
17 silly packumentCache full:https://registry.npmjs.org/@dnd-kit%2fcore set size:undefined disposed:false
18 silly fetch manifest react@18.3.1
19 silly packumentCache full:https://registry.npmjs.org/react cache-miss
20 http fetch GET 200 https://registry.npmjs.org/npm 388ms
21 http fetch GET 200 https://registry.npmjs.org/react 214ms (cache miss)
22 silly packumentCache full:https://registry.npmjs.org/react set size:undefined disposed:false
23 silly fetch manifest react-dom@18.3.1
24 silly packumentCache full:https://registry.npmjs.org/react-dom cache-miss
25 http fetch GET 200 https://registry.npmjs.org/react-dom 195ms (cache miss)
26 silly packumentCache full:https://registry.npmjs.org/react-dom set size:undefined disposed:false
27 silly fetch manifest @dnd-kit/sortable@^10.0.0
28 silly packumentCache full:https://registry.npmjs.org/@dnd-kit%2fsortable cache-miss
29 http fetch GET 200 https://registry.npmjs.org/@dnd-kit%2fsortable 97ms (cache miss)
30 silly packumentCache full:https://registry.npmjs.org/@dnd-kit%2fsortable set size:undefined disposed:false
31 silly fetch manifest @dnd-kit/utilities@^3.2.2
32 silly packumentCache full:https://registry.npmjs.org/@dnd-kit%2futilities cache-miss
33 http fetch GET 200 https://registry.npmjs.org/@dnd-kit%2futilities 82ms (cache miss)
34 silly packumentCache full:https://registry.npmjs.org/@dnd-kit%2futilities set size:undefined disposed:false
35 silly fetch manifest @emotion/react@11.14.0
36 silly packumentCache full:https://registry.npmjs.org/@emotion%2freact cache-miss
37 http fetch GET 200 https://registry.npmjs.org/@emotion%2freact 79ms (cache miss)
38 silly packumentCache full:https://registry.npmjs.org/@emotion%2freact set size:undefined disposed:false
39 silly fetch manifest @emotion/styled@11.14.1
40 silly packumentCache full:https://registry.npmjs.org/@emotion%2fstyled cache-miss
41 http fetch GET 200 https://registry.npmjs.org/@emotion%2fstyled 82ms (cache miss)
42 silly packumentCache full:https://registry.npmjs.org/@emotion%2fstyled set size:undefined disposed:false
43 silly fetch manifest @mui/icons-material@7.3.5
44 silly packumentCache full:https://registry.npmjs.org/@mui%2ficons-material cache-miss
45 http fetch GET 200 https://registry.npmjs.org/@mui%2ficons-material 512ms (cache miss)
46 silly packumentCache full:https://registry.npmjs.org/@mui%2ficons-material set size:undefined disposed:false
47 silly fetch manifest @mui/material@7.3.5
48 silly packumentCache full:https://registry.npmjs.org/@mui%2fmaterial cache-miss
49 http fetch GET 200 https://registry.npmjs.org/@mui%2fmaterial 121ms (cache miss)
50 silly packumentCache full:https://registry.npmjs.org/@mui%2fmaterial set size:undefined disposed:false
51 silly fetch manifest @mui/material-pigment-css@^7.3.5
52 silly packumentCache full:https://registry.npmjs.org/@mui%2fmaterial-pigment-css cache-miss
53 http fetch GET 200 https://registry.npmjs.org/@mui%2fmaterial-pigment-css 305ms (cache miss)
54 silly packumentCache full:https://registry.npmjs.org/@mui%2fmaterial-pigment-css set size:undefined disposed:false
55 silly fetch manifest @pigment-css/react@^0.0.30
56 silly packumentCache full:https://registry.npmjs.org/@pigment-css%2freact cache-miss
57 http fetch GET 200 https://registry.npmjs.org/@pigment-css%2freact 116ms (cache miss)
58 silly packumentCache full:https://registry.npmjs.org/@pigment-css%2freact set size:undefined disposed:false
59 silly fetch manifest @types/react@^17.0.0 || ^18.0.0 || ^19.0.0
60 silly packumentCache full:https://registry.npmjs.org/@types%2freact cache-miss
61 http fetch GET 200 https://registry.npmjs.org/@types%2freact 170ms (cache miss)
62 silly packumentCache full:https://registry.npmjs.org/@types%2freact set size:undefined disposed:false
63 silly fetch manifest @popperjs/core@2.11.8
64 silly packumentCache full:https://registry.npmjs.org/@popperjs%2fcore cache-miss
65 http fetch GET 200 https://registry.npmjs.org/@popperjs%2fcore 85ms (cache miss)
66 silly packumentCache full:https://registry.npmjs.org/@popperjs%2fcore set size:undefined disposed:false
67 silly fetch manifest @radix-ui/react-accordion@1.2.3
68 silly packumentCache full:https://registry.npmjs.org/@radix-ui%2freact-accordion cache-miss
69 http fetch GET 200 https://registry.npmjs.org/@radix-ui%2freact-accordion 93ms (cache miss)
70 silly packumentCache full:https://registry.npmjs.org/@radix-ui%2freact-accordion set size:undefined disposed:false
71 silly fetch manifest @types/react@*
72 silly packumentCache full:https://registry.npmjs.org/@types%2freact cache-miss
73 http fetch GET 200 https://registry.npmjs.org/@types%2freact 19ms (cache hit)
74 silly packumentCache full:https://registry.npmjs.org/@types%2freact set size:2588986 disposed:false
75 silly fetch manifest @types/react-dom@*
76 silly packumentCache full:https://registry.npmjs.org/@types%2freact-dom cache-miss
77 http fetch GET 200 https://registry.npmjs.org/@types%2freact-dom 86ms (cache miss)
78 silly packumentCache full:https://registry.npmjs.org/@types%2freact-dom set size:undefined disposed:false
79 silly fetch manifest @radix-ui/react-alert-dialog@1.1.6
80 silly packumentCache full:https://registry.npmjs.org/@radix-ui%2freact-alert-dialog cache-miss
81 http fetch GET 200 https://registry.npmjs.org/@radix-ui%2freact-alert-dialog 91ms (cache miss)
82 silly packumentCache full:https://registry.npmjs.org/@radix-ui%2freact-alert-dialog set size:undefined disposed:false
83 silly fetch manifest @radix-ui/react-aspect-ratio@1.1.2
84 silly packumentCache full:https://registry.npmjs.org/@radix-ui%2freact-aspect-ratio cache-miss
85 http fetch GET 200 https://registry.npmjs.org/@radix-ui%2freact-aspect-ratio 86ms (cache miss)
86 silly packumentCache full:https://registry.npmjs.org/@radix-ui%2freact-aspect-ratio set size:undefined disposed:false
87 silly fetch manifest @radix-ui/react-avatar@1.1.3
88 silly packumentCache full:https://registry.npmjs.org/@radix-ui%2freact-avatar cache-miss
89 http fetch GET 200 https://registry.npmjs.org/@radix-ui%2freact-avatar 80ms (cache miss)
90 silly packumentCache full:https://registry.npmjs.org/@radix-ui%2freact-avatar set size:undefined disposed:false
91 silly fetch manifest @radix-ui/react-checkbox@1.1.4
92 silly packumentCache full:https://registry.npmjs.org/@radix-ui%2freact-checkbox cache-miss
93 http fetch GET 200 https://registry.npmjs.org/@radix-ui%2freact-checkbox 89ms (cache miss)
94 silly packumentCache full:https://registry.npmjs.org/@radix-ui%2freact-checkbox set size:undefined disposed:false
95 silly fetch manifest @radix-ui/react-collapsible@1.1.3
96 silly packumentCache full:https://registry.npmjs.org/@radix-ui%2freact-collapsible cache-miss
97 http fetch GET 200 https://registry.npmjs.org/@radix-ui%2freact-collapsible 94ms (cache miss)
98 silly packumentCache full:https://registry.npmjs.org/@radix-ui%2freact-collapsible set size:undefined disposed:false
99 silly fetch manifest @radix-ui/react-context-menu@2.2.6
100 silly packumentCache full:https://registry.npmjs.org/@radix-ui%2freact-context-menu cache-miss
101 http fetch GET 200 https://registry.npmjs.org/@radix-ui%2freact-context-menu 111ms (cache miss)
102 silly packumentCache full:https://registry.npmjs.org/@radix-ui%2freact-context-menu set size:undefined disposed:false
103 silly fetch manifest @radix-ui/react-dialog@1.1.6
104 silly packumentCache full:https://registry.npmjs.org/@radix-ui%2freact-dialog cache-miss
105 http fetch GET 200 https://registry.npmjs.org/@radix-ui%2freact-dialog 94ms (cache miss)
106 silly packumentCache full:https://registry.npmjs.org/@radix-ui%2freact-dialog set size:undefined disposed:false
107 silly fetch manifest @radix-ui/react-dropdown-menu@2.1.6
108 silly packumentCache full:https://registry.npmjs.org/@radix-ui%2freact-dropdown-menu cache-miss
109 http fetch GET 200 https://registry.npmjs.org/@radix-ui%2freact-dropdown-menu 126ms (cache miss)
110 silly packumentCache full:https://registry.npmjs.org/@radix-ui%2freact-dropdown-menu set size:undefined disposed:false
111 silly fetch manifest @radix-ui/react-hover-card@1.1.6
112 silly packumentCache full:https://registry.npmjs.org/@radix-ui%2freact-hover-card cache-miss
113 http fetch GET 200 https://registry.npmjs.org/@radix-ui%2freact-hover-card 99ms (cache miss)
114 silly packumentCache full:https://registry.npmjs.org/@radix-ui%2freact-hover-card set size:undefined disposed:false
115 silly fetch manifest @radix-ui/react-label@2.1.2
116 silly packumentCache full:https://registry.npmjs.org/@radix-ui%2freact-label cache-miss
117 http fetch GET 200 https://registry.npmjs.org/@radix-ui%2freact-label 95ms (cache miss)
118 silly packumentCache full:https://registry.npmjs.org/@radix-ui%2freact-label set size:undefined disposed:false
119 silly fetch manifest @radix-ui/react-menubar@1.1.6
120 silly packumentCache full:https://registry.npmjs.org/@radix-ui%2freact-menubar cache-miss
121 http fetch GET 200 https://registry.npmjs.org/@radix-ui%2freact-menubar 77ms (cache miss)
122 silly packumentCache full:https://registry.npmjs.org/@radix-ui%2freact-menubar set size:undefined disposed:false
123 silly fetch manifest @radix-ui/react-navigation-menu@1.2.5
124 silly packumentCache full:https://registry.npmjs.org/@radix-ui%2freact-navigation-menu cache-miss
125 http fetch GET 200 https://registry.npmjs.org/@radix-ui%2freact-navigation-menu 102ms (cache miss)
126 silly packumentCache full:https://registry.npmjs.org/@radix-ui%2freact-navigation-menu set size:undefined disposed:false
127 silly fetch manifest @radix-ui/react-popover@1.1.6
128 silly packumentCache full:https://registry.npmjs.org/@radix-ui%2freact-popover cache-miss
129 http fetch GET 200 https://registry.npmjs.org/@radix-ui%2freact-popover 97ms (cache miss)
130 silly packumentCache full:https://registry.npmjs.org/@radix-ui%2freact-popover set size:undefined disposed:false
131 silly fetch manifest @radix-ui/react-progress@1.1.2
132 silly packumentCache full:https://registry.npmjs.org/@radix-ui%2freact-progress cache-miss
133 http fetch GET 200 https://registry.npmjs.org/@radix-ui%2freact-progress 76ms (cache miss)
134 silly packumentCache full:https://registry.npmjs.org/@radix-ui%2freact-progress set size:undefined disposed:false
135 silly fetch manifest @radix-ui/react-radio-group@1.2.3
136 silly packumentCache full:https://registry.npmjs.org/@radix-ui%2freact-radio-group cache-miss
137 http fetch GET 200 https://registry.npmjs.org/@radix-ui%2freact-radio-group 97ms (cache miss)
138 silly packumentCache full:https://registry.npmjs.org/@radix-ui%2freact-radio-group set size:undefined disposed:false
139 silly fetch manifest @radix-ui/react-scroll-area@1.2.3
140 silly packumentCache full:https://registry.npmjs.org/@radix-ui%2freact-scroll-area cache-miss
141 http fetch GET 200 https://registry.npmjs.org/@radix-ui%2freact-scroll-area 231ms (cache miss)
142 silly packumentCache full:https://registry.npmjs.org/@radix-ui%2freact-scroll-area set size:undefined disposed:false
143 silly fetch manifest @radix-ui/react-select@2.1.6
144 silly packumentCache full:https://registry.npmjs.org/@radix-ui%2freact-select cache-miss
145 http fetch GET 200 https://registry.npmjs.org/@radix-ui%2freact-select 84ms (cache miss)
146 silly packumentCache full:https://registry.npmjs.org/@radix-ui%2freact-select set size:undefined disposed:false
147 silly fetch manifest @radix-ui/react-separator@1.1.2
148 silly packumentCache full:https://registry.npmjs.org/@radix-ui%2freact-separator cache-miss
149 http fetch GET 200 https://registry.npmjs.org/@radix-ui%2freact-separator 98ms (cache miss)
150 silly packumentCache full:https://registry.npmjs.org/@radix-ui%2freact-separator set size:undefined disposed:false
151 silly fetch manifest @radix-ui/react-slider@1.2.3
152 silly packumentCache full:https://registry.npmjs.org/@radix-ui%2freact-slider cache-miss
153 http fetch GET 200 https://registry.npmjs.org/@radix-ui%2freact-slider 78ms (cache miss)
154 silly packumentCache full:https://registry.npmjs.org/@radix-ui%2freact-slider set size:undefined disposed:false
155 silly fetch manifest @radix-ui/react-slot@1.1.2
156 silly packumentCache full:https://registry.npmjs.org/@radix-ui%2freact-slot cache-miss
157 http fetch GET 200 https://registry.npmjs.org/@radix-ui%2freact-slot 79ms (cache miss)
158 silly packumentCache full:https://registry.npmjs.org/@radix-ui%2freact-slot set size:undefined disposed:false
159 silly fetch manifest @radix-ui/react-switch@1.1.3
160 silly packumentCache full:https://registry.npmjs.org/@radix-ui%2freact-switch cache-miss
161 http fetch GET 200 https://registry.npmjs.org/@radix-ui%2freact-switch 90ms (cache miss)
162 silly packumentCache full:https://registry.npmjs.org/@radix-ui%2freact-switch set size:undefined disposed:false
163 silly fetch manifest @radix-ui/react-tabs@1.1.3
164 silly packumentCache full:https://registry.npmjs.org/@radix-ui%2freact-tabs cache-miss
165 http fetch GET 200 https://registry.npmjs.org/@radix-ui%2freact-tabs 89ms (cache miss)
166 silly packumentCache full:https://registry.npmjs.org/@radix-ui%2freact-tabs set size:undefined disposed:false
167 silly fetch manifest @radix-ui/react-toggle@1.1.2
168 silly packumentCache full:https://registry.npmjs.org/@radix-ui%2freact-toggle cache-miss
169 http fetch GET 200 https://registry.npmjs.org/@radix-ui%2freact-toggle 89ms (cache miss)
170 silly packumentCache full:https://registry.npmjs.org/@radix-ui%2freact-toggle set size:undefined disposed:false
171 silly fetch manifest @radix-ui/react-toggle-group@1.1.2
172 silly packumentCache full:https://registry.npmjs.org/@radix-ui%2freact-toggle-group cache-miss
173 http fetch GET 200 https://registry.npmjs.org/@radix-ui%2freact-toggle-group 128ms (cache miss)
174 silly packumentCache full:https://registry.npmjs.org/@radix-ui%2freact-toggle-group set size:undefined disposed:false
175 silly fetch manifest @radix-ui/react-tooltip@1.1.8
176 silly packumentCache full:https://registry.npmjs.org/@radix-ui%2freact-tooltip cache-miss
177 http fetch GET 200 https://registry.npmjs.org/@radix-ui%2freact-tooltip 88ms (cache miss)
178 silly packumentCache full:https://registry.npmjs.org/@radix-ui%2freact-tooltip set size:undefined disposed:false
179 silly fetch manifest @supabase/supabase-js@^2.89.0
180 silly packumentCache full:https://registry.npmjs.org/@supabase%2fsupabase-js cache-miss
181 http fetch GET 200 https://registry.npmjs.org/@supabase%2fsupabase-js 108ms (cache miss)
182 silly packumentCache full:https://registry.npmjs.org/@supabase%2fsupabase-js set size:undefined disposed:false
183 silly fetch manifest @tanstack/react-query@^5.90.20
184 silly packumentCache full:https://registry.npmjs.org/@tanstack%2freact-query cache-miss
185 http fetch GET 200 https://registry.npmjs.org/@tanstack%2freact-query 91ms (cache miss)
186 silly packumentCache full:https://registry.npmjs.org/@tanstack%2freact-query set size:undefined disposed:false
187 silly fetch manifest class-variance-authority@0.7.1
188 silly packumentCache full:https://registry.npmjs.org/class-variance-authority cache-miss
189 http fetch GET 200 https://registry.npmjs.org/class-variance-authority 71ms (cache miss)
190 silly packumentCache full:https://registry.npmjs.org/class-variance-authority set size:undefined disposed:false
191 silly fetch manifest clsx@2.1.1
192 silly packumentCache full:https://registry.npmjs.org/clsx cache-miss
193 http fetch GET 200 https://registry.npmjs.org/clsx 63ms (cache miss)
194 silly packumentCache full:https://registry.npmjs.org/clsx set size:undefined disposed:false
195 silly fetch manifest cmdk@1.1.1
196 silly packumentCache full:https://registry.npmjs.org/cmdk cache-miss
197 http fetch GET 200 https://registry.npmjs.org/cmdk 67ms (cache miss)
198 silly packumentCache full:https://registry.npmjs.org/cmdk set size:undefined disposed:false
199 silly fetch manifest date-fns@3.6.0
200 silly packumentCache full:https://registry.npmjs.org/date-fns cache-miss
201 http fetch GET 200 https://registry.npmjs.org/date-fns 190ms (cache miss)
202 silly packumentCache full:https://registry.npmjs.org/date-fns set size:undefined disposed:false
203 silly fetch manifest embla-carousel-react@8.6.0
204 silly packumentCache full:https://registry.npmjs.org/embla-carousel-react cache-miss
205 http fetch GET 200 https://registry.npmjs.org/embla-carousel-react 76ms (cache miss)
206 silly packumentCache full:https://registry.npmjs.org/embla-carousel-react set size:undefined disposed:false
207 silly fetch manifest html-to-image@^1.11.13
208 silly packumentCache full:https://registry.npmjs.org/html-to-image cache-miss
209 http fetch GET 200 https://registry.npmjs.org/html-to-image 67ms (cache miss)
210 silly packumentCache full:https://registry.npmjs.org/html-to-image set size:undefined disposed:false
211 silly fetch manifest html2canvas@^1.4.1
212 silly packumentCache full:https://registry.npmjs.org/html2canvas cache-miss
213 http fetch GET 200 https://registry.npmjs.org/html2canvas 69ms (cache miss)
214 silly packumentCache full:https://registry.npmjs.org/html2canvas set size:undefined disposed:false
215 silly fetch manifest html5-qrcode@^2.3.8
216 silly packumentCache full:https://registry.npmjs.org/html5-qrcode cache-miss
217 http fetch GET 200 https://registry.npmjs.org/html5-qrcode 65ms (cache miss)
218 silly packumentCache full:https://registry.npmjs.org/html5-qrcode set size:undefined disposed:false
219 silly fetch manifest input-otp@1.4.2
220 silly packumentCache full:https://registry.npmjs.org/input-otp cache-miss
221 http fetch GET 200 https://registry.npmjs.org/input-otp 212ms (cache miss)
222 silly packumentCache full:https://registry.npmjs.org/input-otp set size:undefined disposed:false
223 silly fetch manifest lucide-react@0.487.0
224 silly packumentCache full:https://registry.npmjs.org/lucide-react cache-miss
225 http fetch GET 200 https://registry.npmjs.org/lucide-react 88ms (cache miss)
226 silly packumentCache full:https://registry.npmjs.org/lucide-react set size:undefined disposed:false
227 silly fetch manifest motion@12.23.24
228 silly packumentCache full:https://registry.npmjs.org/motion cache-miss
229 http fetch GET 200 https://registry.npmjs.org/motion 234ms (cache miss)
230 silly packumentCache full:https://registry.npmjs.org/motion set size:undefined disposed:false
231 silly fetch manifest @emotion/is-prop-valid@*
232 silly packumentCache full:https://registry.npmjs.org/@emotion%2fis-prop-valid cache-miss
233 http fetch GET 200 https://registry.npmjs.org/@emotion%2fis-prop-valid 87ms (cache miss)
234 silly packumentCache full:https://registry.npmjs.org/@emotion%2fis-prop-valid set size:undefined disposed:false
235 silly fetch manifest next-themes@0.4.6
236 silly packumentCache full:https://registry.npmjs.org/next-themes cache-miss
237 http fetch GET 200 https://registry.npmjs.org/next-themes 67ms (cache miss)
238 silly packumentCache full:https://registry.npmjs.org/next-themes set size:undefined disposed:false
239 silly fetch manifest qrcode.react@^4.2.0
240 silly packumentCache full:https://registry.npmjs.org/qrcode.react cache-miss
241 http fetch GET 200 https://registry.npmjs.org/qrcode.react 72ms (cache miss)
242 silly packumentCache full:https://registry.npmjs.org/qrcode.react set size:undefined disposed:false
243 silly fetch manifest quill@^2.0.3
244 silly packumentCache full:https://registry.npmjs.org/quill cache-miss
245 http fetch GET 200 https://registry.npmjs.org/quill 67ms (cache miss)
246 silly packumentCache full:https://registry.npmjs.org/quill set size:undefined disposed:false
247 silly fetch manifest react-day-picker@8.10.1
248 silly packumentCache full:https://registry.npmjs.org/react-day-picker cache-miss
249 http fetch GET 200 https://registry.npmjs.org/react-day-picker 224ms (cache miss)
250 silly packumentCache full:https://registry.npmjs.org/react-day-picker set size:undefined disposed:false
251 silly fetch manifest react-dnd@16.0.1
252 silly packumentCache full:https://registry.npmjs.org/react-dnd cache-miss
253 http fetch GET 200 https://registry.npmjs.org/react-dnd 82ms (cache miss)
254 silly packumentCache full:https://registry.npmjs.org/react-dnd set size:undefined disposed:false
255 silly fetch manifest @types/hoist-non-react-statics@>= 3.3.1
256 silly packumentCache full:https://registry.npmjs.org/@types%2fhoist-non-react-statics cache-miss
257 http fetch GET 200 https://registry.npmjs.org/@types%2fhoist-non-react-statics 85ms (cache miss)
258 silly packumentCache full:https://registry.npmjs.org/@types%2fhoist-non-react-statics set size:undefined disposed:false
259 silly fetch manifest @types/node@>= 12
260 silly packumentCache full:https://registry.npmjs.org/@types%2fnode cache-miss
261 http fetch GET 200 https://registry.npmjs.org/@types%2fnode 387ms (cache miss)
262 silly packumentCache full:https://registry.npmjs.org/@types%2fnode set size:undefined disposed:false
263 silly fetch manifest react-dnd-html5-backend@16.0.1
264 silly packumentCache full:https://registry.npmjs.org/react-dnd-html5-backend cache-miss
265 http fetch GET 200 https://registry.npmjs.org/react-dnd-html5-backend 88ms (cache miss)
266 silly packumentCache full:https://registry.npmjs.org/react-dnd-html5-backend set size:undefined disposed:false
267 silly fetch manifest react-helmet-async@^2.0.5
268 silly packumentCache full:https://registry.npmjs.org/react-helmet-async cache-miss
269 http fetch GET 200 https://registry.npmjs.org/react-helmet-async 96ms (cache miss)
270 silly packumentCache full:https://registry.npmjs.org/react-helmet-async set size:undefined disposed:false
271 silly fetch manifest react-hook-form@7.55.0
272 silly packumentCache full:https://registry.npmjs.org/react-hook-form cache-miss
273 http fetch GET 200 https://registry.npmjs.org/react-hook-form 346ms (cache miss)
274 silly packumentCache full:https://registry.npmjs.org/react-hook-form set size:undefined disposed:false
275 silly fetch manifest react-markdown@^10.1.0
276 silly packumentCache full:https://registry.npmjs.org/react-markdown cache-miss
277 http fetch GET 200 https://registry.npmjs.org/react-markdown 70ms (cache miss)
278 silly packumentCache full:https://registry.npmjs.org/react-markdown set size:undefined disposed:false
279 silly fetch manifest @types/react@>=18
280 silly packumentCache full:https://registry.npmjs.org/@types%2freact cache-miss
281 http fetch GET 200 https://registry.npmjs.org/@types%2freact 20ms (cache hit)
282 silly packumentCache full:https://registry.npmjs.org/@types%2freact set size:2588986 disposed:false
283 silly fetch manifest react-pageflip@^2.0.3
284 silly packumentCache full:https://registry.npmjs.org/react-pageflip cache-miss
285 http fetch GET 200 https://registry.npmjs.org/react-pageflip 205ms (cache miss)
286 silly packumentCache full:https://registry.npmjs.org/react-pageflip set size:undefined disposed:false
287 silly fetch manifest react-popper@2.3.0
288 silly packumentCache full:https://registry.npmjs.org/react-popper cache-miss
289 http fetch GET 200 https://registry.npmjs.org/react-popper 65ms (cache miss)
290 silly packumentCache full:https://registry.npmjs.org/react-popper set size:undefined disposed:false
291 silly fetch manifest react-quill@^2.0.0
292 silly packumentCache full:https://registry.npmjs.org/react-quill cache-miss
293 http fetch GET 200 https://registry.npmjs.org/react-quill 210ms (cache miss)
294 silly packumentCache full:https://registry.npmjs.org/react-quill set size:undefined disposed:false
295 silly fetch manifest react-resizable-panels@2.1.7
296 silly packumentCache full:https://registry.npmjs.org/react-resizable-panels cache-miss
297 http fetch GET 200 https://registry.npmjs.org/react-resizable-panels 72ms (cache miss)
298 silly packumentCache full:https://registry.npmjs.org/react-resizable-panels set size:undefined disposed:false
299 silly fetch manifest react-responsive-masonry@2.7.1
300 silly packumentCache full:https://registry.npmjs.org/react-responsive-masonry cache-miss
301 http fetch GET 200 https://registry.npmjs.org/react-responsive-masonry 62ms (cache miss)
302 silly packumentCache full:https://registry.npmjs.org/react-responsive-masonry set size:undefined disposed:false
303 silly fetch manifest react-router@^7.12.0
304 silly packumentCache full:https://registry.npmjs.org/react-router cache-miss
305 http fetch GET 200 https://registry.npmjs.org/react-router 108ms (cache miss)
306 silly packumentCache full:https://registry.npmjs.org/react-router set size:undefined disposed:false
307 silly fetch manifest react-router-dom@^7.12.0
308 silly packumentCache full:https://registry.npmjs.org/react-router-dom cache-miss
309 http fetch GET 200 https://registry.npmjs.org/react-router-dom 94ms (cache miss)
310 silly packumentCache full:https://registry.npmjs.org/react-router-dom set size:undefined disposed:false
311 silly fetch manifest react-slick@0.31.0
312 silly packumentCache full:https://registry.npmjs.org/react-slick cache-miss
313 http fetch GET 200 https://registry.npmjs.org/react-slick 67ms (cache miss)
314 silly packumentCache full:https://registry.npmjs.org/react-slick set size:undefined disposed:false
315 silly fetch manifest recharts@2.15.2
316 silly packumentCache full:https://registry.npmjs.org/recharts cache-miss
317 http fetch GET 200 https://registry.npmjs.org/recharts 87ms (cache miss)
318 silly packumentCache full:https://registry.npmjs.org/recharts set size:undefined disposed:false
319 silly fetch manifest sonner@2.0.3
320 silly packumentCache full:https://registry.npmjs.org/sonner cache-miss
321 http fetch GET 200 https://registry.npmjs.org/sonner 70ms (cache miss)
322 silly packumentCache full:https://registry.npmjs.org/sonner set size:undefined disposed:false
323 silly fetch manifest tailwind-merge@3.2.0
324 silly packumentCache full:https://registry.npmjs.org/tailwind-merge cache-miss
325 http fetch GET 200 https://registry.npmjs.org/tailwind-merge 74ms (cache miss)
326 silly packumentCache full:https://registry.npmjs.org/tailwind-merge set size:undefined disposed:false
327 silly fetch manifest tw-animate-css@1.3.8
328 silly packumentCache full:https://registry.npmjs.org/tw-animate-css cache-miss
329 http fetch GET 200 https://registry.npmjs.org/tw-animate-css 69ms (cache miss)
330 silly packumentCache full:https://registry.npmjs.org/tw-animate-css set size:undefined disposed:false
331 silly fetch manifest vaul@1.1.2
332 silly packumentCache full:https://registry.npmjs.org/vaul cache-miss
333 http fetch GET 200 https://registry.npmjs.org/vaul 133ms (cache miss)
334 silly packumentCache full:https://registry.npmjs.org/vaul set size:undefined disposed:false
335 silly fetch manifest @tailwindcss/vite@4.1.12
336 silly packumentCache full:https://registry.npmjs.org/@tailwindcss%2fvite cache-miss
337 http fetch GET 200 https://registry.npmjs.org/@tailwindcss%2fvite 91ms (cache miss)
338 silly packumentCache full:https://registry.npmjs.org/@tailwindcss%2fvite set size:undefined disposed:false
339 silly fetch manifest vite@6.3.5
340 silly packumentCache full:https://registry.npmjs.org/vite cache-miss
341 http fetch GET 200 https://registry.npmjs.org/vite 941ms (cache miss)
342 silly packumentCache full:https://registry.npmjs.org/vite set size:undefined disposed:false
343 silly fetch manifest @types/node@^18.0.0 || ^20.0.0 || >=22.0.0
344 silly packumentCache full:https://registry.npmjs.org/@types%2fnode cache-miss
345 http fetch GET 200 https://registry.npmjs.org/@types%2fnode 31ms (cache hit)
346 silly packumentCache full:https://registry.npmjs.org/@types%2fnode set size:10939971 disposed:false
347 silly fetch manifest jiti@>=1.21.0
348 silly packumentCache full:https://registry.npmjs.org/jiti cache-miss
349 http fetch GET 200 https://registry.npmjs.org/jiti 72ms (cache miss)
350 silly packumentCache full:https://registry.npmjs.org/jiti set size:undefined disposed:false
351 silly fetch manifest less@*
352 silly packumentCache full:https://registry.npmjs.org/less cache-miss
353 http fetch GET 200 https://registry.npmjs.org/less 73ms (cache miss)
354 silly packumentCache full:https://registry.npmjs.org/less set size:undefined disposed:false
355 silly fetch manifest lightningcss@^1.21.0
356 silly packumentCache full:https://registry.npmjs.org/lightningcss cache-miss
357 http fetch GET 200 https://registry.npmjs.org/lightningcss 64ms (cache miss)
358 silly packumentCache full:https://registry.npmjs.org/lightningcss set size:undefined disposed:false
359 silly fetch manifest sass@*
360 silly packumentCache full:https://registry.npmjs.org/sass cache-miss
361 http fetch GET 200 https://registry.npmjs.org/sass 68ms (cache miss)
362 silly packumentCache full:https://registry.npmjs.org/sass set size:undefined disposed:false
363 silly fetch manifest sass-embedded@*
364 silly packumentCache full:https://registry.npmjs.org/sass-embedded cache-miss
365 http fetch GET 200 https://registry.npmjs.org/sass-embedded 71ms (cache miss)
366 silly packumentCache full:https://registry.npmjs.org/sass-embedded set size:undefined disposed:false
367 silly fetch manifest stylus@*
368 silly packumentCache full:https://registry.npmjs.org/stylus cache-miss
369 http fetch GET 200 https://registry.npmjs.org/stylus 68ms (cache miss)
370 silly packumentCache full:https://registry.npmjs.org/stylus set size:undefined disposed:false
371 silly fetch manifest sugarss@*
372 silly packumentCache full:https://registry.npmjs.org/sugarss cache-miss
373 http fetch GET 200 https://registry.npmjs.org/sugarss 68ms (cache miss)
374 silly packumentCache full:https://registry.npmjs.org/sugarss set size:undefined disposed:false
375 silly fetch manifest postcss@^8.3.3
376 silly packumentCache full:https://registry.npmjs.org/postcss cache-miss
377 http fetch GET 200 https://registry.npmjs.org/postcss 69ms (cache miss)
378 silly packumentCache full:https://registry.npmjs.org/postcss set size:undefined disposed:false
379 silly fetch manifest terser@^5.16.0
380 silly packumentCache full:https://registry.npmjs.org/terser cache-miss
381 http fetch GET 200 https://registry.npmjs.org/terser 80ms (cache miss)
382 silly packumentCache full:https://registry.npmjs.org/terser set size:undefined disposed:false
383 silly fetch manifest tsx@^4.8.1
384 silly packumentCache full:https://registry.npmjs.org/tsx cache-miss
385 http fetch GET 200 https://registry.npmjs.org/tsx 70ms (cache miss)
386 silly packumentCache full:https://registry.npmjs.org/tsx set size:undefined disposed:false
387 silly fetch manifest yaml@^2.4.2
388 silly packumentCache full:https://registry.npmjs.org/yaml cache-miss
389 http fetch GET 200 https://registry.npmjs.org/yaml 67ms (cache miss)
390 silly packumentCache full:https://registry.npmjs.org/yaml set size:undefined disposed:false
391 silly fetch manifest @vitejs/plugin-react@4.7.0
392 silly packumentCache full:https://registry.npmjs.org/@vitejs%2fplugin-react cache-miss
393 http fetch GET 200 https://registry.npmjs.org/@vitejs%2fplugin-react 78ms (cache miss)
394 silly packumentCache full:https://registry.npmjs.org/@vitejs%2fplugin-react set size:undefined disposed:false
395 silly fetch manifest tailwindcss@4.1.12
396 silly packumentCache full:https://registry.npmjs.org/tailwindcss cache-miss
397 http fetch GET 200 https://registry.npmjs.org/tailwindcss 197ms (cache miss)
398 silly packumentCache full:https://registry.npmjs.org/tailwindcss set size:undefined disposed:false
399 silly placeDep ROOT @dnd-kit/core@6.3.1 OK for: @figma/my-make-file@0.0.1 want: ^6.3.1
400 silly placeDep ROOT react@18.3.1 OK for: @dnd-kit/core@6.3.1 want: >=16.8.0
401 silly placeDep ROOT react-dom@18.3.1 OK for: @dnd-kit/core@6.3.1 want: >=16.8.0
402 silly placeDep ROOT @dnd-kit/sortable@10.0.0 OK for: @figma/my-make-file@0.0.1 want: ^10.0.0
403 silly placeDep ROOT @dnd-kit/utilities@3.2.2 OK for: @figma/my-make-file@0.0.1 want: ^3.2.2
404 silly placeDep ROOT @emotion/react@11.14.0 OK for: @figma/my-make-file@0.0.1 want: 11.14.0
405 silly placeDep ROOT @emotion/styled@11.14.1 OK for: @figma/my-make-file@0.0.1 want: 11.14.1
406 silly placeDep ROOT @mui/icons-material@7.3.5 OK for: @figma/my-make-file@0.0.1 want: 7.3.5
407 silly placeDep ROOT @mui/material@7.3.5 OK for: @mui/icons-material@7.3.5 want: ^7.3.5
408 silly placeDep ROOT @popperjs/core@2.11.8 OK for: @figma/my-make-file@0.0.1 want: 2.11.8
409 silly placeDep ROOT @radix-ui/react-accordion@1.2.3 OK for: @figma/my-make-file@0.0.1 want: 1.2.3
410 silly placeDep ROOT @radix-ui/react-alert-dialog@1.1.6 OK for: @figma/my-make-file@0.0.1 want: 1.1.6
411 silly placeDep ROOT @radix-ui/react-aspect-ratio@1.1.2 OK for: @figma/my-make-file@0.0.1 want: 1.1.2
412 silly placeDep ROOT @radix-ui/react-avatar@1.1.3 OK for: @figma/my-make-file@0.0.1 want: 1.1.3
413 silly placeDep ROOT @radix-ui/react-checkbox@1.1.4 OK for: @figma/my-make-file@0.0.1 want: 1.1.4
414 silly placeDep ROOT @radix-ui/react-collapsible@1.1.3 OK for: @figma/my-make-file@0.0.1 want: 1.1.3
415 silly placeDep ROOT @radix-ui/react-context-menu@2.2.6 OK for: @figma/my-make-file@0.0.1 want: 2.2.6
416 silly placeDep ROOT @radix-ui/react-dialog@1.1.6 OK for: @figma/my-make-file@0.0.1 want: 1.1.6
417 silly placeDep ROOT @radix-ui/react-dropdown-menu@2.1.6 OK for: @figma/my-make-file@0.0.1 want: 2.1.6
418 silly placeDep ROOT @radix-ui/react-hover-card@1.1.6 OK for: @figma/my-make-file@0.0.1 want: 1.1.6
419 silly placeDep ROOT @radix-ui/react-label@2.1.2 OK for: @figma/my-make-file@0.0.1 want: 2.1.2
420 silly placeDep ROOT @radix-ui/react-menubar@1.1.6 OK for: @figma/my-make-file@0.0.1 want: 1.1.6
421 silly placeDep ROOT @radix-ui/react-navigation-menu@1.2.5 OK for: @figma/my-make-file@0.0.1 want: 1.2.5
422 silly placeDep ROOT @radix-ui/react-popover@1.1.6 OK for: @figma/my-make-file@0.0.1 want: 1.1.6
423 silly placeDep ROOT @radix-ui/react-progress@1.1.2 OK for: @figma/my-make-file@0.0.1 want: 1.1.2
424 silly placeDep ROOT @radix-ui/react-radio-group@1.2.3 OK for: @figma/my-make-file@0.0.1 want: 1.2.3
425 silly placeDep ROOT @radix-ui/react-scroll-area@1.2.3 OK for: @figma/my-make-file@0.0.1 want: 1.2.3
426 silly placeDep ROOT @radix-ui/react-select@2.1.6 OK for: @figma/my-make-file@0.0.1 want: 2.1.6
427 silly placeDep ROOT @radix-ui/react-separator@1.1.2 OK for: @figma/my-make-file@0.0.1 want: 1.1.2
428 silly placeDep ROOT @radix-ui/react-slider@1.2.3 OK for: @figma/my-make-file@0.0.1 want: 1.2.3
429 silly placeDep ROOT @radix-ui/react-slot@1.1.2 OK for: @figma/my-make-file@0.0.1 want: 1.1.2
430 silly placeDep ROOT @radix-ui/react-switch@1.1.3 OK for: @figma/my-make-file@0.0.1 want: 1.1.3
431 silly placeDep ROOT @radix-ui/react-tabs@1.1.3 OK for: @figma/my-make-file@0.0.1 want: 1.1.3
432 silly placeDep ROOT @radix-ui/react-toggle@1.1.2 OK for: @figma/my-make-file@0.0.1 want: 1.1.2
433 silly placeDep ROOT @radix-ui/react-toggle-group@1.1.2 OK for: @figma/my-make-file@0.0.1 want: 1.1.2
434 silly placeDep ROOT @radix-ui/react-tooltip@1.1.8 OK for: @figma/my-make-file@0.0.1 want: 1.1.8
435 silly placeDep ROOT @supabase/supabase-js@2.99.1 OK for: @figma/my-make-file@0.0.1 want: ^2.89.0
436 silly placeDep ROOT @tailwindcss/vite@4.1.12 OK for: @figma/my-make-file@0.0.1 want: 4.1.12
437 silly placeDep ROOT vite@6.3.5 OK for: @tailwindcss/vite@4.1.12 want: ^5.2.0 || ^6 || ^7
438 silly placeDep ROOT @tanstack/react-query@5.90.21 OK for: @figma/my-make-file@0.0.1 want: ^5.90.20
439 silly placeDep ROOT @vitejs/plugin-react@4.7.0 OK for: @figma/my-make-file@0.0.1 want: 4.7.0
440 silly placeDep ROOT class-variance-authority@0.7.1 OK for: @figma/my-make-file@0.0.1 want: 0.7.1
441 silly placeDep ROOT clsx@2.1.1 OK for: @figma/my-make-file@0.0.1 want: 2.1.1
442 silly placeDep ROOT cmdk@1.1.1 OK for: @figma/my-make-file@0.0.1 want: 1.1.1
443 silly placeDep ROOT date-fns@3.6.0 OK for: @figma/my-make-file@0.0.1 want: 3.6.0
444 silly placeDep ROOT embla-carousel-react@8.6.0 OK for: @figma/my-make-file@0.0.1 want: 8.6.0
445 silly placeDep ROOT html-to-image@1.11.13 OK for: @figma/my-make-file@0.0.1 want: ^1.11.13
446 silly placeDep ROOT html2canvas@1.4.1 OK for: @figma/my-make-file@0.0.1 want: ^1.4.1
447 silly placeDep ROOT html5-qrcode@2.3.8 OK for: @figma/my-make-file@0.0.1 want: ^2.3.8
448 silly placeDep ROOT input-otp@1.4.2 OK for: @figma/my-make-file@0.0.1 want: 1.4.2
449 silly placeDep ROOT lucide-react@0.487.0 OK for: @figma/my-make-file@0.0.1 want: 0.487.0
450 silly placeDep ROOT motion@12.23.24 OK for: @figma/my-make-file@0.0.1 want: 12.23.24
451 silly placeDep ROOT next-themes@0.4.6 OK for: @figma/my-make-file@0.0.1 want: 0.4.6
452 silly placeDep ROOT qrcode.react@4.2.0 OK for: @figma/my-make-file@0.0.1 want: ^4.2.0
453 silly placeDep ROOT quill@2.0.3 OK for: @figma/my-make-file@0.0.1 want: ^2.0.3
454 silly placeDep ROOT react-day-picker@8.10.1 OK for: @figma/my-make-file@0.0.1 want: 8.10.1
455 silly placeDep ROOT react-dnd@16.0.1 OK for: @figma/my-make-file@0.0.1 want: 16.0.1
456 silly placeDep ROOT react-dnd-html5-backend@16.0.1 OK for: @figma/my-make-file@0.0.1 want: 16.0.1
457 silly placeDep ROOT react-helmet-async@2.0.5 OK for: @figma/my-make-file@0.0.1 want: ^2.0.5
458 silly placeDep ROOT react-hook-form@7.55.0 OK for: @figma/my-make-file@0.0.1 want: 7.55.0
459 silly placeDep ROOT react-markdown@10.1.0 OK for: @figma/my-make-file@0.0.1 want: ^10.1.0
460 silly placeDep ROOT @types/react@19.2.14 OK for: react-markdown@10.1.0 want: >=18
461 silly placeDep ROOT react-pageflip@2.0.3 OK for: @figma/my-make-file@0.0.1 want: ^2.0.3
462 silly placeDep ROOT react-popper@2.3.0 OK for: @figma/my-make-file@0.0.1 want: 2.3.0
463 silly placeDep ROOT react-quill@2.0.0 OK for: @figma/my-make-file@0.0.1 want: ^2.0.0
464 silly placeDep ROOT react-resizable-panels@2.1.7 OK for: @figma/my-make-file@0.0.1 want: 2.1.7
465 silly placeDep ROOT react-responsive-masonry@2.7.1 OK for: @figma/my-make-file@0.0.1 want: 2.7.1
466 silly placeDep ROOT react-router@7.13.1 OK for: @figma/my-make-file@0.0.1 want: ^7.12.0
467 silly placeDep ROOT react-router-dom@7.13.1 OK for: @figma/my-make-file@0.0.1 want: ^7.12.0
468 silly placeDep ROOT react-slick@0.31.0 OK for: @figma/my-make-file@0.0.1 want: 0.31.0
469 silly placeDep ROOT recharts@2.15.2 OK for: @figma/my-make-file@0.0.1 want: 2.15.2
470 silly placeDep ROOT sonner@2.0.3 OK for: @figma/my-make-file@0.0.1 want: 2.0.3
471 silly placeDep ROOT tailwind-merge@3.2.0 OK for: @figma/my-make-file@0.0.1 want: 3.2.0
472 silly placeDep ROOT tailwindcss@4.1.12 OK for: @figma/my-make-file@0.0.1 want: 4.1.12
473 silly placeDep ROOT tw-animate-css@1.3.8 OK for: @figma/my-make-file@0.0.1 want: 1.3.8
474 silly placeDep ROOT vaul@1.1.2 OK for: @figma/my-make-file@0.0.1 want: 1.1.2
475 silly fetch manifest tslib@^2.0.0
476 silly packumentCache full:https://registry.npmjs.org/tslib cache-miss
477 silly fetch manifest @dnd-kit/accessibility@^3.1.1
478 silly packumentCache full:https://registry.npmjs.org/@dnd-kit%2faccessibility cache-miss
479 silly fetch manifest scheduler@^0.23.2
480 silly packumentCache full:https://registry.npmjs.org/scheduler cache-miss
481 silly fetch manifest loose-envify@^1.1.0
482 silly packumentCache full:https://registry.npmjs.org/loose-envify cache-miss
483 silly fetch manifest loose-envify@^1.1.0
484 silly packumentCache full:https://registry.npmjs.org/loose-envify cache-miss
485 silly fetch manifest tslib@^2.0.0
486 silly packumentCache full:https://registry.npmjs.org/tslib cache-miss
487 silly fetch manifest tslib@^2.0.0
488 silly packumentCache full:https://registry.npmjs.org/tslib cache-miss
489 silly fetch manifest @babel/runtime@^7.18.3
490 silly packumentCache full:https://registry.npmjs.org/@babel%2fruntime cache-miss
491 silly fetch manifest @emotion/babel-plugin@^11.13.5
492 silly packumentCache full:https://registry.npmjs.org/@emotion%2fbabel-plugin cache-miss
493 silly fetch manifest @emotion/cache@^11.14.0
494 silly packumentCache full:https://registry.npmjs.org/@emotion%2fcache cache-miss
495 silly fetch manifest @emotion/serialize@^1.3.3
496 silly packumentCache full:https://registry.npmjs.org/@emotion%2fserialize cache-miss
497 http fetch GET 200 https://registry.npmjs.org/tslib 74ms (cache miss)
498 silly packumentCache full:https://registry.npmjs.org/tslib set size:undefined disposed:false
499 silly fetch manifest @emotion/use-insertion-effect-with-fallbacks@^1.2.0
500 silly packumentCache full:https://registry.npmjs.org/@emotion%2fuse-insertion-effect-with-fallbacks cache-miss
501 http fetch GET 200 https://registry.npmjs.org/@dnd-kit%2faccessibility 84ms (cache miss)
502 silly packumentCache full:https://registry.npmjs.org/@dnd-kit%2faccessibility set size:undefined disposed:false
503 silly fetch manifest @emotion/utils@^1.4.2
504 silly packumentCache full:https://registry.npmjs.org/@emotion%2futils cache-miss
505 http fetch GET 200 https://registry.npmjs.org/@emotion%2fuse-insertion-effect-with-fallbacks 85ms (cache miss)
506 silly packumentCache full:https://registry.npmjs.org/@emotion%2fuse-insertion-effect-with-fallbacks set size:undefined disposed:false
507 silly fetch manifest @emotion/weak-memoize@^0.4.0
508 silly packumentCache full:https://registry.npmjs.org/@emotion%2fweak-memoize cache-miss
509 http fetch GET 200 https://registry.npmjs.org/loose-envify 209ms (cache miss)
510 silly packumentCache full:https://registry.npmjs.org/loose-envify set size:undefined disposed:false
511 silly fetch manifest hoist-non-react-statics@^3.3.1
512 silly packumentCache full:https://registry.npmjs.org/hoist-non-react-statics cache-miss
513 http fetch GET 200 https://registry.npmjs.org/loose-envify 210ms (cache miss)
514 silly packumentCache full:https://registry.npmjs.org/loose-envify set size:undefined disposed:false
515 silly fetch manifest @babel/runtime@^7.18.3
516 silly packumentCache full:https://registry.npmjs.org/@babel%2fruntime cache-miss
517 http fetch GET 200 https://registry.npmjs.org/@emotion%2fweak-memoize 137ms (cache miss)
518 silly packumentCache full:https://registry.npmjs.org/@emotion%2fweak-memoize set size:undefined disposed:false
519 silly fetch manifest @emotion/babel-plugin@^11.13.5
520 silly packumentCache full:https://registry.npmjs.org/@emotion%2fbabel-plugin cache-miss
521 http fetch GET 200 https://registry.npmjs.org/tslib 318ms (cache miss)
522 silly packumentCache full:https://registry.npmjs.org/tslib set size:undefined disposed:false
523 silly fetch manifest @emotion/is-prop-valid@^1.3.0
524 silly packumentCache full:https://registry.npmjs.org/@emotion%2fis-prop-valid cache-miss
525 http fetch GET 200 https://registry.npmjs.org/@emotion%2fis-prop-valid 44ms (cache hit)
526 silly packumentCache full:https://registry.npmjs.org/@emotion%2fis-prop-valid set size:96664 disposed:false
527 silly fetch manifest @emotion/serialize@^1.3.3
528 silly packumentCache full:https://registry.npmjs.org/@emotion%2fserialize cache-miss
529 http fetch GET 200 https://registry.npmjs.org/tslib 371ms (cache miss)
530 silly packumentCache full:https://registry.npmjs.org/tslib set size:undefined disposed:false
531 silly fetch manifest @emotion/utils@^1.4.2
532 silly packumentCache full:https://registry.npmjs.org/@emotion%2futils cache-miss
533 http fetch GET 200 https://registry.npmjs.org/@emotion%2fbabel-plugin 382ms (cache miss)
534 silly packumentCache full:https://registry.npmjs.org/@emotion%2fbabel-plugin set size:undefined disposed:false
535 silly fetch manifest @babel/runtime@^7.28.4
536 silly packumentCache full:https://registry.npmjs.org/@babel%2fruntime cache-miss
537 http fetch GET 200 https://registry.npmjs.org/hoist-non-react-statics 188ms (cache miss)
538 silly packumentCache full:https://registry.npmjs.org/hoist-non-react-statics set size:undefined disposed:false
539 silly fetch manifest clsx@^2.1.1
540 silly packumentCache full:https://registry.npmjs.org/clsx cache-miss
541 http fetch GET 200 https://registry.npmjs.org/@emotion%2futils 320ms (cache miss)
542 silly packumentCache full:https://registry.npmjs.org/@emotion%2futils set size:undefined disposed:false
543 silly fetch manifest csstype@^3.1.3
544 silly packumentCache full:https://registry.npmjs.org/csstype cache-miss
545 http fetch GET 200 https://registry.npmjs.org/@emotion%2fserialize 425ms (cache miss)
546 silly packumentCache full:https://registry.npmjs.org/@emotion%2fserialize set size:undefined disposed:false
547 silly fetch manifest react-is@^19.2.0
548 silly packumentCache full:https://registry.npmjs.org/react-is cache-miss
549 http fetch GET 200 https://registry.npmjs.org/@emotion%2fbabel-plugin 134ms (cache miss)
550 silly packumentCache full:https://registry.npmjs.org/@emotion%2fbabel-plugin set size:undefined disposed:false
551 silly fetch manifest @mui/types@^7.4.8
552 silly packumentCache full:https://registry.npmjs.org/@mui%2ftypes cache-miss
553 http fetch GET 200 https://registry.npmjs.org/clsx 53ms (cache hit)
554 silly packumentCache full:https://registry.npmjs.org/clsx set size:42506 disposed:false
555 silly fetch manifest @mui/utils@^7.3.5
556 silly packumentCache full:https://registry.npmjs.org/@mui%2futils cache-miss
557 http fetch GET 200 https://registry.npmjs.org/@emotion%2fcache 477ms (cache miss)
558 silly packumentCache full:https://registry.npmjs.org/@emotion%2fcache set size:undefined disposed:false
559 silly fetch manifest prop-types@^15.8.1
560 silly packumentCache full:https://registry.npmjs.org/prop-types cache-miss
561 http fetch GET 200 https://registry.npmjs.org/@emotion%2futils 196ms (cache miss)
562 silly packumentCache full:https://registry.npmjs.org/@emotion%2futils set size:undefined disposed:false
563 silly fetch manifest @mui/system@^7.3.5
564 silly packumentCache full:https://registry.npmjs.org/@mui%2fsystem cache-miss
565 http fetch GET 200 https://registry.npmjs.org/@emotion%2fserialize 205ms (cache miss)
566 silly packumentCache full:https://registry.npmjs.org/@emotion%2fserialize set size:undefined disposed:false
567 silly fetch manifest @babel/runtime@^7.28.4
568 silly packumentCache full:https://registry.npmjs.org/@babel%2fruntime cache-miss
569 http fetch GET 200 https://registry.npmjs.org/@mui%2ftypes 169ms (cache miss)
570 silly packumentCache full:https://registry.npmjs.org/@mui%2ftypes set size:undefined disposed:false
571 silly fetch manifest @popperjs/core@^2.11.8
572 silly packumentCache full:https://registry.npmjs.org/@popperjs%2fcore cache-miss
573 http fetch GET 200 https://registry.npmjs.org/csstype 205ms (cache miss)
574 silly packumentCache full:https://registry.npmjs.org/csstype set size:undefined disposed:false
575 silly fetch manifest react-transition-group@^4.4.5
576 silly packumentCache full:https://registry.npmjs.org/react-transition-group cache-miss
577 http fetch GET 200 https://registry.npmjs.org/prop-types 160ms (cache miss)
578 silly packumentCache full:https://registry.npmjs.org/prop-types set size:undefined disposed:false
579 silly fetch manifest @mui/core-downloads-tracker@^7.3.5
580 silly packumentCache full:https://registry.npmjs.org/@mui%2fcore-downloads-tracker cache-miss
581 http fetch GET 200 https://registry.npmjs.org/@popperjs%2fcore 88ms (cache hit)
582 silly packumentCache full:https://registry.npmjs.org/@popperjs%2fcore set size:579534 disposed:false
583 silly fetch manifest @types/react-transition-group@^4.4.12
584 silly packumentCache full:https://registry.npmjs.org/@types%2freact-transition-group cache-miss
585 http fetch GET 200 https://registry.npmjs.org/@mui%2futils 306ms (cache miss)
586 silly packumentCache full:https://registry.npmjs.org/@mui%2futils set size:undefined disposed:false
587 silly fetch manifest @radix-ui/react-id@1.1.0
588 silly packumentCache full:https://registry.npmjs.org/@radix-ui%2freact-id cache-miss
589 http fetch GET 200 https://registry.npmjs.org/react-transition-group 175ms (cache miss)
590 silly packumentCache full:https://registry.npmjs.org/react-transition-group set size:undefined disposed:false
591 silly fetch manifest @radix-ui/primitive@1.1.1
592 silly packumentCache full:https://registry.npmjs.org/@radix-ui%2fprimitive cache-miss
593 http fetch GET 200 https://registry.npmjs.org/@types%2freact-transition-group 188ms (cache miss)
594 silly packumentCache full:https://registry.npmjs.org/@types%2freact-transition-group set size:undefined disposed:false
595 silly fetch manifest @radix-ui/react-context@1.1.1
596 silly packumentCache full:https://registry.npmjs.org/@radix-ui%2freact-context cache-miss
597 http fetch GET 200 https://registry.npmjs.org/@mui%2fsystem 355ms (cache miss)
598 silly packumentCache full:https://registry.npmjs.org/@mui%2fsystem set size:undefined disposed:false
599 silly fetch manifest @radix-ui/react-direction@1.1.0
600 silly packumentCache full:https://registry.npmjs.org/@radix-ui%2freact-direction cache-miss
601 http fetch GET 200 https://registry.npmjs.org/@mui%2fcore-downloads-tracker 300ms (cache miss)
602 silly packumentCache full:https://registry.npmjs.org/@mui%2fcore-downloads-tracker set size:undefined disposed:false
603 silly fetch manifest @radix-ui/react-primitive@2.0.2
604 silly packumentCache full:https://registry.npmjs.org/@radix-ui%2freact-primitive cache-miss
605 http fetch GET 200 https://registry.npmjs.org/@radix-ui%2fprimitive 189ms (cache miss)
606 silly packumentCache full:https://registry.npmjs.org/@radix-ui%2fprimitive set size:undefined disposed:false
607 silly fetch manifest @radix-ui/react-collection@1.1.2
608 silly packumentCache full:https://registry.npmjs.org/@radix-ui%2freact-collection cache-miss
609 http fetch GET 200 https://registry.npmjs.org/@radix-ui%2freact-id 241ms (cache miss)
610 silly packumentCache full:https://registry.npmjs.org/@radix-ui%2freact-id set size:undefined disposed:false
611 silly fetch manifest @radix-ui/react-compose-refs@1.1.1
612 silly packumentCache full:https://registry.npmjs.org/@radix-ui%2freact-compose-refs cache-miss
613 http fetch GET 200 https://registry.npmjs.org/@babel%2fruntime 1032ms (cache miss)
614 silly packumentCache full:https://registry.npmjs.org/@babel%2fruntime set size:undefined disposed:false
615 silly fetch manifest @radix-ui/react-use-controllable-state@1.1.0
616 silly packumentCache full:https://registry.npmjs.org/@radix-ui%2freact-use-controllable-state cache-miss
617 http fetch GET 200 https://registry.npmjs.org/@radix-ui%2freact-context 230ms (cache miss)
618 silly packumentCache full:https://registry.npmjs.org/@radix-ui%2freact-context set size:undefined disposed:false
619 silly fetch manifest @radix-ui/react-primitive@2.0.2
620 silly packumentCache full:https://registry.npmjs.org/@radix-ui%2freact-primitive cache-miss
621 http fetch GET 200 https://registry.npmjs.org/@babel%2fruntime 942ms (cache miss)
622 silly packumentCache full:https://registry.npmjs.org/@babel%2fruntime set size:undefined disposed:false
623 silly fetch manifest @radix-ui/react-compose-refs@1.1.1
624 silly packumentCache full:https://registry.npmjs.org/@radix-ui%2freact-compose-refs cache-miss
625 http fetch GET 200 https://registry.npmjs.org/@radix-ui%2freact-direction 300ms (cache miss)
626 silly packumentCache full:https://registry.npmjs.org/@radix-ui%2freact-direction set size:undefined disposed:false
627 silly fetch manifest @radix-ui/react-primitive@2.0.2
628 silly packumentCache full:https://registry.npmjs.org/@radix-ui%2freact-primitive cache-miss
629 http fetch GET 200 https://registry.npmjs.org/@radix-ui%2freact-compose-refs 261ms (cache miss)
630 silly packumentCache full:https://registry.npmjs.org/@radix-ui%2freact-compose-refs set size:undefined disposed:false
631 silly fetch manifest @radix-ui/react-primitive@2.0.2
632 silly packumentCache full:https://registry.npmjs.org/@radix-ui%2freact-primitive cache-miss
633 http fetch GET 200 https://registry.npmjs.org/@radix-ui%2freact-primitive 353ms (cache miss)
634 silly packumentCache full:https://registry.npmjs.org/@radix-ui%2freact-primitive set size:undefined disposed:false
635 silly fetch manifest @radix-ui/react-use-callback-ref@1.1.0
636 silly packumentCache full:https://registry.npmjs.org/@radix-ui%2freact-use-callback-ref cache-miss
637 http fetch GET 200 https://registry.npmjs.org/@radix-ui%2freact-collection 339ms (cache miss)
638 silly packumentCache full:https://registry.npmjs.org/@radix-ui%2freact-collection set size:undefined disposed:false
639 silly fetch manifest @radix-ui/react-use-layout-effect@1.1.0
640 silly packumentCache full:https://registry.npmjs.org/@radix-ui%2freact-use-layout-effect cache-miss
641 http fetch GET 200 https://registry.npmjs.org/@radix-ui%2freact-use-controllable-state 265ms (cache miss)
642 silly packumentCache full:https://registry.npmjs.org/@radix-ui%2freact-use-controllable-state set size:undefined disposed:false
643 silly fetch manifest @radix-ui/react-presence@1.1.2
644 silly packumentCache full:https://registry.npmjs.org/@radix-ui%2freact-presence cache-miss
645 http fetch GET 200 https://registry.npmjs.org/@radix-ui%2freact-primitive 247ms (cache miss)
646 silly packumentCache full:https://registry.npmjs.org/@radix-ui%2freact-primitive set size:undefined disposed:false
647 silly fetch manifest @radix-ui/react-use-size@1.1.0
648 silly packumentCache full:https://registry.npmjs.org/@radix-ui%2freact-use-size cache-miss
649 http fetch GET 200 https://registry.npmjs.org/@radix-ui%2freact-compose-refs 215ms (cache miss)
650 silly packumentCache full:https://registry.npmjs.org/@radix-ui%2freact-compose-refs set size:undefined disposed:false
651 silly fetch manifest @radix-ui/react-use-previous@1.1.0
652 silly packumentCache full:https://registry.npmjs.org/@radix-ui%2freact-use-previous cache-miss
653 http fetch GET 200 https://registry.npmjs.org/@babel%2fruntime 1046ms (cache miss)
654 silly packumentCache full:https://registry.npmjs.org/@babel%2fruntime set size:undefined disposed:false
655 silly fetch manifest @radix-ui/react-presence@1.1.2
656 silly packumentCache full:https://registry.npmjs.org/@radix-ui%2freact-presence cache-miss
657 http fetch GET 200 https://registry.npmjs.org/scheduler 1555ms (cache miss)
658 silly packumentCache full:https://registry.npmjs.org/scheduler set size:undefined disposed:false
659 silly fetch manifest @radix-ui/react-use-layout-effect@1.1.0
660 silly packumentCache full:https://registry.npmjs.org/@radix-ui%2freact-use-layout-effect cache-miss
661 http fetch GET 200 https://registry.npmjs.org/@radix-ui%2freact-use-layout-effect 399ms (cache miss)
662 silly packumentCache full:https://registry.npmjs.org/@radix-ui%2freact-use-layout-effect set size:undefined disposed:false
663 silly fetch manifest @radix-ui/react-menu@2.1.6
664 silly packumentCache full:https://registry.npmjs.org/@radix-ui%2freact-menu cache-miss
665 http fetch GET 200 https://registry.npmjs.org/@babel%2fruntime 1183ms (cache miss)
666 silly packumentCache full:https://registry.npmjs.org/@babel%2fruntime set size:undefined disposed:false
667 silly fetch manifest @radix-ui/react-use-callback-ref@1.1.0
668 silly packumentCache full:https://registry.npmjs.org/@radix-ui%2freact-use-callback-ref cache-miss
669 http fetch GET 200 https://registry.npmjs.org/@radix-ui%2freact-primitive 596ms (cache miss)
670 silly packumentCache full:https://registry.npmjs.org/@radix-ui%2freact-primitive set size:undefined disposed:false
671 silly fetch manifest aria-hidden@^1.2.4
672 silly packumentCache full:https://registry.npmjs.org/aria-hidden cache-miss
673 http fetch GET 200 https://registry.npmjs.org/@radix-ui%2freact-primitive 567ms (cache miss)
674 silly packumentCache full:https://registry.npmjs.org/@radix-ui%2freact-primitive set size:undefined disposed:false
675 silly fetch manifest react-remove-scroll@^2.6.3
676 silly packumentCache full:https://registry.npmjs.org/react-remove-scroll cache-miss
677 http fetch GET 200 https://registry.npmjs.org/@radix-ui%2freact-use-callback-ref 548ms (cache miss)
678 silly packumentCache full:https://registry.npmjs.org/@radix-ui%2freact-use-callback-ref set size:undefined disposed:false
679 silly fetch manifest @radix-ui/react-portal@1.1.4
680 silly packumentCache full:https://registry.npmjs.org/@radix-ui%2freact-portal cache-miss
681 http fetch GET 200 https://registry.npmjs.org/@radix-ui%2freact-use-size 484ms (cache miss)
682 silly packumentCache full:https://registry.npmjs.org/@radix-ui%2freact-use-size set size:undefined disposed:false
683 silly fetch manifest @radix-ui/react-presence@1.1.2
684 silly packumentCache full:https://registry.npmjs.org/@radix-ui%2freact-presence cache-miss
685 http fetch GET 200 https://registry.npmjs.org/@radix-ui%2freact-use-previous 480ms (cache miss)
686 silly packumentCache full:https://registry.npmjs.org/@radix-ui%2freact-use-previous set size:undefined disposed:false
687 silly fetch manifest @radix-ui/react-focus-scope@1.1.2
688 silly packumentCache full:https://registry.npmjs.org/@radix-ui%2freact-focus-scope cache-miss
689 http fetch GET 200 https://registry.npmjs.org/@radix-ui%2freact-presence 561ms (cache miss)
690 silly packumentCache full:https://registry.npmjs.org/@radix-ui%2freact-presence set size:undefined disposed:false
691 silly fetch manifest @radix-ui/react-focus-guards@1.1.1
692 silly packumentCache full:https://registry.npmjs.org/@radix-ui%2freact-focus-guards cache-miss
693 http fetch GET 200 https://registry.npmjs.org/@radix-ui%2freact-use-layout-effect 213ms (cache hit)
694 silly packumentCache full:https://registry.npmjs.org/@radix-ui%2freact-use-layout-effect set size:213388 disposed:false
695 silly fetch manifest @radix-ui/react-dismissable-layer@1.1.5
696 silly packumentCache full:https://registry.npmjs.org/@radix-ui%2freact-dismissable-layer cache-miss
697 http fetch GET 200 https://registry.npmjs.org/@radix-ui%2freact-use-callback-ref 120ms (cache hit)
698 silly packumentCache full:https://registry.npmjs.org/@radix-ui%2freact-use-callback-ref set size:212985 disposed:false
699 silly fetch manifest @radix-ui/react-menu@2.1.6
700 silly packumentCache full:https://registry.npmjs.org/@radix-ui%2freact-menu cache-miss
701 http fetch GET 200 https://registry.npmjs.org/@radix-ui%2freact-presence 501ms (cache miss)
702 silly packumentCache full:https://registry.npmjs.org/@radix-ui%2freact-presence set size:undefined disposed:false
703 silly fetch manifest @radix-ui/react-popper@1.2.2
704 silly packumentCache full:https://registry.npmjs.org/@radix-ui%2freact-popper cache-miss
705 http fetch GET 200 https://registry.npmjs.org/aria-hidden 137ms (cache miss)
706 silly packumentCache full:https://registry.npmjs.org/aria-hidden set size:undefined disposed:false
707 silly fetch manifest @radix-ui/react-portal@1.1.4
708 silly packumentCache full:https://registry.npmjs.org/@radix-ui%2freact-portal cache-miss
709 http fetch GET 200 https://registry.npmjs.org/react-remove-scroll 133ms (cache miss)
710 silly packumentCache full:https://registry.npmjs.org/react-remove-scroll set size:undefined disposed:false
711 silly fetch manifest @radix-ui/react-dismissable-layer@1.1.5
712 silly packumentCache full:https://registry.npmjs.org/@radix-ui%2freact-dismissable-layer cache-miss
713 http fetch GET 200 https://registry.npmjs.org/@radix-ui%2freact-presence 115ms (cache miss)
714 silly packumentCache full:https://registry.npmjs.org/@radix-ui%2freact-presence set size:undefined disposed:false
715 silly fetch manifest @radix-ui/react-menu@2.1.6
716 silly packumentCache full:https://registry.npmjs.org/@radix-ui%2freact-menu cache-miss
717 http fetch GET 200 https://registry.npmjs.org/@radix-ui%2freact-portal 144ms (cache miss)
718 silly packumentCache full:https://registry.npmjs.org/@radix-ui%2freact-portal set size:undefined disposed:false
719 silly fetch manifest @radix-ui/react-roving-focus@1.1.2
720 silly packumentCache full:https://registry.npmjs.org/@radix-ui%2freact-roving-focus cache-miss
721 http fetch GET 200 https://registry.npmjs.org/react-is 1600ms (cache miss)
722 silly packumentCache full:https://registry.npmjs.org/react-is set size:undefined disposed:false
723 silly fetch manifest @radix-ui/react-visually-hidden@1.1.2
724 silly packumentCache full:https://registry.npmjs.org/@radix-ui%2freact-visually-hidden cache-miss
725 http fetch GET 200 https://registry.npmjs.org/@radix-ui%2freact-menu 312ms (cache miss)
726 silly packumentCache full:https://registry.npmjs.org/@radix-ui%2freact-menu set size:undefined disposed:false
727 silly fetch manifest @radix-ui/react-dismissable-layer@1.1.5
728 silly packumentCache full:https://registry.npmjs.org/@radix-ui%2freact-dismissable-layer cache-miss
729 http fetch GET 200 https://registry.npmjs.org/@radix-ui%2freact-dismissable-layer 165ms (cache miss)
730 silly packumentCache full:https://registry.npmjs.org/@radix-ui%2freact-dismissable-layer set size:undefined disposed:false
731 silly fetch manifest @radix-ui/react-popper@1.2.2
732 silly packumentCache full:https://registry.npmjs.org/@radix-ui%2freact-popper cache-miss
733 http fetch GET 200 https://registry.npmjs.org/@radix-ui%2freact-portal 137ms (cache miss)
734 silly packumentCache full:https://registry.npmjs.org/@radix-ui%2freact-portal set size:undefined disposed:false
735 silly fetch manifest @radix-ui/react-focus-scope@1.1.2
736 silly packumentCache full:https://registry.npmjs.org/@radix-ui%2freact-focus-scope cache-miss
737 http fetch GET 200 https://registry.npmjs.org/@radix-ui%2freact-dismissable-layer 141ms (cache miss)
738 silly packumentCache full:https://registry.npmjs.org/@radix-ui%2freact-dismissable-layer set size:undefined disposed:false
739 silly fetch manifest @radix-ui/react-focus-guards@1.1.1
740 silly packumentCache full:https://registry.npmjs.org/@radix-ui%2freact-focus-guards cache-miss
741 http fetch GET 200 https://registry.npmjs.org/@radix-ui%2freact-popper 162ms (cache miss)
742 silly packumentCache full:https://registry.npmjs.org/@radix-ui%2freact-popper set size:undefined disposed:false
743 silly fetch manifest @radix-ui/react-roving-focus@1.1.2
744 silly packumentCache full:https://registry.npmjs.org/@radix-ui%2freact-roving-focus cache-miss
745 http fetch GET 200 https://registry.npmjs.org/@radix-ui%2freact-menu 204ms (cache miss)
746 silly packumentCache full:https://registry.npmjs.org/@radix-ui%2freact-menu set size:undefined disposed:false
747 silly fetch manifest @radix-ui/number@1.1.0
748 silly packumentCache full:https://registry.npmjs.org/@radix-ui%2fnumber cache-miss
749 http fetch GET 200 https://registry.npmjs.org/@radix-ui%2freact-menu 174ms (cache miss)
750 silly packumentCache full:https://registry.npmjs.org/@radix-ui%2freact-menu set size:undefined disposed:false
751 silly fetch manifest @radix-ui/number@1.1.0
752 silly packumentCache full:https://registry.npmjs.org/@radix-ui%2fnumber cache-miss
753 http fetch GET 200 https://registry.npmjs.org/@radix-ui%2freact-focus-guards 276ms (cache miss)
754 silly packumentCache full:https://registry.npmjs.org/@radix-ui%2freact-focus-guards set size:undefined disposed:false
755 silly fetch manifest @radix-ui/react-focus-scope@1.1.2
756 silly packumentCache full:https://registry.npmjs.org/@radix-ui%2freact-focus-scope cache-miss
757 http fetch GET 200 https://registry.npmjs.org/@radix-ui%2freact-dismissable-layer 132ms (cache miss)
758 silly packumentCache full:https://registry.npmjs.org/@radix-ui%2freact-dismissable-layer set size:undefined disposed:false
759 silly fetch manifest @radix-ui/react-visually-hidden@1.1.2
760 silly packumentCache full:https://registry.npmjs.org/@radix-ui%2freact-visually-hidden cache-miss
761 http fetch GET 200 https://registry.npmjs.org/@radix-ui%2freact-visually-hidden 152ms (cache miss)
762 silly packumentCache full:https://registry.npmjs.org/@radix-ui%2freact-visually-hidden set size:undefined disposed:false
763 silly fetch manifest @radix-ui/number@1.1.0
764 silly packumentCache full:https://registry.npmjs.org/@radix-ui%2fnumber cache-miss
765 http fetch GET 200 https://registry.npmjs.org/@radix-ui%2freact-visually-hidden 19ms (cache hit)
766 silly packumentCache full:https://registry.npmjs.org/@radix-ui%2freact-visually-hidden set size:593995 disposed:false
767 silly fetch manifest @radix-ui/react-roving-focus@1.1.2
768 silly packumentCache full:https://registry.npmjs.org/@radix-ui%2freact-roving-focus cache-miss
769 http fetch GET 200 https://registry.npmjs.org/@radix-ui%2freact-popper 121ms (cache miss)
770 silly packumentCache full:https://registry.npmjs.org/@radix-ui%2freact-popper set size:undefined disposed:false
771 silly fetch manifest @radix-ui/react-roving-focus@1.1.2
772 silly packumentCache full:https://registry.npmjs.org/@radix-ui%2freact-roving-focus cache-miss
773 http fetch GET 200 https://registry.npmjs.org/@radix-ui%2freact-focus-guards 112ms (cache miss)
774 silly packumentCache full:https://registry.npmjs.org/@radix-ui%2freact-focus-guards set size:undefined disposed:false
775 silly fetch manifest @supabase/auth-js@2.99.1
776 silly packumentCache full:https://registry.npmjs.org/@supabase%2fauth-js cache-miss
777 http fetch GET 200 https://registry.npmjs.org/@radix-ui%2fnumber 94ms (cache miss)
778 silly packumentCache full:https://registry.npmjs.org/@radix-ui%2fnumber set size:undefined disposed:false
779 silly fetch manifest @supabase/storage-js@2.99.1
780 silly packumentCache full:https://registry.npmjs.org/@supabase%2fstorage-js cache-miss
781 http fetch GET 200 https://registry.npmjs.org/@radix-ui%2fnumber 88ms (cache miss)
782 silly packumentCache full:https://registry.npmjs.org/@radix-ui%2fnumber set size:undefined disposed:false
783 silly fetch manifest @supabase/realtime-js@2.99.1
784 silly packumentCache full:https://registry.npmjs.org/@supabase%2frealtime-js cache-miss
785 http fetch GET 200 https://registry.npmjs.org/@radix-ui%2freact-roving-focus 262ms (cache miss)
786 silly packumentCache full:https://registry.npmjs.org/@radix-ui%2freact-roving-focus set size:undefined disposed:false
787 silly fetch manifest @supabase/functions-js@2.99.1
788 silly packumentCache full:https://registry.npmjs.org/@supabase%2ffunctions-js cache-miss
789 http fetch GET 200 https://registry.npmjs.org/@radix-ui%2fnumber 90ms (cache miss)
790 silly packumentCache full:https://registry.npmjs.org/@radix-ui%2fnumber set size:undefined disposed:false
791 silly fetch manifest @supabase/postgrest-js@2.99.1
792 silly packumentCache full:https://registry.npmjs.org/@supabase%2fpostgrest-js cache-miss
793 http fetch GET 200 https://registry.npmjs.org/@radix-ui%2freact-roving-focus 114ms (cache miss)
794 silly packumentCache full:https://registry.npmjs.org/@radix-ui%2freact-roving-focus set size:undefined disposed:false
795 silly fetch manifest @tailwindcss/node@4.1.12
796 silly packumentCache full:https://registry.npmjs.org/@tailwindcss%2fnode cache-miss
797 http fetch GET 200 https://registry.npmjs.org/@supabase%2fauth-js 105ms (cache miss)
798 silly packumentCache full:https://registry.npmjs.org/@supabase%2fauth-js set size:undefined disposed:false
799 silly fetch manifest @tailwindcss/oxide@4.1.12
800 silly packumentCache full:https://registry.npmjs.org/@tailwindcss%2foxide cache-miss
801 http fetch GET 200 https://registry.npmjs.org/@supabase%2fstorage-js 125ms (cache miss)
802 silly packumentCache full:https://registry.npmjs.org/@supabase%2fstorage-js set size:undefined disposed:false
803 silly fetch manifest fdir@^6.4.4
804 silly packumentCache full:https://registry.npmjs.org/fdir cache-miss
805 http fetch GET 200 https://registry.npmjs.org/@radix-ui%2freact-roving-focus 169ms (cache miss)
806 silly packumentCache full:https://registry.npmjs.org/@radix-ui%2freact-roving-focus set size:undefined disposed:false
807 silly fetch manifest rollup@^4.34.9
808 silly packumentCache full:https://registry.npmjs.org/rollup cache-miss
809 http fetch GET 200 https://registry.npmjs.org/@radix-ui%2freact-roving-focus 275ms (cache miss)
810 silly packumentCache full:https://registry.npmjs.org/@radix-ui%2freact-roving-focus set size:undefined disposed:false
811 silly fetch manifest esbuild@^0.25.0
812 silly packumentCache full:https://registry.npmjs.org/esbuild cache-miss
813 http fetch GET 200 https://registry.npmjs.org/@supabase%2ffunctions-js 148ms (cache miss)
814 silly packumentCache full:https://registry.npmjs.org/@supabase%2ffunctions-js set size:undefined disposed:false
815 silly fetch manifest postcss@^8.5.3
816 silly packumentCache full:https://registry.npmjs.org/postcss cache-miss
817 http fetch GET 200 https://registry.npmjs.org/@supabase%2frealtime-js 164ms (cache miss)
818 silly packumentCache full:https://registry.npmjs.org/@supabase%2frealtime-js set size:undefined disposed:false
819 silly fetch manifest picomatch@^4.0.2
820 silly packumentCache full:https://registry.npmjs.org/picomatch cache-miss
821 http fetch GET 200 https://registry.npmjs.org/postcss 41ms (cache hit)
822 silly packumentCache full:https://registry.npmjs.org/postcss set size:702266 disposed:false
823 silly fetch manifest tinyglobby@^0.2.13
824 silly packumentCache full:https://registry.npmjs.org/tinyglobby cache-miss
825 http fetch GET 200 https://registry.npmjs.org/@supabase%2fpostgrest-js 188ms (cache miss)
826 silly packumentCache full:https://registry.npmjs.org/@supabase%2fpostgrest-js set size:undefined disposed:false
827 silly fetch manifest fsevents@~2.3.3
828 silly packumentCache full:https://registry.npmjs.org/fsevents cache-miss
829 http fetch GET 200 https://registry.npmjs.org/fdir 105ms (cache miss)
830 silly packumentCache full:https://registry.npmjs.org/fdir set size:undefined disposed:false
831 silly fetch manifest @tanstack/query-core@5.90.20
832 silly packumentCache full:https://registry.npmjs.org/@tanstack%2fquery-core cache-miss
833 http fetch GET 200 https://registry.npmjs.org/@tailwindcss%2fnode 194ms (cache miss)
834 silly packumentCache full:https://registry.npmjs.org/@tailwindcss%2fnode set size:undefined disposed:false
835 silly fetch manifest @babel/core@^7.28.0
836 silly packumentCache full:https://registry.npmjs.org/@babel%2fcore cache-miss
837 http fetch GET 200 https://registry.npmjs.org/picomatch 113ms (cache miss)
838 silly packumentCache full:https://registry.npmjs.org/picomatch set size:undefined disposed:false
839 silly fetch manifest react-refresh@^0.17.0
840 silly packumentCache full:https://registry.npmjs.org/react-refresh cache-miss
841 http fetch GET 200 https://registry.npmjs.org/tinyglobby 89ms (cache miss)
842 silly packumentCache full:https://registry.npmjs.org/tinyglobby set size:undefined disposed:false
843 silly fetch manifest @types/babel__core@^7.20.5
844 silly packumentCache full:https://registry.npmjs.org/@types%2fbabel__core cache-miss
845 http fetch GET 200 https://registry.npmjs.org/esbuild 153ms (cache miss)
846 silly packumentCache full:https://registry.npmjs.org/esbuild set size:undefined disposed:false
847 silly fetch manifest @rolldown/pluginutils@1.0.0-beta.27
848 silly packumentCache full:https://registry.npmjs.org/@rolldown%2fpluginutils cache-miss
849 http fetch GET 200 https://registry.npmjs.org/@radix-ui%2freact-focus-scope 475ms (cache miss)
850 silly packumentCache full:https://registry.npmjs.org/@radix-ui%2freact-focus-scope set size:undefined disposed:false
851 silly fetch manifest @babel/plugin-transform-react-jsx-self@^7.27.1
852 silly packumentCache full:https://registry.npmjs.org/@babel%2fplugin-transform-react-jsx-self cache-miss
853 http fetch GET 200 https://registry.npmjs.org/fsevents 108ms (cache miss)
854 silly packumentCache full:https://registry.npmjs.org/fsevents set size:undefined disposed:false
855 silly fetch manifest @babel/plugin-transform-react-jsx-source@^7.27.1
856 silly packumentCache full:https://registry.npmjs.org/@babel%2fplugin-transform-react-jsx-source cache-miss
857 http fetch GET 200 https://registry.npmjs.org/@radix-ui%2freact-focus-scope 733ms (cache miss)
858 silly packumentCache full:https://registry.npmjs.org/@radix-ui%2freact-focus-scope set size:undefined disposed:false
859 silly fetch manifest @radix-ui/react-id@^1.1.0
860 silly packumentCache full:https://registry.npmjs.org/@radix-ui%2freact-id cache-miss
861 http fetch GET 200 https://registry.npmjs.org/@radix-ui%2freact-id 21ms (cache hit)
862 silly packumentCache full:https://registry.npmjs.org/@radix-ui%2freact-id set size:325405 disposed:false
863 silly fetch manifest @radix-ui/react-primitive@^2.0.2
864 silly packumentCache full:https://registry.npmjs.org/@radix-ui%2freact-primitive cache-miss
865 http fetch GET 200 https://registry.npmjs.org/@types%2fbabel__core 93ms (cache miss)
866 silly packumentCache full:https://registry.npmjs.org/@types%2fbabel__core set size:undefined disposed:false
867 silly fetch manifest @radix-ui/react-compose-refs@^1.1.1
868 silly packumentCache full:https://registry.npmjs.org/@radix-ui%2freact-compose-refs cache-miss
869 http fetch GET 200 https://registry.npmjs.org/@tanstack%2fquery-core 165ms (cache miss)
870 silly packumentCache full:https://registry.npmjs.org/@tanstack%2fquery-core set size:undefined disposed:false
871 silly fetch manifest embla-carousel@8.6.0
872 silly packumentCache full:https://registry.npmjs.org/embla-carousel cache-miss
873 http fetch GET 200 https://registry.npmjs.org/@babel%2fcore 130ms (cache miss)
874 silly packumentCache full:https://registry.npmjs.org/@babel%2fcore set size:undefined disposed:false
875 silly fetch manifest embla-carousel-reactive-utils@8.6.0
876 silly packumentCache full:https://registry.npmjs.org/embla-carousel-reactive-utils cache-miss
877 http fetch GET 200 https://registry.npmjs.org/@radix-ui%2freact-primitive 46ms (cache hit)
878 silly packumentCache full:https://registry.npmjs.org/@radix-ui%2freact-primitive set size:595809 disposed:false
879 silly fetch manifest css-line-break@^2.1.0
880 silly packumentCache full:https://registry.npmjs.org/css-line-break cache-miss
881 http fetch GET 200 https://registry.npmjs.org/@radix-ui%2freact-compose-refs 43ms (cache hit)
882 silly packumentCache full:https://registry.npmjs.org/@radix-ui%2freact-compose-refs set size:219425 disposed:false
883 silly fetch manifest text-segmentation@^1.0.3
884 silly packumentCache full:https://registry.npmjs.org/text-segmentation cache-miss
885 http fetch GET 200 https://registry.npmjs.org/@babel%2fplugin-transform-react-jsx-source 111ms (cache miss)
886 silly packumentCache full:https://registry.npmjs.org/@babel%2fplugin-transform-react-jsx-source set size:undefined disposed:false
887 silly fetch manifest tslib@^2.4.0
888 silly packumentCache full:https://registry.npmjs.org/tslib cache-miss
889 http fetch GET 200 https://registry.npmjs.org/@rolldown%2fpluginutils 135ms (cache miss)
890 silly packumentCache full:https://registry.npmjs.org/@rolldown%2fpluginutils set size:undefined disposed:false
891 silly fetch manifest framer-motion@^12.23.24
892 silly packumentCache full:https://registry.npmjs.org/framer-motion cache-miss
893 http fetch GET 200 https://registry.npmjs.org/@babel%2fplugin-transform-react-jsx-self 125ms (cache miss)
894 silly packumentCache full:https://registry.npmjs.org/@babel%2fplugin-transform-react-jsx-self set size:undefined disposed:false
895 silly fetch manifest lodash-es@^4.17.21
896 silly packumentCache full:https://registry.npmjs.org/lodash-es cache-miss
897 http fetch GET 200 https://registry.npmjs.org/@tailwindcss%2foxide 371ms (cache miss)
898 silly packumentCache full:https://registry.npmjs.org/@tailwindcss%2foxide set size:undefined disposed:false
899 silly fetch manifest parchment@^3.0.0
900 silly packumentCache full:https://registry.npmjs.org/parchment cache-miss
901 http fetch GET 200 https://registry.npmjs.org/tslib 60ms (cache hit)
902 silly packumentCache full:https://registry.npmjs.org/tslib set size:108760 disposed:false
903 silly fetch manifest quill-delta@^5.1.0
904 silly packumentCache full:https://registry.npmjs.org/quill-delta cache-miss
905 http fetch GET 200 https://registry.npmjs.org/@radix-ui%2freact-focus-scope 598ms (cache miss)
906 silly packumentCache full:https://registry.npmjs.org/@radix-ui%2freact-focus-scope set size:undefined disposed:false
907 silly fetch manifest eventemitter3@^5.0.1
908 silly packumentCache full:https://registry.npmjs.org/eventemitter3 cache-miss
909 http fetch GET 200 https://registry.npmjs.org/css-line-break 102ms (cache miss)
910 silly packumentCache full:https://registry.npmjs.org/css-line-break set size:undefined disposed:false
911 silly fetch manifest @react-dnd/invariant@^4.0.1
912 silly packumentCache full:https://registry.npmjs.org/@react-dnd%2finvariant cache-miss
913 http fetch GET 200 https://registry.npmjs.org/text-segmentation 96ms (cache miss)
914 silly packumentCache full:https://registry.npmjs.org/text-segmentation set size:undefined disposed:false
915 silly fetch manifest @react-dnd/shallowequal@^4.0.1
916 silly packumentCache full:https://registry.npmjs.org/@react-dnd%2fshallowequal cache-miss
917 http fetch GET 200 https://registry.npmjs.org/embla-carousel-reactive-utils 125ms (cache miss)
918 silly packumentCache full:https://registry.npmjs.org/embla-carousel-reactive-utils set size:undefined disposed:false
919 silly fetch manifest dnd-core@^16.0.1
920 silly packumentCache full:https://registry.npmjs.org/dnd-core cache-miss
921 http fetch GET 200 https://registry.npmjs.org/lodash-es 95ms (cache miss)
922 silly packumentCache full:https://registry.npmjs.org/lodash-es set size:undefined disposed:false
923 silly fetch manifest fast-deep-equal@^3.1.3
924 silly packumentCache full:https://registry.npmjs.org/fast-deep-equal cache-miss
925 http fetch GET 200 https://registry.npmjs.org/embla-carousel 169ms (cache miss)
926 silly packumentCache full:https://registry.npmjs.org/embla-carousel set size:undefined disposed:false
927 silly fetch manifest hoist-non-react-statics@^3.3.2
928 silly packumentCache full:https://registry.npmjs.org/hoist-non-react-statics cache-miss
929 http fetch GET 200 https://registry.npmjs.org/parchment 94ms (cache miss)
930 silly packumentCache full:https://registry.npmjs.org/parchment set size:undefined disposed:false
931 silly fetch manifest dnd-core@^16.0.1
932 silly packumentCache full:https://registry.npmjs.org/dnd-core cache-miss
933 http fetch GET 200 https://registry.npmjs.org/hoist-non-react-statics 18ms (cache hit)
934 silly packumentCache full:https://registry.npmjs.org/hoist-non-react-statics set size:97044 disposed:false
935 silly fetch manifest invariant@^2.2.4
936 silly packumentCache full:https://registry.npmjs.org/invariant cache-miss
937 http fetch GET 200 https://registry.npmjs.org/quill-delta 84ms (cache miss)
938 silly packumentCache full:https://registry.npmjs.org/quill-delta set size:undefined disposed:false
939 silly fetch manifest shallowequal@^1.1.0
940 silly packumentCache full:https://registry.npmjs.org/shallowequal cache-miss
941 http fetch GET 200 https://registry.npmjs.org/eventemitter3 85ms (cache miss)
942 silly packumentCache full:https://registry.npmjs.org/eventemitter3 set size:undefined disposed:false
943 silly fetch manifest react-fast-compare@^3.2.2
944 silly packumentCache full:https://registry.npmjs.org/react-fast-compare cache-miss
945 http fetch GET 200 https://registry.npmjs.org/@react-dnd%2finvariant 87ms (cache miss)
946 silly packumentCache full:https://registry.npmjs.org/@react-dnd%2finvariant set size:undefined disposed:false
947 silly fetch manifest @types/hast@^3.0.0
948 silly packumentCache full:https://registry.npmjs.org/@types%2fhast cache-miss
949 http fetch GET 200 https://registry.npmjs.org/@react-dnd%2fshallowequal 88ms (cache miss)
950 silly packumentCache full:https://registry.npmjs.org/@react-dnd%2fshallowequal set size:undefined disposed:false
951 silly fetch manifest @types/mdast@^4.0.0
952 silly packumentCache full:https://registry.npmjs.org/@types%2fmdast cache-miss
953 http fetch GET 200 https://registry.npmjs.org/fast-deep-equal 76ms (cache miss)
954 silly packumentCache full:https://registry.npmjs.org/fast-deep-equal set size:undefined disposed:false
955 silly fetch manifest devlop@^1.0.0
956 silly packumentCache full:https://registry.npmjs.org/devlop cache-miss
957 http fetch GET 200 https://registry.npmjs.org/dnd-core 97ms (cache miss)
958 silly packumentCache full:https://registry.npmjs.org/dnd-core set size:undefined disposed:false
959 silly fetch manifest hast-util-to-jsx-runtime@^2.0.0
960 silly packumentCache full:https://registry.npmjs.org/hast-util-to-jsx-runtime cache-miss
961 http fetch GET 200 https://registry.npmjs.org/rollup 503ms (cache miss)
962 silly packumentCache full:https://registry.npmjs.org/rollup set size:undefined disposed:false
963 silly fetch manifest html-url-attributes@^3.0.0
964 silly packumentCache full:https://registry.npmjs.org/html-url-attributes cache-miss
965 http fetch GET 200 https://registry.npmjs.org/@types%2fhast 105ms (cache miss)
966 silly packumentCache full:https://registry.npmjs.org/@types%2fhast set size:undefined disposed:false
967 silly fetch manifest mdast-util-to-hast@^13.0.0
968 silly packumentCache full:https://registry.npmjs.org/mdast-util-to-hast cache-miss
969 http fetch GET 200 https://registry.npmjs.org/invariant 136ms (cache miss)
970 silly packumentCache full:https://registry.npmjs.org/invariant set size:undefined disposed:false
971 silly fetch manifest remark-parse@^11.0.0
972 silly packumentCache full:https://registry.npmjs.org/remark-parse cache-miss
973 http fetch GET 200 https://registry.npmjs.org/shallowequal 133ms (cache miss)
974 silly packumentCache full:https://registry.npmjs.org/shallowequal set size:undefined disposed:false
975 silly fetch manifest remark-rehype@^11.0.0
976 silly packumentCache full:https://registry.npmjs.org/remark-rehype cache-miss
977 http fetch GET 200 https://registry.npmjs.org/devlop 100ms (cache miss)
978 silly packumentCache full:https://registry.npmjs.org/devlop set size:undefined disposed:false
979 silly fetch manifest unified@^11.0.0
980 silly packumentCache full:https://registry.npmjs.org/unified cache-miss
981 http fetch GET 200 https://registry.npmjs.org/@types%2fmdast 114ms (cache miss)
982 silly packumentCache full:https://registry.npmjs.org/@types%2fmdast set size:undefined disposed:false
983 silly fetch manifest unist-util-visit@^5.0.0
984 silly packumentCache full:https://registry.npmjs.org/unist-util-visit cache-miss
985 http fetch GET 200 https://registry.npmjs.org/react-fast-compare 139ms (cache miss)
986 silly packumentCache full:https://registry.npmjs.org/react-fast-compare set size:undefined disposed:false
987 silly fetch manifest vfile@^6.0.0
988 silly packumentCache full:https://registry.npmjs.org/vfile cache-miss
989 http fetch GET 200 https://registry.npmjs.org/dnd-core 168ms (cache miss)
990 silly packumentCache full:https://registry.npmjs.org/dnd-core set size:undefined disposed:false
991 silly fetch manifest csstype@^3.2.2
992 silly packumentCache full:https://registry.npmjs.org/csstype cache-miss
993 http fetch GET 200 https://registry.npmjs.org/hast-util-to-jsx-runtime 166ms (cache miss)
994 silly packumentCache full:https://registry.npmjs.org/hast-util-to-jsx-runtime set size:undefined disposed:false
995 silly fetch manifest page-flip@latest
996 silly packumentCache full:https://registry.npmjs.org/page-flip cache-miss
997 http fetch GET 200 https://registry.npmjs.org/csstype 60ms (cache hit)
998 silly packumentCache full:https://registry.npmjs.org/csstype set size:274189 disposed:false
999 silly fetch manifest react-fast-compare@^3.0.1
1000 silly packumentCache full:https://registry.npmjs.org/react-fast-compare cache-miss
1001 http fetch GET 200 https://registry.npmjs.org/html-url-attributes 140ms (cache miss)
1002 silly packumentCache full:https://registry.npmjs.org/html-url-attributes set size:undefined disposed:false
1003 silly fetch manifest warning@^4.0.2
1004 silly packumentCache full:https://registry.npmjs.org/warning cache-miss
1005 http fetch GET 200 https://registry.npmjs.org/react-fast-compare 45ms (cache hit)
1006 silly packumentCache full:https://registry.npmjs.org/react-fast-compare set size:94506 disposed:false
1007 silly fetch manifest @types/quill@^1.3.10
1008 silly packumentCache full:https://registry.npmjs.org/@types%2fquill cache-miss
1009 http fetch GET 200 https://registry.npmjs.org/remark-parse 158ms (cache miss)
1010 silly packumentCache full:https://registry.npmjs.org/remark-parse set size:undefined disposed:false
1011 silly fetch manifest lodash@^4.17.4
1012 silly packumentCache full:https://registry.npmjs.org/lodash cache-miss
1013 http fetch GET 200 https://registry.npmjs.org/remark-rehype 163ms (cache miss)
1014 silly packumentCache full:https://registry.npmjs.org/remark-rehype set size:undefined disposed:false
1015 silly fetch manifest quill@^1.3.7
1016 silly packumentCache full:https://registry.npmjs.org/quill cache-miss
1017 http fetch GET 200 https://registry.npmjs.org/unist-util-visit 168ms (cache miss)
1018 silly packumentCache full:https://registry.npmjs.org/unist-util-visit set size:undefined disposed:false
1019 silly fetch manifest cookie@^1.0.1
1020 silly packumentCache full:https://registry.npmjs.org/cookie cache-miss
1021 http fetch GET 200 https://registry.npmjs.org/mdast-util-to-hast 188ms (cache miss)
1022 silly packumentCache full:https://registry.npmjs.org/mdast-util-to-hast set size:undefined disposed:false
1023 silly fetch manifest set-cookie-parser@^2.6.0
1024 silly packumentCache full:https://registry.npmjs.org/set-cookie-parser cache-miss
1025 http fetch GET 200 https://registry.npmjs.org/vfile 181ms (cache miss)
1026 silly packumentCache full:https://registry.npmjs.org/vfile set size:undefined disposed:false
1027 silly fetch manifest classnames@^2.2.5
1028 silly packumentCache full:https://registry.npmjs.org/classnames cache-miss
1029 http fetch GET 200 https://registry.npmjs.org/unified 224ms (cache miss)
1030 silly packumentCache full:https://registry.npmjs.org/unified set size:undefined disposed:false
1031 silly fetch manifest json2mq@^0.2.0
1032 silly packumentCache full:https://registry.npmjs.org/json2mq cache-miss
1033 http fetch GET 200 https://registry.npmjs.org/quill 84ms (cache hit)
1034 silly packumentCache full:https://registry.npmjs.org/quill set size:312602 disposed:false
1035 silly fetch manifest lodash.debounce@^4.0.8
1036 silly packumentCache full:https://registry.npmjs.org/lodash.debounce cache-miss
1037 http fetch GET 200 https://registry.npmjs.org/warning 163ms (cache miss)
1038 silly packumentCache full:https://registry.npmjs.org/warning set size:undefined disposed:false
1039 silly fetch manifest resize-observer-polyfill@^1.5.0
1040 silly packumentCache full:https://registry.npmjs.org/resize-observer-polyfill cache-miss
1041 http fetch GET 200 https://registry.npmjs.org/@types%2fquill 162ms (cache miss)
1042 silly packumentCache full:https://registry.npmjs.org/@types%2fquill set size:undefined disposed:false
1043 silly fetch manifest lodash@^4.17.21
1044 silly packumentCache full:https://registry.npmjs.org/lodash cache-miss
1045 http fetch GET 200 https://registry.npmjs.org/set-cookie-parser 143ms (cache miss)
1046 silly packumentCache full:https://registry.npmjs.org/set-cookie-parser set size:undefined disposed:false
1047 silly fetch manifest react-is@^18.3.1
1048 silly packumentCache full:https://registry.npmjs.org/react-is cache-miss
1049 http fetch GET 200 https://registry.npmjs.org/cookie 162ms (cache miss)
1050 silly packumentCache full:https://registry.npmjs.org/cookie set size:undefined disposed:false
1051 silly fetch manifest react-smooth@^4.0.4
1052 silly packumentCache full:https://registry.npmjs.org/react-smooth cache-miss
1053 http fetch GET 200 https://registry.npmjs.org/classnames 144ms (cache miss)
1054 silly packumentCache full:https://registry.npmjs.org/classnames set size:undefined disposed:false
1055 silly fetch manifest eventemitter3@^4.0.1
1056 silly packumentCache full:https://registry.npmjs.org/eventemitter3 cache-miss
1057 http fetch GET 200 https://registry.npmjs.org/page-flip 278ms (cache miss)
1058 silly packumentCache full:https://registry.npmjs.org/page-flip set size:undefined disposed:false
1059 silly fetch manifest recharts-scale@^0.4.4
1060 silly packumentCache full:https://registry.npmjs.org/recharts-scale cache-miss
1061 http fetch GET 200 https://registry.npmjs.org/json2mq 129ms (cache miss)
1062 silly packumentCache full:https://registry.npmjs.org/json2mq set size:undefined disposed:false
1063 silly fetch manifest tiny-invariant@^1.3.1
1064 silly packumentCache full:https://registry.npmjs.org/tiny-invariant cache-miss
1065 http fetch GET 200 https://registry.npmjs.org/lodash 212ms (cache miss)
1066 silly packumentCache full:https://registry.npmjs.org/lodash set size:undefined disposed:false
1067 silly fetch manifest victory-vendor@^36.6.8
1068 silly packumentCache full:https://registry.npmjs.org/victory-vendor cache-miss
1069 http fetch GET 200 https://registry.npmjs.org/react-refresh 842ms (cache miss)
1070 silly packumentCache full:https://registry.npmjs.org/react-refresh set size:undefined disposed:false
1071 http fetch GET 200 https://registry.npmjs.org/react-is 251ms (cache hit)
1072 silly packumentCache full:https://registry.npmjs.org/react-is set size:5297550 disposed:false
1073 http fetch GET 200 https://registry.npmjs.org/lodash.debounce 435ms (cache miss)
1074 silly packumentCache full:https://registry.npmjs.org/lodash.debounce set size:undefined disposed:false
1075 http fetch GET 200 https://registry.npmjs.org/resize-observer-polyfill 434ms (cache miss)
1076 silly packumentCache full:https://registry.npmjs.org/resize-observer-polyfill set size:undefined disposed:false
1077 http fetch GET 200 https://registry.npmjs.org/eventemitter3 352ms (cache hit)
1078 silly packumentCache full:https://registry.npmjs.org/eventemitter3 set size:92292 disposed:false
1079 http fetch GET 200 https://registry.npmjs.org/lodash 415ms (cache miss)
1080 silly packumentCache full:https://registry.npmjs.org/lodash set size:undefined disposed:false
1081 http fetch GET 200 https://registry.npmjs.org/recharts-scale 387ms (cache miss)
1082 silly packumentCache full:https://registry.npmjs.org/recharts-scale set size:undefined disposed:false
1083 http fetch GET 200 https://registry.npmjs.org/tiny-invariant 387ms (cache miss)
1084 silly packumentCache full:https://registry.npmjs.org/tiny-invariant set size:undefined disposed:false
1085 http fetch GET 200 https://registry.npmjs.org/react-smooth 413ms (cache miss)
1086 silly packumentCache full:https://registry.npmjs.org/react-smooth set size:undefined disposed:false
1087 http fetch GET 200 https://registry.npmjs.org/victory-vendor 389ms (cache miss)
1088 silly packumentCache full:https://registry.npmjs.org/victory-vendor set size:undefined disposed:false
1089 http fetch GET 200 https://registry.npmjs.org/framer-motion 1152ms (cache miss)
1090 silly packumentCache full:https://registry.npmjs.org/framer-motion set size:undefined disposed:false
1091 silly fetch manifest react@>=16.8.0
1092 silly packumentCache full:https://registry.npmjs.org/react cache-miss
1093 http fetch GET 200 https://registry.npmjs.org/react 56ms (cache hit)
1094 silly packumentCache full:https://registry.npmjs.org/react set size:6543561 disposed:false
1095 silly placeDep ROOT @dnd-kit/accessibility@3.1.1 OK for: @dnd-kit/core@6.3.1 want: ^3.1.1
1096 silly placeDep ROOT tslib@2.8.1 OK for: @dnd-kit/core@6.3.1 want: ^2.0.0
1097 silly placeDep ROOT @babel/runtime@7.28.6 OK for: @emotion/react@11.14.0 want: ^7.18.3
1098 silly placeDep ROOT @emotion/babel-plugin@11.13.5 OK for: @emotion/react@11.14.0 want: ^11.13.5
1099 silly placeDep ROOT @emotion/cache@11.14.0 OK for: @emotion/react@11.14.0 want: ^11.14.0
1100 silly placeDep ROOT @emotion/serialize@1.3.3 OK for: @emotion/react@11.14.0 want: ^1.3.3
1101 silly placeDep ROOT @emotion/use-insertion-effect-with-fallbacks@1.2.0 OK for: @emotion/react@11.14.0 want: ^1.2.0
1102 silly placeDep ROOT @emotion/utils@1.4.2 OK for: @emotion/react@11.14.0 want: ^1.4.2
1103 silly placeDep ROOT @emotion/weak-memoize@0.4.0 OK for: @emotion/react@11.14.0 want: ^0.4.0
1104 silly placeDep ROOT hoist-non-react-statics@3.3.2 OK for: @emotion/react@11.14.0 want: ^3.3.1
1105 silly fetch manifest @babel/helper-module-imports@^7.16.7
1106 silly packumentCache full:https://registry.npmjs.org/@babel%2fhelper-module-imports cache-miss
1107 silly fetch manifest @emotion/hash@^0.9.2
1108 silly packumentCache full:https://registry.npmjs.org/@emotion%2fhash cache-miss
1109 silly fetch manifest @emotion/memoize@^0.9.0
1110 silly packumentCache full:https://registry.npmjs.org/@emotion%2fmemoize cache-miss
1111 silly fetch manifest babel-plugin-macros@^3.1.0
1112 silly packumentCache full:https://registry.npmjs.org/babel-plugin-macros cache-miss
1113 silly fetch manifest convert-source-map@^1.5.0
1114 silly packumentCache full:https://registry.npmjs.org/convert-source-map cache-miss
1115 silly fetch manifest escape-string-regexp@^4.0.0
1116 silly packumentCache full:https://registry.npmjs.org/escape-string-regexp cache-miss
1117 silly fetch manifest find-root@^1.1.0
1118 silly packumentCache full:https://registry.npmjs.org/find-root cache-miss
1119 silly fetch manifest source-map@^0.5.7
1120 silly packumentCache full:https://registry.npmjs.org/source-map cache-miss
1121 silly fetch manifest stylis@4.2.0
1122 silly packumentCache full:https://registry.npmjs.org/stylis cache-miss
1123 silly fetch manifest @emotion/memoize@^0.9.0
1124 silly packumentCache full:https://registry.npmjs.org/@emotion%2fmemoize cache-miss
1125 silly fetch manifest @emotion/sheet@^1.4.0
1126 silly packumentCache full:https://registry.npmjs.org/@emotion%2fsheet cache-miss
1127 http fetch GET 200 https://registry.npmjs.org/escape-string-regexp 123ms (cache miss)
1128 silly packumentCache full:https://registry.npmjs.org/escape-string-regexp set size:undefined disposed:false
1129 silly fetch manifest stylis@4.2.0
1130 silly packumentCache full:https://registry.npmjs.org/stylis cache-miss
1131 http fetch GET 200 https://registry.npmjs.org/convert-source-map 133ms (cache miss)
1132 silly packumentCache full:https://registry.npmjs.org/convert-source-map set size:undefined disposed:false
1133 silly fetch manifest @emotion/hash@^0.9.2
1134 silly packumentCache full:https://registry.npmjs.org/@emotion%2fhash cache-miss
1135 http fetch GET 200 https://registry.npmjs.org/find-root 138ms (cache miss)
1136 silly packumentCache full:https://registry.npmjs.org/find-root set size:undefined disposed:false
1137 silly fetch manifest @emotion/memoize@^0.9.0
1138 silly packumentCache full:https://registry.npmjs.org/@emotion%2fmemoize cache-miss
1139 http fetch GET 200 https://registry.npmjs.org/@emotion%2fhash 152ms (cache miss)
1140 silly packumentCache full:https://registry.npmjs.org/@emotion%2fhash set size:undefined disposed:false
1141 silly fetch manifest @emotion/unitless@^0.10.0
1142 silly packumentCache full:https://registry.npmjs.org/@emotion%2funitless cache-miss
1143 http fetch GET 200 https://registry.npmjs.org/babel-plugin-macros 154ms (cache miss)
1144 silly packumentCache full:https://registry.npmjs.org/babel-plugin-macros set size:undefined disposed:false
1145 silly fetch manifest csstype@^3.0.2
1146 silly packumentCache full:https://registry.npmjs.org/csstype cache-hit
1147 silly fetch manifest react-is@^16.7.0
1148 silly packumentCache full:https://registry.npmjs.org/react-is cache-miss
1149 http fetch GET 200 https://registry.npmjs.org/@emotion%2fsheet 158ms (cache miss)
1150 silly packumentCache full:https://registry.npmjs.org/@emotion%2fsheet set size:undefined disposed:false
1151 http fetch GET 200 https://registry.npmjs.org/@emotion%2fmemoize 173ms (cache miss)
1152 silly packumentCache full:https://registry.npmjs.org/@emotion%2fmemoize set size:undefined disposed:false
1153 http fetch GET 200 https://registry.npmjs.org/@emotion%2fmemoize 171ms (cache miss)
1154 silly packumentCache full:https://registry.npmjs.org/@emotion%2fmemoize set size:undefined disposed:false
1155 http fetch GET 200 https://registry.npmjs.org/source-map 175ms (cache miss)
1156 silly packumentCache full:https://registry.npmjs.org/source-map set size:undefined disposed:false
1157 http fetch GET 200 https://registry.npmjs.org/@babel%2fhelper-module-imports 191ms (cache miss)
1158 silly packumentCache full:https://registry.npmjs.org/@babel%2fhelper-module-imports set size:undefined disposed:false
1159 http fetch GET 200 https://registry.npmjs.org/stylis 200ms (cache miss)
1160 silly packumentCache full:https://registry.npmjs.org/stylis set size:undefined disposed:false
1161 http fetch GET 200 https://registry.npmjs.org/react-is 75ms (cache hit)
1162 silly packumentCache full:https://registry.npmjs.org/react-is set size:5297550 disposed:false
1163 http fetch GET 200 https://registry.npmjs.org/@emotion%2fhash 150ms (cache miss)
1164 silly packumentCache full:https://registry.npmjs.org/@emotion%2fhash set size:undefined disposed:false
1165 http fetch GET 200 https://registry.npmjs.org/stylis 159ms (cache miss)
1166 silly packumentCache full:https://registry.npmjs.org/stylis set size:undefined disposed:false
1167 http fetch GET 200 https://registry.npmjs.org/@emotion%2fmemoize 148ms (cache miss)
1168 silly packumentCache full:https://registry.npmjs.org/@emotion%2fmemoize set size:undefined disposed:false
1169 http fetch GET 200 https://registry.npmjs.org/@emotion%2funitless 142ms (cache miss)
1170 silly packumentCache full:https://registry.npmjs.org/@emotion%2funitless set size:undefined disposed:false
1171 silly placeDep ROOT @babel/helper-module-imports@7.28.6 OK for: @emotion/babel-plugin@11.13.5 want: ^7.16.7
1172 silly placeDep ROOT @emotion/hash@0.9.2 OK for: @emotion/babel-plugin@11.13.5 want: ^0.9.2
1173 silly placeDep ROOT @emotion/memoize@0.9.0 OK for: @emotion/babel-plugin@11.13.5 want: ^0.9.0
1174 silly placeDep ROOT babel-plugin-macros@3.1.0 OK for: @emotion/babel-plugin@11.13.5 want: ^3.1.0
1175 silly placeDep ROOT convert-source-map@1.9.0 OK for: @emotion/babel-plugin@11.13.5 want: ^1.5.0
1176 silly placeDep ROOT escape-string-regexp@4.0.0 OK for: @emotion/babel-plugin@11.13.5 want: ^4.0.0
1177 silly placeDep ROOT find-root@1.1.0 OK for: @emotion/babel-plugin@11.13.5 want: ^1.1.0
1178 silly placeDep ROOT source-map@0.5.7 OK for: @emotion/babel-plugin@11.13.5 want: ^0.5.7
1179 silly placeDep ROOT stylis@4.2.0 OK for: @emotion/babel-plugin@11.13.5 want: 4.2.0
1180 silly fetch manifest @babel/types@^7.28.6
1181 silly packumentCache full:https://registry.npmjs.org/@babel%2ftypes cache-miss
1182 silly fetch manifest @babel/traverse@^7.28.6
1183 silly packumentCache full:https://registry.npmjs.org/@babel%2ftraverse cache-miss
1184 silly fetch manifest cosmiconfig@^7.0.0
1185 silly packumentCache full:https://registry.npmjs.org/cosmiconfig cache-miss
1186 silly fetch manifest resolve@^1.19.0
1187 silly packumentCache full:https://registry.npmjs.org/resolve cache-miss
1188 http fetch GET 200 https://registry.npmjs.org/cosmiconfig 71ms (cache miss)
1189 silly packumentCache full:https://registry.npmjs.org/cosmiconfig set size:undefined disposed:false
1190 http fetch GET 200 https://registry.npmjs.org/resolve 80ms (cache miss)
1191 silly packumentCache full:https://registry.npmjs.org/resolve set size:undefined disposed:false
1192 http fetch GET 200 https://registry.npmjs.org/@babel%2ftypes 88ms (cache miss)
1193 silly packumentCache full:https://registry.npmjs.org/@babel%2ftypes set size:undefined disposed:false
1194 http fetch GET 200 https://registry.npmjs.org/@babel%2ftraverse 101ms (cache miss)
1195 silly packumentCache full:https://registry.npmjs.org/@babel%2ftraverse set size:undefined disposed:false
1196 silly placeDep ROOT @babel/traverse@7.29.0 OK for: @babel/helper-module-imports@7.28.6 want: ^7.28.6
1197 silly placeDep ROOT @babel/types@7.29.0 OK for: @babel/helper-module-imports@7.28.6 want: ^7.28.6
1198 silly fetch manifest debug@^4.3.1
1199 silly packumentCache full:https://registry.npmjs.org/debug cache-miss
1200 silly fetch manifest @babel/types@^7.29.0
1201 silly packumentCache full:https://registry.npmjs.org/@babel%2ftypes cache-miss
1202 silly fetch manifest @babel/parser@^7.29.0
1203 silly packumentCache full:https://registry.npmjs.org/@babel%2fparser cache-miss
1204 silly fetch manifest @babel/template@^7.28.6
1205 silly packumentCache full:https://registry.npmjs.org/@babel%2ftemplate cache-miss
1206 silly fetch manifest @babel/generator@^7.29.0
1207 silly packumentCache full:https://registry.npmjs.org/@babel%2fgenerator cache-miss
1208 silly fetch manifest @babel/code-frame@^7.29.0
1209 silly packumentCache full:https://registry.npmjs.org/@babel%2fcode-frame cache-miss
1210 silly fetch manifest @babel/helper-globals@^7.28.0
1211 silly packumentCache full:https://registry.npmjs.org/@babel%2fhelper-globals cache-miss
1212 silly fetch manifest @babel/helper-string-parser@^7.27.1
1213 silly packumentCache full:https://registry.npmjs.org/@babel%2fhelper-string-parser cache-miss
1214 silly fetch manifest @babel/helper-validator-identifier@^7.28.5
1215 silly packumentCache full:https://registry.npmjs.org/@babel%2fhelper-validator-identifier cache-miss
1216 http fetch GET 200 https://registry.npmjs.org/@babel%2ftypes 16ms (cache hit)
1217 silly packumentCache full:https://registry.npmjs.org/@babel%2ftypes set size:485839 disposed:false
1218 http fetch GET 200 https://registry.npmjs.org/debug 61ms (cache miss)
1219 silly packumentCache full:https://registry.npmjs.org/debug set size:undefined disposed:false
1220 http fetch GET 200 https://registry.npmjs.org/@babel%2fhelper-string-parser 81ms (cache miss)
1221 silly packumentCache full:https://registry.npmjs.org/@babel%2fhelper-string-parser set size:undefined disposed:false
1222 http fetch GET 200 https://registry.npmjs.org/@babel%2fhelper-validator-identifier 83ms (cache miss)
1223 silly packumentCache full:https://registry.npmjs.org/@babel%2fhelper-validator-identifier set size:undefined disposed:false
1224 http fetch GET 200 https://registry.npmjs.org/@babel%2fcode-frame 86ms (cache miss)
1225 silly packumentCache full:https://registry.npmjs.org/@babel%2fcode-frame set size:undefined disposed:false
1226 http fetch GET 200 https://registry.npmjs.org/@babel%2ftemplate 88ms (cache miss)
1227 silly packumentCache full:https://registry.npmjs.org/@babel%2ftemplate set size:undefined disposed:false
1228 http fetch GET 200 https://registry.npmjs.org/@babel%2fgenerator 94ms (cache miss)
1229 silly packumentCache full:https://registry.npmjs.org/@babel%2fgenerator set size:undefined disposed:false
1230 http fetch GET 200 https://registry.npmjs.org/@babel%2fparser 114ms (cache miss)
1231 silly packumentCache full:https://registry.npmjs.org/@babel%2fparser set size:undefined disposed:false
1232 http fetch GET 200 https://registry.npmjs.org/@babel%2fhelper-globals 380ms (cache miss)
1233 silly packumentCache full:https://registry.npmjs.org/@babel%2fhelper-globals set size:undefined disposed:false
1234 silly placeDep ROOT @babel/code-frame@7.29.0 OK for: @babel/traverse@7.29.0 want: ^7.29.0
1235 silly placeDep ROOT @babel/generator@7.29.1 OK for: @babel/traverse@7.29.0 want: ^7.29.0
1236 silly placeDep ROOT @babel/helper-globals@7.28.0 OK for: @babel/traverse@7.29.0 want: ^7.28.0
1237 silly placeDep ROOT @babel/parser@7.29.0 OK for: @babel/traverse@7.29.0 want: ^7.29.0
1238 silly placeDep ROOT @babel/template@7.28.6 OK for: @babel/traverse@7.29.0 want: ^7.28.6
1239 silly placeDep ROOT debug@4.4.3 OK for: @babel/traverse@7.29.0 want: ^4.3.1
1240 silly fetch manifest js-tokens@^4.0.0
1241 silly packumentCache full:https://registry.npmjs.org/js-tokens cache-miss
1242 silly fetch manifest picocolors@^1.1.1
1243 silly packumentCache full:https://registry.npmjs.org/picocolors cache-miss
1244 silly fetch manifest jsesc@^3.0.2
1245 silly packumentCache full:https://registry.npmjs.org/jsesc cache-miss
1246 silly fetch manifest @jridgewell/gen-mapping@^0.3.12
1247 silly packumentCache full:https://registry.npmjs.org/@jridgewell%2fgen-mapping cache-miss
1248 silly fetch manifest @jridgewell/trace-mapping@^0.3.28
1249 silly packumentCache full:https://registry.npmjs.org/@jridgewell%2ftrace-mapping cache-miss
1250 silly fetch manifest ms@^2.1.3
1251 silly packumentCache full:https://registry.npmjs.org/ms cache-miss
1252 http fetch GET 200 https://registry.npmjs.org/js-tokens 62ms (cache miss)
1253 silly packumentCache full:https://registry.npmjs.org/js-tokens set size:undefined disposed:false
1254 http fetch GET 200 https://registry.npmjs.org/picocolors 67ms (cache miss)
1255 silly packumentCache full:https://registry.npmjs.org/picocolors set size:undefined disposed:false
1256 http fetch GET 200 https://registry.npmjs.org/jsesc 72ms (cache miss)
1257 silly packumentCache full:https://registry.npmjs.org/jsesc set size:undefined disposed:false
1258 http fetch GET 200 https://registry.npmjs.org/ms 74ms (cache miss)
1259 silly packumentCache full:https://registry.npmjs.org/ms set size:undefined disposed:false
1260 http fetch GET 200 https://registry.npmjs.org/@jridgewell%2ftrace-mapping 83ms (cache miss)
1261 silly packumentCache full:https://registry.npmjs.org/@jridgewell%2ftrace-mapping set size:undefined disposed:false
1262 http fetch GET 200 https://registry.npmjs.org/@jridgewell%2fgen-mapping 91ms (cache miss)
1263 silly packumentCache full:https://registry.npmjs.org/@jridgewell%2fgen-mapping set size:undefined disposed:false
1264 silly placeDep ROOT @babel/helper-validator-identifier@7.28.5 OK for: @babel/code-frame@7.29.0 want: ^7.28.5
1265 silly placeDep ROOT js-tokens@4.0.0 OK for: @babel/code-frame@7.29.0 want: ^4.0.0
1266 silly placeDep ROOT picocolors@1.1.1 OK for: @babel/code-frame@7.29.0 want: ^1.1.1
1267 silly placeDep ROOT @jridgewell/gen-mapping@0.3.13 OK for: @babel/generator@7.29.1 want: ^0.3.12
1268 silly placeDep ROOT @jridgewell/trace-mapping@0.3.31 OK for: @babel/generator@7.29.1 want: ^0.3.28
1269 silly placeDep ROOT jsesc@3.1.0 OK for: @babel/generator@7.29.1 want: ^3.0.2
1270 silly fetch manifest @jridgewell/sourcemap-codec@^1.5.0
1271 silly packumentCache full:https://registry.npmjs.org/@jridgewell%2fsourcemap-codec cache-miss
1272 silly fetch manifest @jridgewell/trace-mapping@^0.3.24
1273 silly packumentCache full:https://registry.npmjs.org/@jridgewell%2ftrace-mapping cache-miss
1274 silly fetch manifest @jridgewell/resolve-uri@^3.1.0
1275 silly packumentCache full:https://registry.npmjs.org/@jridgewell%2fresolve-uri cache-miss
1276 silly fetch manifest @jridgewell/sourcemap-codec@^1.4.14
1277 silly packumentCache full:https://registry.npmjs.org/@jridgewell%2fsourcemap-codec cache-miss
1278 http fetch GET 200 https://registry.npmjs.org/@jridgewell%2ftrace-mapping 9ms (cache hit)
1279 silly packumentCache full:https://registry.npmjs.org/@jridgewell%2ftrace-mapping set size:170909 disposed:false
1280 http fetch GET 200 https://registry.npmjs.org/@jridgewell%2fresolve-uri 74ms (cache miss)
1281 silly packumentCache full:https://registry.npmjs.org/@jridgewell%2fresolve-uri set size:undefined disposed:false
1282 http fetch GET 200 https://registry.npmjs.org/@jridgewell%2fsourcemap-codec 76ms (cache miss)
1283 silly packumentCache full:https://registry.npmjs.org/@jridgewell%2fsourcemap-codec set size:undefined disposed:false
1284 http fetch GET 200 https://registry.npmjs.org/@jridgewell%2fsourcemap-codec 78ms (cache miss)
1285 silly packumentCache full:https://registry.npmjs.org/@jridgewell%2fsourcemap-codec set size:undefined disposed:false
1286 silly placeDep ROOT @babel/helper-string-parser@7.27.1 OK for: @babel/types@7.29.0 want: ^7.27.1
1287 silly placeDep ROOT @emotion/sheet@1.4.0 OK for: @emotion/cache@11.14.0 want: ^1.4.0
1288 silly placeDep ROOT @emotion/unitless@0.10.0 OK for: @emotion/serialize@1.3.3 want: ^0.10.0
1289 silly placeDep ROOT csstype@3.2.3 OK for: @emotion/serialize@1.3.3 want: ^3.0.2
1290 silly placeDep ROOT @emotion/is-prop-valid@1.4.0 OK for: @emotion/styled@11.14.1 want: ^1.3.0
1291 silly placeDep ROOT @jridgewell/sourcemap-codec@1.5.5 OK for: @jridgewell/gen-mapping@0.3.13 want: ^1.5.0
1292 silly placeDep ROOT @jridgewell/resolve-uri@3.1.2 OK for: @jridgewell/trace-mapping@0.3.31 want: ^3.1.0
1293 silly fetch manifest react@^17.0.0 || ^18.0.0 || ^19.0.0
1294 silly packumentCache full:https://registry.npmjs.org/react cache-miss
1295 http fetch GET 200 https://registry.npmjs.org/react 22ms (cache hit)
1296 silly packumentCache full:https://registry.npmjs.org/react set size:6543561 disposed:false
1297 silly fetch manifest @emotion/react@^11.5.0
1298 silly packumentCache full:https://registry.npmjs.org/@emotion%2freact cache-miss
1299 http fetch GET 200 https://registry.npmjs.org/@emotion%2freact 8ms (cache hit)
1300 silly packumentCache full:https://registry.npmjs.org/@emotion%2freact set size:196548 disposed:false
1301 silly fetch manifest @emotion/styled@^11.3.0
1302 silly packumentCache full:https://registry.npmjs.org/@emotion%2fstyled cache-miss
1303 http fetch GET 200 https://registry.npmjs.org/@emotion%2fstyled 7ms (cache hit)
1304 silly packumentCache full:https://registry.npmjs.org/@emotion%2fstyled set size:286397 disposed:false
1305 silly fetch manifest react-dom@^17.0.0 || ^18.0.0 || ^19.0.0
1306 silly packumentCache full:https://registry.npmjs.org/react-dom cache-miss
1307 http fetch GET 200 https://registry.npmjs.org/react-dom 25ms (cache hit)
1308 silly packumentCache full:https://registry.npmjs.org/react-dom set size:8685222 disposed:false
1309 silly placeDep ROOT @mui/core-downloads-tracker@7.3.9 OK for: @mui/material@7.3.5 want: ^7.3.5
1310 silly placeDep ROOT @mui/system@7.3.9 OK for: @mui/material@7.3.5 want: ^7.3.5
1311 silly placeDep ROOT @mui/types@7.4.12 OK for: @mui/material@7.3.5 want: ^7.4.8
1312 silly placeDep ROOT @mui/utils@7.3.9 OK for: @mui/material@7.3.5 want: ^7.3.5
1313 silly placeDep ROOT @types/react-transition-group@4.4.12 OK for: @mui/material@7.3.5 want: ^4.4.12
1314 silly placeDep ROOT prop-types@15.8.1 OK for: @mui/material@7.3.5 want: ^15.8.1
1315 silly placeDep ROOT react-is@19.2.4 OK for: @mui/material@7.3.5 want: ^19.2.0
1316 silly placeDep ROOT react-transition-group@4.4.5 OK for: @mui/material@7.3.5 want: ^4.4.5
1317 silly fetch manifest @mui/types@^7.4.12
1318 silly packumentCache full:https://registry.npmjs.org/@mui%2ftypes cache-miss
1319 silly fetch manifest @mui/utils@^7.3.9
1320 silly packumentCache full:https://registry.npmjs.org/@mui%2futils cache-miss
1321 silly fetch manifest @mui/styled-engine@^7.3.9
1322 silly packumentCache full:https://registry.npmjs.org/@mui%2fstyled-engine cache-miss
1323 silly fetch manifest @mui/private-theming@^7.3.9
1324 silly packumentCache full:https://registry.npmjs.org/@mui%2fprivate-theming cache-miss
1325 silly fetch manifest react-is@^19.2.3
1326 silly packumentCache full:https://registry.npmjs.org/react-is cache-miss
1327 silly fetch manifest @types/prop-types@^15.7.15
1328 silly packumentCache full:https://registry.npmjs.org/@types%2fprop-types cache-miss
1329 silly fetch manifest loose-envify@^1.4.0
1330 silly packumentCache full:https://registry.npmjs.org/loose-envify cache-miss
1331 silly fetch manifest object-assign@^4.1.1
1332 silly packumentCache full:https://registry.npmjs.org/object-assign cache-miss
1333 silly fetch manifest react-is@^16.13.1
1334 silly packumentCache full:https://registry.npmjs.org/react-is cache-miss
1335 silly fetch manifest dom-helpers@^5.0.1
1336 silly packumentCache full:https://registry.npmjs.org/dom-helpers cache-miss
1337 silly fetch manifest loose-envify@^1.4.0
1338 silly packumentCache full:https://registry.npmjs.org/loose-envify cache-miss
1339 http fetch GET 200 https://registry.npmjs.org/loose-envify 16ms (cache hit)
1340 silly packumentCache full:https://registry.npmjs.org/loose-envify set size:12559 disposed:false
1341 http fetch GET 200 https://registry.npmjs.org/@mui%2futils 20ms (cache hit)
1342 silly packumentCache full:https://registry.npmjs.org/@mui%2futils set size:492974 disposed:false
1343 http fetch GET 200 https://registry.npmjs.org/loose-envify 21ms (cache hit)
1344 silly packumentCache full:https://registry.npmjs.org/loose-envify set size:12559 disposed:false
1345 silly packumentCache full:https://registry.npmjs.org/loose-envify dispose
1346 http fetch GET 200 https://registry.npmjs.org/@mui%2ftypes 27ms (cache hit)
1347 silly packumentCache full:https://registry.npmjs.org/@mui%2ftypes set size:141107 disposed:false
1348 http fetch GET 200 https://registry.npmjs.org/react-is 37ms (cache hit)
1349 silly packumentCache full:https://registry.npmjs.org/react-is set size:5297550 disposed:false
1350 http fetch GET 200 https://registry.npmjs.org/react-is 76ms (cache hit)
1351 silly packumentCache full:https://registry.npmjs.org/react-is set size:5297550 disposed:false
1352 http fetch GET 200 https://registry.npmjs.org/dom-helpers 125ms (cache miss)
1353 silly packumentCache full:https://registry.npmjs.org/dom-helpers set size:undefined disposed:false
1354 http fetch GET 200 https://registry.npmjs.org/object-assign 132ms (cache miss)
1355 silly packumentCache full:https://registry.npmjs.org/object-assign set size:undefined disposed:false
1356 http fetch GET 200 https://registry.npmjs.org/@types%2fprop-types 134ms (cache miss)
1357 silly packumentCache full:https://registry.npmjs.org/@types%2fprop-types set size:undefined disposed:false
1358 http fetch GET 200 https://registry.npmjs.org/@mui%2fstyled-engine 141ms (cache miss)
1359 silly packumentCache full:https://registry.npmjs.org/@mui%2fstyled-engine set size:undefined disposed:false
1360 http fetch GET 200 https://registry.npmjs.org/@mui%2fprivate-theming 145ms (cache miss)
1361 silly packumentCache full:https://registry.npmjs.org/@mui%2fprivate-theming set size:undefined disposed:false
1362 silly placeDep ROOT @mui/private-theming@7.3.9 OK for: @mui/system@7.3.9 want: ^7.3.9
1363 silly placeDep ROOT @mui/styled-engine@7.3.9 OK for: @mui/system@7.3.9 want: ^7.3.9
1364 silly placeDep ROOT @types/prop-types@15.7.15 OK for: @mui/utils@7.3.9 want: ^15.7.15
1365 silly fetch manifest react@^16.8 || ^17.0 || ^18.0 || ^19.0 || ^19.0.0-rc
1366 silly packumentCache full:https://registry.npmjs.org/react cache-miss
1367 http fetch GET 200 https://registry.npmjs.org/react 24ms (cache hit)
1368 silly packumentCache full:https://registry.npmjs.org/react set size:6543561 disposed:false
1369 silly fetch manifest react-dom@^16.8 || ^17.0 || ^18.0 || ^19.0 || ^19.0.0-rc
1370 silly packumentCache full:https://registry.npmjs.org/react-dom cache-miss
1371 http fetch GET 200 https://registry.npmjs.org/react-dom 28ms (cache hit)
1372 silly packumentCache full:https://registry.npmjs.org/react-dom set size:8685222 disposed:false
1373 silly placeDep ROOT @radix-ui/primitive@1.1.1 OK for: @radix-ui/react-accordion@1.2.3 want: 1.1.1
1374 silly placeDep ROOT @radix-ui/react-collection@1.1.2 OK for: @radix-ui/react-accordion@1.2.3 want: 1.1.2
1375 silly placeDep ROOT @radix-ui/react-compose-refs@1.1.1 OK for: @radix-ui/react-accordion@1.2.3 want: 1.1.1
1376 silly placeDep ROOT @radix-ui/react-context@1.1.1 OK for: @radix-ui/react-accordion@1.2.3 want: 1.1.1
1377 silly placeDep ROOT @radix-ui/react-direction@1.1.0 OK for: @radix-ui/react-accordion@1.2.3 want: 1.1.0
1378 silly placeDep ROOT @radix-ui/react-id@1.1.0 OK for: @radix-ui/react-accordion@1.2.3 want: 1.1.0
1379 silly placeDep ROOT @radix-ui/react-primitive@2.0.2 OK for: @radix-ui/react-accordion@1.2.3 want: 2.0.2
1380 silly placeDep ROOT @radix-ui/react-use-controllable-state@1.1.0 OK for: @radix-ui/react-accordion@1.2.3 want: 1.1.0
1381 silly placeDep ROOT @radix-ui/react-use-callback-ref@1.1.0 OK for: @radix-ui/react-avatar@1.1.3 want: 1.1.0
1382 silly placeDep ROOT @radix-ui/react-use-layout-effect@1.1.0 OK for: @radix-ui/react-avatar@1.1.3 want: 1.1.0
1383 silly placeDep ROOT @radix-ui/react-presence@1.1.2 OK for: @radix-ui/react-checkbox@1.1.4 want: 1.1.2
1384 silly placeDep ROOT @radix-ui/react-use-previous@1.1.0 OK for: @radix-ui/react-checkbox@1.1.4 want: 1.1.0
1385 silly placeDep ROOT @radix-ui/react-use-size@1.1.0 OK for: @radix-ui/react-checkbox@1.1.4 want: 1.1.0
1386 silly placeDep ROOT @radix-ui/react-menu@2.1.6 OK for: @radix-ui/react-context-menu@2.2.6 want: 2.1.6
1387 silly placeDep ROOT @radix-ui/react-dismissable-layer@1.1.5 OK for: @radix-ui/react-dialog@1.1.6 want: 1.1.5
1388 silly placeDep ROOT @radix-ui/react-focus-guards@1.1.1 OK for: @radix-ui/react-dialog@1.1.6 want: 1.1.1
1389 silly placeDep ROOT @radix-ui/react-focus-scope@1.1.2 OK for: @radix-ui/react-dialog@1.1.6 want: 1.1.2
1390 silly placeDep ROOT @radix-ui/react-portal@1.1.4 OK for: @radix-ui/react-dialog@1.1.6 want: 1.1.4
1391 silly placeDep ROOT aria-hidden@1.2.6 OK for: @radix-ui/react-dialog@1.1.6 want: ^1.2.4
1392 silly placeDep ROOT react-remove-scroll@2.7.2 OK for: @radix-ui/react-dialog@1.1.6 want: ^2.6.3
1393 silly fetch manifest @radix-ui/react-use-escape-keydown@1.1.0
1394 silly packumentCache full:https://registry.npmjs.org/@radix-ui%2freact-use-escape-keydown cache-miss
1395 silly fetch manifest react-remove-scroll-bar@^2.3.7
1396 silly packumentCache full:https://registry.npmjs.org/react-remove-scroll-bar cache-miss
1397 silly fetch manifest react-style-singleton@^2.2.3
1398 silly packumentCache full:https://registry.npmjs.org/react-style-singleton cache-miss
1399 silly fetch manifest use-callback-ref@^1.3.3
1400 silly packumentCache full:https://registry.npmjs.org/use-callback-ref cache-miss
1401 silly fetch manifest use-sidecar@^1.1.3
1402 silly packumentCache full:https://registry.npmjs.org/use-sidecar cache-miss
1403 http fetch GET 200 https://registry.npmjs.org/react-remove-scroll-bar 62ms (cache miss)
1404 silly packumentCache full:https://registry.npmjs.org/react-remove-scroll-bar set size:undefined disposed:false
1405 http fetch GET 200 https://registry.npmjs.org/react-style-singleton 66ms (cache miss)
1406 silly packumentCache full:https://registry.npmjs.org/react-style-singleton set size:undefined disposed:false
1407 http fetch GET 200 https://registry.npmjs.org/use-sidecar 76ms (cache miss)
1408 silly packumentCache full:https://registry.npmjs.org/use-sidecar set size:undefined disposed:false
1409 http fetch GET 200 https://registry.npmjs.org/use-callback-ref 78ms (cache miss)
1410 silly packumentCache full:https://registry.npmjs.org/use-callback-ref set size:undefined disposed:false
1411 http fetch GET 200 https://registry.npmjs.org/@radix-ui%2freact-use-escape-keydown 89ms (cache miss)
1412 silly packumentCache full:https://registry.npmjs.org/@radix-ui%2freact-use-escape-keydown set size:undefined disposed:false
1413 silly placeDep ROOT @radix-ui/react-use-escape-keydown@1.1.0 OK for: @radix-ui/react-dismissable-layer@1.1.5 want: 1.1.0
1414 silly placeDep ROOT @radix-ui/react-popper@1.2.2 OK for: @radix-ui/react-hover-card@1.1.6 want: 1.2.2
1415 silly fetch manifest @radix-ui/rect@1.1.0
1416 silly packumentCache full:https://registry.npmjs.org/@radix-ui%2frect cache-miss
1417 silly fetch manifest @radix-ui/react-arrow@1.1.2
1418 silly packumentCache full:https://registry.npmjs.org/@radix-ui%2freact-arrow cache-miss
1419 silly fetch manifest @floating-ui/react-dom@^2.0.0
1420 silly packumentCache full:https://registry.npmjs.org/@floating-ui%2freact-dom cache-miss
1421 silly fetch manifest @radix-ui/react-use-rect@1.1.0
1422 silly packumentCache full:https://registry.npmjs.org/@radix-ui%2freact-use-rect cache-miss
1423 http fetch GET 200 https://registry.npmjs.org/@floating-ui%2freact-dom 75ms (cache miss)
1424 silly packumentCache full:https://registry.npmjs.org/@floating-ui%2freact-dom set size:undefined disposed:false
1425 http fetch GET 200 https://registry.npmjs.org/@radix-ui%2frect 80ms (cache miss)
1426 silly packumentCache full:https://registry.npmjs.org/@radix-ui%2frect set size:undefined disposed:false
1427 http fetch GET 200 https://registry.npmjs.org/@radix-ui%2freact-use-rect 90ms (cache miss)
1428 silly packumentCache full:https://registry.npmjs.org/@radix-ui%2freact-use-rect set size:undefined disposed:false
1429 http fetch GET 200 https://registry.npmjs.org/@radix-ui%2freact-arrow 99ms (cache miss)
1430 silly packumentCache full:https://registry.npmjs.org/@radix-ui%2freact-arrow set size:undefined disposed:false
1431 silly placeDep ROOT @radix-ui/react-roving-focus@1.1.2 OK for: @radix-ui/react-menu@2.1.6 want: 1.1.2
1432 silly placeDep ROOT @radix-ui/react-visually-hidden@1.1.2 OK for: @radix-ui/react-navigation-menu@1.2.5 want: 1.1.2
1433 silly placeDep ROOT @floating-ui/react-dom@2.1.8 OK for: @radix-ui/react-popper@1.2.2 want: ^2.0.0
1434 silly placeDep ROOT @radix-ui/react-arrow@1.1.2 OK for: @radix-ui/react-popper@1.2.2 want: 1.1.2
1435 silly placeDep ROOT @radix-ui/react-use-rect@1.1.0 OK for: @radix-ui/react-popper@1.2.2 want: 1.1.0
1436 silly placeDep ROOT @radix-ui/rect@1.1.0 OK for: @radix-ui/react-popper@1.2.2 want: 1.1.0
1437 silly fetch manifest @floating-ui/dom@^1.7.6
1438 silly packumentCache full:https://registry.npmjs.org/@floating-ui%2fdom cache-miss
1439 http fetch GET 200 https://registry.npmjs.org/@floating-ui%2fdom 80ms (cache miss)
1440 silly packumentCache full:https://registry.npmjs.org/@floating-ui%2fdom set size:undefined disposed:false
1441 silly placeDep ROOT @floating-ui/dom@1.7.6 OK for: @floating-ui/react-dom@2.1.8 want: ^1.7.6
1442 silly fetch manifest @floating-ui/core@^1.7.5
1443 silly packumentCache full:https://registry.npmjs.org/@floating-ui%2fcore cache-miss
1444 silly fetch manifest @floating-ui/utils@^0.2.11
1445 silly packumentCache full:https://registry.npmjs.org/@floating-ui%2futils cache-miss
1446 http fetch GET 200 https://registry.npmjs.org/@floating-ui%2futils 71ms (cache miss)
1447 silly packumentCache full:https://registry.npmjs.org/@floating-ui%2futils set size:undefined disposed:false
1448 http fetch GET 200 https://registry.npmjs.org/@floating-ui%2fcore 82ms (cache miss)
1449 silly packumentCache full:https://registry.npmjs.org/@floating-ui%2fcore set size:undefined disposed:false
1450 silly placeDep ROOT @floating-ui/core@1.7.5 OK for: @floating-ui/dom@1.7.6 want: ^1.7.5
1451 silly placeDep ROOT @floating-ui/utils@0.2.11 OK for: @floating-ui/dom@1.7.6 want: ^0.2.11
1452 silly placeDep ROOT @radix-ui/number@1.1.0 OK for: @radix-ui/react-scroll-area@1.2.3 want: 1.1.0
1453 silly placeDep ROOT @supabase/auth-js@2.99.1 OK for: @supabase/supabase-js@2.99.1 want: 2.99.1
1454 silly placeDep ROOT @supabase/functions-js@2.99.1 OK for: @supabase/supabase-js@2.99.1 want: 2.99.1
1455 silly placeDep ROOT @supabase/postgrest-js@2.99.1 OK for: @supabase/supabase-js@2.99.1 want: 2.99.1
1456 silly placeDep ROOT @supabase/realtime-js@2.99.1 OK for: @supabase/supabase-js@2.99.1 want: 2.99.1
1457 silly placeDep ROOT @supabase/storage-js@2.99.1 OK for: @supabase/supabase-js@2.99.1 want: 2.99.1
1458 silly fetch manifest ws@^8.18.2
1459 silly packumentCache full:https://registry.npmjs.org/ws cache-miss
1460 silly fetch manifest @types/ws@^8.18.1
1461 silly packumentCache full:https://registry.npmjs.org/@types%2fws cache-miss
1462 silly fetch manifest @types/phoenix@^1.6.6
1463 silly packumentCache full:https://registry.npmjs.org/@types%2fphoenix cache-miss
1464 silly fetch manifest iceberg-js@^0.8.1
1465 silly packumentCache full:https://registry.npmjs.org/iceberg-js cache-miss
1466 http fetch GET 200 https://registry.npmjs.org/iceberg-js 74ms (cache miss)
1467 silly packumentCache full:https://registry.npmjs.org/iceberg-js set size:undefined disposed:false
1468 http fetch GET 200 https://registry.npmjs.org/@types%2fphoenix 77ms (cache miss)
1469 silly packumentCache full:https://registry.npmjs.org/@types%2fphoenix set size:undefined disposed:false
1470 http fetch GET 200 https://registry.npmjs.org/ws 79ms (cache miss)
1471 silly packumentCache full:https://registry.npmjs.org/ws set size:undefined disposed:false
1472 http fetch GET 200 https://registry.npmjs.org/@types%2fws 87ms (cache miss)
1473 silly packumentCache full:https://registry.npmjs.org/@types%2fws set size:undefined disposed:false
1474 silly fetch manifest bufferutil@^4.0.1
1475 silly packumentCache full:https://registry.npmjs.org/bufferutil cache-miss
1476 http fetch GET 200 https://registry.npmjs.org/bufferutil 70ms (cache miss)
1477 silly packumentCache full:https://registry.npmjs.org/bufferutil set size:undefined disposed:false
1478 silly fetch manifest utf-8-validate@>=5.0.2
1479 silly packumentCache full:https://registry.npmjs.org/utf-8-validate cache-miss
1480 http fetch GET 200 https://registry.npmjs.org/utf-8-validate 69ms (cache miss)
1481 silly packumentCache full:https://registry.npmjs.org/utf-8-validate set size:undefined disposed:false
1482 silly placeDep ROOT @types/phoenix@1.6.7 OK for: @supabase/realtime-js@2.99.1 want: ^1.6.6
1483 silly placeDep ROOT @types/ws@8.18.1 OK for: @supabase/realtime-js@2.99.1 want: ^8.18.1
1484 silly placeDep ROOT ws@8.19.0 OK for: @supabase/realtime-js@2.99.1 want: ^8.18.2
1485 silly fetch manifest @types/node@*
1486 silly packumentCache full:https://registry.npmjs.org/@types%2fnode cache-miss
1487 http fetch GET 200 https://registry.npmjs.org/@types%2fnode 30ms (cache hit)
1488 silly packumentCache full:https://registry.npmjs.org/@types%2fnode set size:10939971 disposed:false
1489 silly placeDep ROOT iceberg-js@0.8.1 OK for: @supabase/storage-js@2.99.1 want: ^0.8.1
1490 silly placeDep ROOT @tailwindcss/node@4.1.12 OK for: @tailwindcss/vite@4.1.12 want: 4.1.12
1491 silly placeDep ROOT @tailwindcss/oxide@4.1.12 OK for: @tailwindcss/vite@4.1.12 want: 4.1.12
1492 silly fetch manifest jiti@^2.5.1
1493 silly packumentCache full:https://registry.npmjs.org/jiti cache-miss
1494 silly fetch manifest lightningcss@1.30.1
1495 silly packumentCache full:https://registry.npmjs.org/lightningcss cache-miss
1496 silly fetch manifest magic-string@^0.30.17
1497 silly packumentCache full:https://registry.npmjs.org/magic-string cache-miss
1498 silly fetch manifest source-map-js@^1.2.1
1499 silly packumentCache full:https://registry.npmjs.org/source-map-js cache-miss
1500 silly fetch manifest enhanced-resolve@^5.18.3
1501 silly packumentCache full:https://registry.npmjs.org/enhanced-resolve cache-miss
1502 silly fetch manifest @jridgewell/remapping@^2.3.4
1503 silly packumentCache full:https://registry.npmjs.org/@jridgewell%2fremapping cache-miss
1504 silly fetch manifest tar@^7.4.3
1505 silly packumentCache full:https://registry.npmjs.org/tar cache-miss
1506 silly fetch manifest detect-libc@^2.0.4
1507 silly packumentCache full:https://registry.npmjs.org/detect-libc cache-miss
1508 silly fetch manifest @tailwindcss/oxide-darwin-x64@4.1.12
1509 silly packumentCache full:https://registry.npmjs.org/@tailwindcss%2foxide-darwin-x64 cache-miss
1510 silly fetch manifest @tailwindcss/oxide-freebsd-x64@4.1.12
1511 silly packumentCache full:https://registry.npmjs.org/@tailwindcss%2foxide-freebsd-x64 cache-miss
1512 silly fetch manifest @tailwindcss/oxide-wasm32-wasi@4.1.12
1513 silly packumentCache full:https://registry.npmjs.org/@tailwindcss%2foxide-wasm32-wasi cache-miss
1514 http fetch GET 200 https://registry.npmjs.org/jiti 18ms (cache hit)
1515 silly packumentCache full:https://registry.npmjs.org/jiti set size:382310 disposed:false
1516 silly fetch manifest @tailwindcss/oxide-darwin-arm64@4.1.12
1517 silly packumentCache full:https://registry.npmjs.org/@tailwindcss%2foxide-darwin-arm64 cache-miss
1518 http fetch GET 200 https://registry.npmjs.org/lightningcss 23ms (cache hit)
1519 silly packumentCache full:https://registry.npmjs.org/lightningcss set size:186753 disposed:false
1520 silly fetch manifest @tailwindcss/oxide-android-arm64@4.1.12
1521 silly packumentCache full:https://registry.npmjs.org/@tailwindcss%2foxide-android-arm64 cache-miss
1522 http fetch GET 200 https://registry.npmjs.org/source-map-js 91ms (cache miss)
1523 silly packumentCache full:https://registry.npmjs.org/source-map-js set size:undefined disposed:false
1524 silly fetch manifest @tailwindcss/oxide-linux-x64-gnu@4.1.12
1525 silly packumentCache full:https://registry.npmjs.org/@tailwindcss%2foxide-linux-x64-gnu cache-miss
1526 http fetch GET 200 https://registry.npmjs.org/@jridgewell%2fremapping 136ms (cache miss)
1527 silly packumentCache full:https://registry.npmjs.org/@jridgewell%2fremapping set size:undefined disposed:false
1528 silly fetch manifest @tailwindcss/oxide-linux-x64-musl@4.1.12
1529 silly packumentCache full:https://registry.npmjs.org/@tailwindcss%2foxide-linux-x64-musl cache-miss
1530 http fetch GET 200 https://registry.npmjs.org/enhanced-resolve 141ms (cache miss)
1531 silly packumentCache full:https://registry.npmjs.org/enhanced-resolve set size:undefined disposed:false
1532 silly fetch manifest @tailwindcss/oxide-win32-x64-msvc@4.1.12
1533 silly packumentCache full:https://registry.npmjs.org/@tailwindcss%2foxide-win32-x64-msvc cache-miss
1534 http fetch GET 200 https://registry.npmjs.org/detect-libc 147ms (cache miss)
1535 silly packumentCache full:https://registry.npmjs.org/detect-libc set size:undefined disposed:false
1536 silly fetch manifest @tailwindcss/oxide-linux-arm64-gnu@4.1.12
1537 silly packumentCache full:https://registry.npmjs.org/@tailwindcss%2foxide-linux-arm64-gnu cache-miss
1538 http fetch GET 200 https://registry.npmjs.org/magic-string 161ms (cache miss)
1539 silly packumentCache full:https://registry.npmjs.org/magic-string set size:undefined disposed:false
1540 silly fetch manifest @tailwindcss/oxide-linux-arm64-musl@4.1.12
1541 silly packumentCache full:https://registry.npmjs.org/@tailwindcss%2foxide-linux-arm64-musl cache-miss
1542 http fetch GET 200 https://registry.npmjs.org/tar 178ms (cache miss)
1543 silly packumentCache full:https://registry.npmjs.org/tar set size:undefined disposed:false
1544 silly fetch manifest @tailwindcss/oxide-win32-arm64-msvc@4.1.12
1545 silly packumentCache full:https://registry.npmjs.org/@tailwindcss%2foxide-win32-arm64-msvc cache-miss
1546 http fetch GET 200 https://registry.npmjs.org/@tailwindcss%2foxide-wasm32-wasi 205ms (cache miss)
1547 silly packumentCache full:https://registry.npmjs.org/@tailwindcss%2foxide-wasm32-wasi set size:undefined disposed:false
1548 silly fetch manifest @tailwindcss/oxide-linux-arm-gnueabihf@4.1.12
1549 silly packumentCache full:https://registry.npmjs.org/@tailwindcss%2foxide-linux-arm-gnueabihf cache-miss
1550 http fetch GET 200 https://registry.npmjs.org/@tailwindcss%2foxide-android-arm64 220ms (cache miss)
1551 silly packumentCache full:https://registry.npmjs.org/@tailwindcss%2foxide-android-arm64 set size:undefined disposed:false
1552 http fetch GET 200 https://registry.npmjs.org/@tailwindcss%2foxide-darwin-x64 310ms (cache miss)
1553 silly packumentCache full:https://registry.npmjs.org/@tailwindcss%2foxide-darwin-x64 set size:undefined disposed:false
1554 http fetch GET 200 https://registry.npmjs.org/@tailwindcss%2foxide-freebsd-x64 324ms (cache miss)
1555 silly packumentCache full:https://registry.npmjs.org/@tailwindcss%2foxide-freebsd-x64 set size:undefined disposed:false
1556 http fetch GET 200 https://registry.npmjs.org/@tailwindcss%2foxide-darwin-arm64 324ms (cache miss)
1557 silly packumentCache full:https://registry.npmjs.org/@tailwindcss%2foxide-darwin-arm64 set size:undefined disposed:false
1558 http fetch GET 200 https://registry.npmjs.org/@tailwindcss%2foxide-linux-x64-gnu 296ms (cache miss)
1559 silly packumentCache full:https://registry.npmjs.org/@tailwindcss%2foxide-linux-x64-gnu set size:undefined disposed:false
1560 http fetch GET 200 https://registry.npmjs.org/@tailwindcss%2foxide-win32-arm64-msvc 230ms (cache miss)
1561 silly packumentCache full:https://registry.npmjs.org/@tailwindcss%2foxide-win32-arm64-msvc set size:undefined disposed:false
1562 http fetch GET 200 https://registry.npmjs.org/@tailwindcss%2foxide-linux-x64-musl 308ms (cache miss)
1563 silly packumentCache full:https://registry.npmjs.org/@tailwindcss%2foxide-linux-x64-musl set size:undefined disposed:false
1564 http fetch GET 200 https://registry.npmjs.org/@tailwindcss%2foxide-win32-x64-msvc 342ms (cache miss)
1565 silly packumentCache full:https://registry.npmjs.org/@tailwindcss%2foxide-win32-x64-msvc set size:undefined disposed:false
1566 http fetch GET 200 https://registry.npmjs.org/@tailwindcss%2foxide-linux-arm64-gnu 394ms (cache miss)
1567 silly packumentCache full:https://registry.npmjs.org/@tailwindcss%2foxide-linux-arm64-gnu set size:undefined disposed:false
1568 http fetch GET 200 https://registry.npmjs.org/@tailwindcss%2foxide-linux-arm64-musl 415ms (cache miss)
1569 silly packumentCache full:https://registry.npmjs.org/@tailwindcss%2foxide-linux-arm64-musl set size:undefined disposed:false
1570 http fetch GET 200 https://registry.npmjs.org/@tailwindcss%2foxide-linux-arm-gnueabihf 439ms (cache miss)
1571 silly packumentCache full:https://registry.npmjs.org/@tailwindcss%2foxide-linux-arm-gnueabihf set size:undefined disposed:false
1572 silly placeDep ROOT @jridgewell/remapping@2.3.5 OK for: @tailwindcss/node@4.1.12 want: ^2.3.4
1573 silly placeDep ROOT enhanced-resolve@5.20.0 OK for: @tailwindcss/node@4.1.12 want: ^5.18.3
1574 silly placeDep ROOT jiti@2.6.1 OK for: @tailwindcss/node@4.1.12 want: ^2.5.1
1575 silly placeDep ROOT lightningcss@1.30.1 OK for: @tailwindcss/node@4.1.12 want: 1.30.1
1576 silly placeDep ROOT magic-string@0.30.21 OK for: @tailwindcss/node@4.1.12 want: ^0.30.17
1577 silly placeDep ROOT source-map-js@1.2.1 OK for: @tailwindcss/node@4.1.12 want: ^1.2.1
1578 silly fetch manifest graceful-fs@^4.2.4
1579 silly packumentCache full:https://registry.npmjs.org/graceful-fs cache-miss
1580 silly fetch manifest tapable@^2.3.0
1581 silly packumentCache full:https://registry.npmjs.org/tapable cache-miss
1582 silly fetch manifest detect-libc@^2.0.3
1583 silly packumentCache full:https://registry.npmjs.org/detect-libc cache-miss
1584 silly fetch manifest lightningcss-darwin-x64@1.30.1
1585 silly packumentCache full:https://registry.npmjs.org/lightningcss-darwin-x64 cache-miss
1586 silly fetch manifest lightningcss-freebsd-x64@1.30.1
1587 silly packumentCache full:https://registry.npmjs.org/lightningcss-freebsd-x64 cache-miss
1588 silly fetch manifest lightningcss-darwin-arm64@1.30.1
1589 silly packumentCache full:https://registry.npmjs.org/lightningcss-darwin-arm64 cache-miss
1590 silly fetch manifest lightningcss-linux-x64-gnu@1.30.1
1591 silly packumentCache full:https://registry.npmjs.org/lightningcss-linux-x64-gnu cache-miss
1592 silly fetch manifest lightningcss-linux-x64-musl@1.30.1
1593 silly packumentCache full:https://registry.npmjs.org/lightningcss-linux-x64-musl cache-miss
1594 silly fetch manifest lightningcss-win32-x64-msvc@1.30.1
1595 silly packumentCache full:https://registry.npmjs.org/lightningcss-win32-x64-msvc cache-miss
1596 silly fetch manifest lightningcss-linux-arm64-gnu@1.30.1
1597 silly packumentCache full:https://registry.npmjs.org/lightningcss-linux-arm64-gnu cache-miss
1598 silly fetch manifest lightningcss-linux-arm64-musl@1.30.1
1599 silly packumentCache full:https://registry.npmjs.org/lightningcss-linux-arm64-musl cache-miss
1600 http fetch GET 200 https://registry.npmjs.org/detect-libc 39ms (cache hit)
1601 silly packumentCache full:https://registry.npmjs.org/detect-libc set size:47861 disposed:false
1602 silly fetch manifest lightningcss-win32-arm64-msvc@1.30.1
1603 silly packumentCache full:https://registry.npmjs.org/lightningcss-win32-arm64-msvc cache-miss
1604 http fetch GET 200 https://registry.npmjs.org/lightningcss-freebsd-x64 132ms (cache miss)
1605 silly packumentCache full:https://registry.npmjs.org/lightningcss-freebsd-x64 set size:undefined disposed:false
1606 silly fetch manifest lightningcss-linux-arm-gnueabihf@1.30.1
1607 silly packumentCache full:https://registry.npmjs.org/lightningcss-linux-arm-gnueabihf cache-miss
1608 http fetch GET 200 https://registry.npmjs.org/lightningcss-darwin-x64 135ms (cache miss)
1609 silly packumentCache full:https://registry.npmjs.org/lightningcss-darwin-x64 set size:undefined disposed:false
1610 http fetch GET 200 https://registry.npmjs.org/graceful-fs 140ms (cache miss)
1611 silly packumentCache full:https://registry.npmjs.org/graceful-fs set size:undefined disposed:false
1612 http fetch GET 200 https://registry.npmjs.org/lightningcss-win32-arm64-msvc 103ms (cache miss)
1613 silly packumentCache full:https://registry.npmjs.org/lightningcss-win32-arm64-msvc set size:undefined disposed:false
1614 http fetch GET 200 https://registry.npmjs.org/tapable 147ms (cache miss)
1615 silly packumentCache full:https://registry.npmjs.org/tapable set size:undefined disposed:false
1616 http fetch GET 200 https://registry.npmjs.org/lightningcss-win32-x64-msvc 147ms (cache miss)
1617 silly packumentCache full:https://registry.npmjs.org/lightningcss-win32-x64-msvc set size:undefined disposed:false
1618 http fetch GET 200 https://registry.npmjs.org/lightningcss-linux-x64-musl 152ms (cache miss)
1619 silly packumentCache full:https://registry.npmjs.org/lightningcss-linux-x64-musl set size:undefined disposed:false
1620 http fetch GET 200 https://registry.npmjs.org/lightningcss-linux-arm64-gnu 153ms (cache miss)
1621 silly packumentCache full:https://registry.npmjs.org/lightningcss-linux-arm64-gnu set size:undefined disposed:false
1622 http fetch GET 200 https://registry.npmjs.org/lightningcss-linux-x64-gnu 156ms (cache miss)
1623 silly packumentCache full:https://registry.npmjs.org/lightningcss-linux-x64-gnu set size:undefined disposed:false
1624 http fetch GET 200 https://registry.npmjs.org/lightningcss-darwin-arm64 161ms (cache miss)
1625 silly packumentCache full:https://registry.npmjs.org/lightningcss-darwin-arm64 set size:undefined disposed:false
1626 http fetch GET 200 https://registry.npmjs.org/lightningcss-linux-arm64-musl 160ms (cache miss)
1627 silly packumentCache full:https://registry.npmjs.org/lightningcss-linux-arm64-musl set size:undefined disposed:false
1628 http fetch GET 200 https://registry.npmjs.org/lightningcss-linux-arm-gnueabihf 79ms (cache miss)
1629 silly packumentCache full:https://registry.npmjs.org/lightningcss-linux-arm-gnueabihf set size:undefined disposed:false
1630 silly placeDep ROOT @tailwindcss/oxide-android-arm64@4.1.12 OK for: @tailwindcss/oxide@4.1.12 want: 4.1.12
1631 silly placeDep ROOT @tailwindcss/oxide-darwin-arm64@4.1.12 OK for: @tailwindcss/oxide@4.1.12 want: 4.1.12
1632 silly placeDep ROOT @tailwindcss/oxide-darwin-x64@4.1.12 OK for: @tailwindcss/oxide@4.1.12 want: 4.1.12
1633 silly placeDep ROOT @tailwindcss/oxide-freebsd-x64@4.1.12 OK for: @tailwindcss/oxide@4.1.12 want: 4.1.12
1634 silly placeDep ROOT @tailwindcss/oxide-linux-arm-gnueabihf@4.1.12 OK for: @tailwindcss/oxide@4.1.12 want: 4.1.12
1635 silly placeDep ROOT @tailwindcss/oxide-linux-arm64-gnu@4.1.12 OK for: @tailwindcss/oxide@4.1.12 want: 4.1.12
1636 silly placeDep ROOT @tailwindcss/oxide-linux-arm64-musl@4.1.12 OK for: @tailwindcss/oxide@4.1.12 want: 4.1.12
1637 silly placeDep ROOT @tailwindcss/oxide-linux-x64-gnu@4.1.12 OK for: @tailwindcss/oxide@4.1.12 want: 4.1.12
1638 silly placeDep ROOT @tailwindcss/oxide-linux-x64-musl@4.1.12 OK for: @tailwindcss/oxide@4.1.12 want: 4.1.12
1639 silly placeDep ROOT @tailwindcss/oxide-wasm32-wasi@4.1.12 OK for: @tailwindcss/oxide@4.1.12 want: 4.1.12
1640 silly placeDep ROOT @tailwindcss/oxide-win32-arm64-msvc@4.1.12 OK for: @tailwindcss/oxide@4.1.12 want: 4.1.12
1641 silly placeDep ROOT @tailwindcss/oxide-win32-x64-msvc@4.1.12 OK for: @tailwindcss/oxide@4.1.12 want: 4.1.12
1642 silly placeDep ROOT detect-libc@2.1.2 OK for: @tailwindcss/oxide@4.1.12 want: ^2.0.4
1643 silly placeDep ROOT tar@7.5.11 OK for: @tailwindcss/oxide@4.1.12 want: ^7.4.3
1644 silly fetch manifest @isaacs/fs-minipass@^4.0.0
1645 silly packumentCache full:https://registry.npmjs.org/@isaacs%2ffs-minipass cache-miss
1646 silly fetch manifest chownr@^3.0.0
1647 silly packumentCache full:https://registry.npmjs.org/chownr cache-miss
1648 silly fetch manifest minipass@^7.1.2
1649 silly packumentCache full:https://registry.npmjs.org/minipass cache-miss
1650 silly fetch manifest minizlib@^3.1.0
1651 silly packumentCache full:https://registry.npmjs.org/minizlib cache-miss
1652 silly fetch manifest yallist@^5.0.0
1653 silly packumentCache full:https://registry.npmjs.org/yallist cache-miss
1654 http fetch GET 200 https://registry.npmjs.org/yallist 98ms (cache miss)
1655 silly packumentCache full:https://registry.npmjs.org/yallist set size:undefined disposed:false
1656 http fetch GET 200 https://registry.npmjs.org/@isaacs%2ffs-minipass 104ms (cache miss)
1657 silly packumentCache full:https://registry.npmjs.org/@isaacs%2ffs-minipass set size:undefined disposed:false
1658 http fetch GET 200 https://registry.npmjs.org/chownr 105ms (cache miss)
1659 silly packumentCache full:https://registry.npmjs.org/chownr set size:undefined disposed:false
1660 http fetch GET 200 https://registry.npmjs.org/minizlib 105ms (cache miss)
1661 silly packumentCache full:https://registry.npmjs.org/minizlib set size:undefined disposed:false
1662 http fetch GET 200 https://registry.npmjs.org/minipass 114ms (cache miss)
1663 silly packumentCache full:https://registry.npmjs.org/minipass set size:undefined disposed:false
1664 silly placeDep ROOT @tanstack/query-core@5.90.20 OK for: @tanstack/react-query@5.90.21 want: 5.90.20
1665 silly placeDep ROOT @types/node@25.5.0 OK for: @types/ws@8.18.1 want: *
1666 silly fetch manifest undici-types@~7.18.0
1667 silly packumentCache full:https://registry.npmjs.org/undici-types cache-miss
1668 http fetch GET 200 https://registry.npmjs.org/undici-types 76ms (cache miss)
1669 silly packumentCache full:https://registry.npmjs.org/undici-types set size:undefined disposed:false
1670 silly placeDep ROOT undici-types@7.18.2 OK for: @types/node@25.5.0 want: ~7.18.0
1671 silly placeDep ROOT @babel/core@7.29.0 OK for: @vitejs/plugin-react@4.7.0 want: ^7.28.0
1672 silly placeDep ROOT @babel/plugin-transform-react-jsx-self@7.27.1 OK for: @vitejs/plugin-react@4.7.0 want: ^7.27.1
1673 silly placeDep ROOT @babel/plugin-transform-react-jsx-source@7.27.1 OK for: @vitejs/plugin-react@4.7.0 want: ^7.27.1
1674 silly placeDep ROOT @rolldown/pluginutils@1.0.0-beta.27 OK for: @vitejs/plugin-react@4.7.0 want: 1.0.0-beta.27
1675 silly placeDep ROOT @types/babel__core@7.20.5 OK for: @vitejs/plugin-react@4.7.0 want: ^7.20.5
1676 silly placeDep ROOT react-refresh@0.17.0 OK for: @vitejs/plugin-react@4.7.0 want: ^0.17.0
1677 silly fetch manifest json5@^2.2.3
1678 silly packumentCache full:https://registry.npmjs.org/json5 cache-miss
1679 silly fetch manifest semver@^6.3.1
1680 silly packumentCache full:https://registry.npmjs.org/semver cache-miss
1681 silly fetch manifest gensync@^1.0.0-beta.2
1682 silly packumentCache full:https://registry.npmjs.org/gensync cache-miss
1683 silly fetch manifest @babel/helpers@^7.28.6
1684 silly packumentCache full:https://registry.npmjs.org/@babel%2fhelpers cache-miss
1685 silly fetch manifest convert-source-map@^2.0.0
1686 silly packumentCache full:https://registry.npmjs.org/convert-source-map cache-miss
1687 silly fetch manifest @babel/helper-module-transforms@^7.28.6
1688 silly packumentCache full:https://registry.npmjs.org/@babel%2fhelper-module-transforms cache-miss
1689 silly fetch manifest @babel/helper-compilation-targets@^7.28.6
1690 silly packumentCache full:https://registry.npmjs.org/@babel%2fhelper-compilation-targets cache-miss
1691 silly fetch manifest @babel/helper-plugin-utils@^7.27.1
1692 silly packumentCache full:https://registry.npmjs.org/@babel%2fhelper-plugin-utils cache-miss
1693 silly fetch manifest @babel/helper-plugin-utils@^7.27.1
1694 silly packumentCache full:https://registry.npmjs.org/@babel%2fhelper-plugin-utils cache-miss
1695 silly fetch manifest @types/babel__template@*
1696 silly packumentCache full:https://registry.npmjs.org/@types%2fbabel__template cache-miss
1697 silly fetch manifest @types/babel__traverse@*
1698 silly packumentCache full:https://registry.npmjs.org/@types%2fbabel__traverse cache-miss
1699 http fetch GET 200 https://registry.npmjs.org/convert-source-map 38ms (cache hit)
1700 silly packumentCache full:https://registry.npmjs.org/convert-source-map set size:66997 disposed:false
1701 silly fetch manifest @types/babel__generator@*
1702 silly packumentCache full:https://registry.npmjs.org/@types%2fbabel__generator cache-miss
1703 http fetch GET 200 https://registry.npmjs.org/gensync 138ms (cache miss)
1704 silly packumentCache full:https://registry.npmjs.org/gensync set size:undefined disposed:false
1705 http fetch GET 200 https://registry.npmjs.org/json5 145ms (cache miss)
1706 silly packumentCache full:https://registry.npmjs.org/json5 set size:undefined disposed:false
1707 http fetch GET 200 https://registry.npmjs.org/@types%2fbabel__template 148ms (cache miss)
1708 silly packumentCache full:https://registry.npmjs.org/@types%2fbabel__template set size:undefined disposed:false
1709 http fetch GET 200 https://registry.npmjs.org/semver 157ms (cache miss)
1710 silly packumentCache full:https://registry.npmjs.org/semver set size:undefined disposed:false
1711 http fetch GET 200 https://registry.npmjs.org/@types%2fbabel__traverse 159ms (cache miss)
1712 silly packumentCache full:https://registry.npmjs.org/@types%2fbabel__traverse set size:undefined disposed:false
1713 http fetch GET 200 https://registry.npmjs.org/@types%2fbabel__generator 127ms (cache miss)
1714 silly packumentCache full:https://registry.npmjs.org/@types%2fbabel__generator set size:undefined disposed:false
1715 http fetch GET 200 https://registry.npmjs.org/@babel%2fhelper-plugin-utils 170ms (cache miss)
1716 silly packumentCache full:https://registry.npmjs.org/@babel%2fhelper-plugin-utils set size:undefined disposed:false
1717 http fetch GET 200 https://registry.npmjs.org/@babel%2fhelper-compilation-targets 176ms (cache miss)
1718 silly packumentCache full:https://registry.npmjs.org/@babel%2fhelper-compilation-targets set size:undefined disposed:false
1719 http fetch GET 200 https://registry.npmjs.org/@babel%2fhelper-plugin-utils 181ms (cache miss)
1720 silly packumentCache full:https://registry.npmjs.org/@babel%2fhelper-plugin-utils set size:undefined disposed:false
1721 http fetch GET 200 https://registry.npmjs.org/@babel%2fhelper-module-transforms 188ms (cache miss)
1722 silly packumentCache full:https://registry.npmjs.org/@babel%2fhelper-module-transforms set size:undefined disposed:false
1723 http fetch GET 200 https://registry.npmjs.org/@babel%2fhelpers 204ms (cache miss)
1724 silly packumentCache full:https://registry.npmjs.org/@babel%2fhelpers set size:undefined disposed:false
1725 silly fetch manifest @babel/core@^7.0.0
1726 silly packumentCache full:https://registry.npmjs.org/@babel%2fcore cache-miss
1727 http fetch GET 200 https://registry.npmjs.org/@babel%2fcore 19ms (cache hit)
1728 silly packumentCache full:https://registry.npmjs.org/@babel%2fcore set size:756140 disposed:false
1729 silly placeDep ROOT @babel/helper-compilation-targets@7.28.6 OK for: @babel/core@7.29.0 want: ^7.28.6
1730 silly placeDep ROOT @babel/helper-module-transforms@7.28.6 OK for: @babel/core@7.29.0 want: ^7.28.6
1731 silly placeDep ROOT @babel/helpers@7.28.6 OK for: @babel/core@7.29.0 want: ^7.28.6
1732 silly placeDep node_modules/@babel/core convert-source-map@2.0.0 OK for: @babel/core@7.29.0 want: ^2.0.0
1733 silly placeDep ROOT gensync@1.0.0-beta.2 OK for: @babel/core@7.29.0 want: ^1.0.0-beta.2
1734 silly placeDep ROOT json5@2.2.3 OK for: @babel/core@7.29.0 want: ^2.2.3
1735 silly placeDep ROOT semver@6.3.1 OK for: @babel/core@7.29.0 want: ^6.3.1
1736 silly fetch manifest lru-cache@^5.1.1
1737 silly packumentCache full:https://registry.npmjs.org/lru-cache cache-miss
1738 silly fetch manifest browserslist@^4.24.0
1739 silly packumentCache full:https://registry.npmjs.org/browserslist cache-miss
1740 silly fetch manifest @babel/compat-data@^7.28.6
1741 silly packumentCache full:https://registry.npmjs.org/@babel%2fcompat-data cache-miss
1742 silly fetch manifest @babel/helper-validator-option@^7.27.1
1743 silly packumentCache full:https://registry.npmjs.org/@babel%2fhelper-validator-option cache-miss
1744 http fetch GET 200 https://registry.npmjs.org/lru-cache 98ms (cache miss)
1745 silly packumentCache full:https://registry.npmjs.org/lru-cache set size:undefined disposed:false
1746 http fetch GET 200 https://registry.npmjs.org/@babel%2fhelper-validator-option 117ms (cache miss)
1747 silly packumentCache full:https://registry.npmjs.org/@babel%2fhelper-validator-option set size:undefined disposed:false
1748 http fetch GET 200 https://registry.npmjs.org/browserslist 123ms (cache miss)
1749 silly packumentCache full:https://registry.npmjs.org/browserslist set size:undefined disposed:false
1750 http fetch GET 200 https://registry.npmjs.org/@babel%2fcompat-data 138ms (cache miss)
1751 silly packumentCache full:https://registry.npmjs.org/@babel%2fcompat-data set size:undefined disposed:false
1752 silly placeDep ROOT @babel/compat-data@7.29.0 OK for: @babel/helper-compilation-targets@7.28.6 want: ^7.28.6
1753 silly placeDep ROOT @babel/helper-validator-option@7.27.1 OK for: @babel/helper-compilation-targets@7.28.6 want: ^7.27.1
1754 silly placeDep ROOT browserslist@4.28.1 OK for: @babel/helper-compilation-targets@7.28.6 want: ^4.24.0
1755 silly placeDep ROOT lru-cache@5.1.1 OK for: @babel/helper-compilation-targets@7.28.6 want: ^5.1.1
1756 silly fetch manifest baseline-browser-mapping@^2.9.0
1757 silly packumentCache full:https://registry.npmjs.org/baseline-browser-mapping cache-miss
1758 silly fetch manifest caniuse-lite@^1.0.30001759
1759 silly packumentCache full:https://registry.npmjs.org/caniuse-lite cache-miss
1760 silly fetch manifest electron-to-chromium@^1.5.263
1761 silly packumentCache full:https://registry.npmjs.org/electron-to-chromium cache-miss
1762 silly fetch manifest node-releases@^2.0.27
1763 silly packumentCache full:https://registry.npmjs.org/node-releases cache-miss
1764 silly fetch manifest update-browserslist-db@^1.2.0
1765 silly packumentCache full:https://registry.npmjs.org/update-browserslist-db cache-miss
1766 silly fetch manifest yallist@^3.0.2
1767 silly packumentCache full:https://registry.npmjs.org/yallist cache-miss
1768 http fetch GET 200 https://registry.npmjs.org/yallist 21ms (cache hit)
1769 silly packumentCache full:https://registry.npmjs.org/yallist set size:34610 disposed:false
1770 http fetch GET 200 https://registry.npmjs.org/update-browserslist-db 118ms (cache miss)
1771 silly packumentCache full:https://registry.npmjs.org/update-browserslist-db set size:undefined disposed:false
1772 http fetch GET 200 https://registry.npmjs.org/node-releases 125ms (cache miss)
1773 silly packumentCache full:https://registry.npmjs.org/node-releases set size:undefined disposed:false
1774 http fetch GET 200 https://registry.npmjs.org/baseline-browser-mapping 138ms (cache miss)
1775 silly packumentCache full:https://registry.npmjs.org/baseline-browser-mapping set size:undefined disposed:false
1776 http fetch GET 200 https://registry.npmjs.org/caniuse-lite 233ms (cache miss)
1777 silly packumentCache full:https://registry.npmjs.org/caniuse-lite set size:undefined disposed:false
1778 http fetch GET 200 https://registry.npmjs.org/electron-to-chromium 319ms (cache miss)
1779 silly packumentCache full:https://registry.npmjs.org/electron-to-chromium set size:undefined disposed:false
1780 silly placeDep ROOT @babel/helper-plugin-utils@7.28.6 OK for: @babel/plugin-transform-react-jsx-self@7.27.1 want: ^7.27.1
1781 silly placeDep ROOT @types/babel__generator@7.27.0 OK for: @types/babel__core@7.20.5 want: *
1782 silly placeDep ROOT @types/babel__template@7.4.4 OK for: @types/babel__core@7.20.5 want: *
1783 silly placeDep ROOT @types/babel__traverse@7.28.0 OK for: @types/babel__core@7.20.5 want: *
1784 silly placeDep ROOT cosmiconfig@7.1.0 OK for: babel-plugin-macros@3.1.0 want: ^7.0.0
1785 silly placeDep ROOT resolve@1.22.11 OK for: babel-plugin-macros@3.1.0 want: ^1.19.0
1786 silly fetch manifest yaml@^1.10.0
1787 silly packumentCache full:https://registry.npmjs.org/yaml cache-miss
1788 silly fetch manifest path-type@^4.0.0
1789 silly packumentCache full:https://registry.npmjs.org/path-type cache-miss
1790 silly fetch manifest parse-json@^5.0.0
1791 silly packumentCache full:https://registry.npmjs.org/parse-json cache-miss
1792 silly fetch manifest import-fresh@^3.2.1
1793 silly packumentCache full:https://registry.npmjs.org/import-fresh cache-miss
1794 silly fetch manifest @types/parse-json@^4.0.0
1795 silly packumentCache full:https://registry.npmjs.org/@types%2fparse-json cache-miss
1796 silly fetch manifest path-parse@^1.0.7
1797 silly packumentCache full:https://registry.npmjs.org/path-parse cache-miss
1798 silly fetch manifest is-core-module@^2.16.1
1799 silly packumentCache full:https://registry.npmjs.org/is-core-module cache-miss
1800 silly fetch manifest supports-preserve-symlinks-flag@^1.0.0
1801 silly packumentCache full:https://registry.npmjs.org/supports-preserve-symlinks-flag cache-miss
1802 http fetch GET 200 https://registry.npmjs.org/yaml 32ms (cache hit)
1803 silly packumentCache full:https://registry.npmjs.org/yaml set size:361552 disposed:false
1804 http fetch GET 200 https://registry.npmjs.org/import-fresh 104ms (cache miss)
1805 silly packumentCache full:https://registry.npmjs.org/import-fresh set size:undefined disposed:false
1806 http fetch GET 200 https://registry.npmjs.org/supports-preserve-symlinks-flag 104ms (cache miss)
1807 silly packumentCache full:https://registry.npmjs.org/supports-preserve-symlinks-flag set size:undefined disposed:false
1808 http fetch GET 200 https://registry.npmjs.org/parse-json 110ms (cache miss)
1809 silly packumentCache full:https://registry.npmjs.org/parse-json set size:undefined disposed:false
1810 http fetch GET 200 https://registry.npmjs.org/path-type 114ms (cache miss)
1811 silly packumentCache full:https://registry.npmjs.org/path-type set size:undefined disposed:false
1812 http fetch GET 200 https://registry.npmjs.org/@types%2fparse-json 113ms (cache miss)
1813 silly packumentCache full:https://registry.npmjs.org/@types%2fparse-json set size:undefined disposed:false
1814 http fetch GET 200 https://registry.npmjs.org/path-parse 115ms (cache miss)
1815 silly packumentCache full:https://registry.npmjs.org/path-parse set size:undefined disposed:false
1816 http fetch GET 200 https://registry.npmjs.org/is-core-module 118ms (cache miss)
1817 silly packumentCache full:https://registry.npmjs.org/is-core-module set size:undefined disposed:false
1818 silly fetch manifest browserslist@>= 4.21.0
1819 silly packumentCache full:https://registry.npmjs.org/browserslist cache-miss
1820 http fetch GET 200 https://registry.npmjs.org/browserslist 15ms (cache hit)
1821 silly packumentCache full:https://registry.npmjs.org/browserslist set size:502989 disposed:false
1822 silly placeDep ROOT baseline-browser-mapping@2.10.8 OK for: browserslist@4.28.1 want: ^2.9.0
1823 silly placeDep ROOT caniuse-lite@1.0.30001779 OK for: browserslist@4.28.1 want: ^1.0.30001759
1824 silly placeDep ROOT electron-to-chromium@1.5.313 OK for: browserslist@4.28.1 want: ^1.5.263
1825 silly placeDep ROOT node-releases@2.0.36 OK for: browserslist@4.28.1 want: ^2.0.27
1826 silly placeDep ROOT update-browserslist-db@1.2.3 OK for: browserslist@4.28.1 want: ^1.2.0
1827 silly fetch manifest escalade@^3.2.0
1828 silly packumentCache full:https://registry.npmjs.org/escalade cache-miss
1829 http fetch GET 200 https://registry.npmjs.org/escalade 60ms (cache miss)
1830 silly packumentCache full:https://registry.npmjs.org/escalade set size:undefined disposed:false
1831 silly placeDep ROOT @types/parse-json@4.0.2 OK for: cosmiconfig@7.1.0 want: ^4.0.0
1832 silly placeDep ROOT import-fresh@3.3.1 OK for: cosmiconfig@7.1.0 want: ^3.2.1
1833 silly placeDep ROOT parse-json@5.2.0 OK for: cosmiconfig@7.1.0 want: ^5.0.0
1834 silly placeDep ROOT path-type@4.0.0 OK for: cosmiconfig@7.1.0 want: ^4.0.0
1835 silly placeDep ROOT yaml@1.10.2 OK for: cosmiconfig@7.1.0 want: ^1.10.0
1836 silly fetch manifest resolve-from@^4.0.0
1837 silly packumentCache full:https://registry.npmjs.org/resolve-from cache-miss
1838 silly fetch manifest parent-module@^1.0.0
1839 silly packumentCache full:https://registry.npmjs.org/parent-module cache-miss
1840 silly fetch manifest error-ex@^1.3.1
1841 silly packumentCache full:https://registry.npmjs.org/error-ex cache-miss
1842 silly fetch manifest lines-and-columns@^1.1.6
1843 silly packumentCache full:https://registry.npmjs.org/lines-and-columns cache-miss
1844 silly fetch manifest json-parse-even-better-errors@^2.3.0
1845 silly packumentCache full:https://registry.npmjs.org/json-parse-even-better-errors cache-miss
1846 http fetch GET 200 https://registry.npmjs.org/error-ex 63ms (cache miss)
1847 silly packumentCache full:https://registry.npmjs.org/error-ex set size:undefined disposed:false
1848 http fetch GET 200 https://registry.npmjs.org/lines-and-columns 64ms (cache miss)
1849 silly packumentCache full:https://registry.npmjs.org/lines-and-columns set size:undefined disposed:false
1850 http fetch GET 200 https://registry.npmjs.org/parent-module 67ms (cache miss)
1851 silly packumentCache full:https://registry.npmjs.org/parent-module set size:undefined disposed:false
1852 http fetch GET 200 https://registry.npmjs.org/json-parse-even-better-errors 68ms (cache miss)
1853 silly packumentCache full:https://registry.npmjs.org/json-parse-even-better-errors set size:undefined disposed:false
1854 http fetch GET 200 https://registry.npmjs.org/resolve-from 70ms (cache miss)
1855 silly packumentCache full:https://registry.npmjs.org/resolve-from set size:undefined disposed:false
1856 silly placeDep ROOT ms@2.1.3 OK for: debug@4.4.3 want: ^2.1.3
1857 silly placeDep ROOT embla-carousel@8.6.0 OK for: embla-carousel-react@8.6.0 want: 8.6.0
1858 silly placeDep ROOT embla-carousel-reactive-utils@8.6.0 OK for: embla-carousel-react@8.6.0 want: 8.6.0
1859 silly placeDep ROOT graceful-fs@4.2.11 OK for: enhanced-resolve@5.20.0 want: ^4.2.4
1860 silly placeDep ROOT tapable@2.3.0 OK for: enhanced-resolve@5.20.0 want: ^2.3.0
1861 silly placeDep node_modules/hoist-non-react-statics react-is@16.13.1 OK for: hoist-non-react-statics@3.3.2 want: ^16.7.0
1862 silly placeDep ROOT css-line-break@2.1.0 OK for: html2canvas@1.4.1 want: ^2.1.0
1863 silly placeDep ROOT text-segmentation@1.0.3 OK for: html2canvas@1.4.1 want: ^1.0.3
1864 silly fetch manifest utrie@^1.0.2
1865 silly packumentCache full:https://registry.npmjs.org/utrie cache-miss
1866 silly fetch manifest utrie@^1.0.2
1867 silly packumentCache full:https://registry.npmjs.org/utrie cache-miss
1868 http fetch GET 200 https://registry.npmjs.org/utrie 58ms (cache miss)
1869 silly packumentCache full:https://registry.npmjs.org/utrie set size:undefined disposed:false
1870 http fetch GET 200 https://registry.npmjs.org/utrie 63ms (cache miss)
1871 silly packumentCache full:https://registry.npmjs.org/utrie set size:undefined disposed:false
1872 silly placeDep ROOT utrie@1.0.2 OK for: css-line-break@2.1.0 want: ^1.0.2
1873 silly fetch manifest base64-arraybuffer@^1.0.2
1874 silly packumentCache full:https://registry.npmjs.org/base64-arraybuffer cache-miss
1875 http fetch GET 200 https://registry.npmjs.org/base64-arraybuffer 71ms (cache miss)
1876 silly packumentCache full:https://registry.npmjs.org/base64-arraybuffer set size:undefined disposed:false
1877 silly placeDep ROOT parent-module@1.0.1 OK for: import-fresh@3.3.1 want: ^1.0.0
1878 silly placeDep ROOT resolve-from@4.0.0 OK for: import-fresh@3.3.1 want: ^4.0.0
1879 silly fetch manifest callsites@^3.0.0
1880 silly packumentCache full:https://registry.npmjs.org/callsites cache-miss
1881 http fetch GET 200 https://registry.npmjs.org/callsites 57ms (cache miss)
1882 silly packumentCache full:https://registry.npmjs.org/callsites set size:undefined disposed:false
1883 silly placeDep ROOT lightningcss-darwin-arm64@1.30.1 OK for: lightningcss@1.30.1 want: 1.30.1
1884 silly placeDep ROOT lightningcss-darwin-x64@1.30.1 OK for: lightningcss@1.30.1 want: 1.30.1
1885 silly placeDep ROOT lightningcss-freebsd-x64@1.30.1 OK for: lightningcss@1.30.1 want: 1.30.1
1886 silly placeDep ROOT lightningcss-linux-arm-gnueabihf@1.30.1 OK for: lightningcss@1.30.1 want: 1.30.1
1887 silly placeDep ROOT lightningcss-linux-arm64-gnu@1.30.1 OK for: lightningcss@1.30.1 want: 1.30.1
1888 silly placeDep ROOT lightningcss-linux-arm64-musl@1.30.1 OK for: lightningcss@1.30.1 want: 1.30.1
1889 silly placeDep ROOT lightningcss-linux-x64-gnu@1.30.1 OK for: lightningcss@1.30.1 want: 1.30.1
1890 silly placeDep ROOT lightningcss-linux-x64-musl@1.30.1 OK for: lightningcss@1.30.1 want: 1.30.1
1891 silly placeDep ROOT lightningcss-win32-arm64-msvc@1.30.1 OK for: lightningcss@1.30.1 want: 1.30.1
1892 silly placeDep ROOT lightningcss-win32-x64-msvc@1.30.1 OK for: lightningcss@1.30.1 want: 1.30.1
1893 silly placeDep ROOT yallist@3.1.1 OK for: lru-cache@5.1.1 want: ^3.0.2
1894 silly fetch manifest react@^18.0.0 || ^19.0.0
1895 silly packumentCache full:https://registry.npmjs.org/react cache-miss
1896 http fetch GET 200 https://registry.npmjs.org/react 20ms (cache hit)
1897 silly packumentCache full:https://registry.npmjs.org/react set size:6543561 disposed:false
1898 silly fetch manifest react-dom@^18.0.0 || ^19.0.0
1899 silly packumentCache full:https://registry.npmjs.org/react-dom cache-miss
1900 http fetch GET 200 https://registry.npmjs.org/react-dom 28ms (cache hit)
1901 silly packumentCache full:https://registry.npmjs.org/react-dom set size:8685222 disposed:false
1902 silly placeDep ROOT framer-motion@12.36.0 OK for: motion@12.23.24 want: ^12.23.24
1903 silly fetch manifest motion-dom@^12.36.0
1904 silly packumentCache full:https://registry.npmjs.org/motion-dom cache-miss
1905 silly fetch manifest motion-utils@^12.36.0
1906 silly packumentCache full:https://registry.npmjs.org/motion-utils cache-miss
1907 http fetch GET 200 https://registry.npmjs.org/motion-utils 61ms (cache miss)
1908 silly packumentCache full:https://registry.npmjs.org/motion-utils set size:undefined disposed:false
1909 http fetch GET 200 https://registry.npmjs.org/motion-dom 81ms (cache miss)
1910 silly packumentCache full:https://registry.npmjs.org/motion-dom set size:undefined disposed:false
1911 silly placeDep ROOT motion-dom@12.36.0 OK for: framer-motion@12.36.0 want: ^12.36.0
1912 silly placeDep ROOT motion-utils@12.36.0 OK for: framer-motion@12.36.0 want: ^12.36.0
1913 silly placeDep ROOT callsites@3.1.0 OK for: parent-module@1.0.1 want: ^3.0.0
1914 silly placeDep ROOT error-ex@1.3.4 OK for: parse-json@5.2.0 want: ^1.3.1
1915 silly placeDep ROOT json-parse-even-better-errors@2.3.1 OK for: parse-json@5.2.0 want: ^2.3.0
1916 silly placeDep ROOT lines-and-columns@1.2.4 OK for: parse-json@5.2.0 want: ^1.1.6
1917 silly fetch manifest is-arrayish@^0.2.1
1918 silly packumentCache full:https://registry.npmjs.org/is-arrayish cache-miss
1919 http fetch GET 200 https://registry.npmjs.org/is-arrayish 57ms (cache miss)
1920 silly packumentCache full:https://registry.npmjs.org/is-arrayish set size:undefined disposed:false
1921 silly placeDep ROOT is-arrayish@0.2.1 OK for: error-ex@1.3.4 want: ^0.2.1
1922 silly placeDep ROOT loose-envify@1.4.0 OK for: prop-types@15.8.1 want: ^1.4.0
1923 silly placeDep ROOT object-assign@4.1.1 OK for: prop-types@15.8.1 want: ^4.1.1
1924 silly placeDep node_modules/prop-types react-is@16.13.1 OK for: prop-types@15.8.1 want: ^16.13.1
1925 silly placeDep ROOT eventemitter3@5.0.4 OK for: quill@2.0.3 want: ^5.0.1
1926 silly placeDep ROOT lodash-es@4.17.23 OK for: quill@2.0.3 want: ^4.17.21
1927 silly placeDep ROOT parchment@3.0.0 OK for: quill@2.0.3 want: ^3.0.0
1928 silly placeDep ROOT quill-delta@5.1.0 OK for: quill@2.0.3 want: ^5.1.0
1929 silly fetch manifest fast-diff@^1.3.0
1930 silly packumentCache full:https://registry.npmjs.org/fast-diff cache-miss
1931 silly fetch manifest lodash.clonedeep@^4.5.0
1932 silly packumentCache full:https://registry.npmjs.org/lodash.clonedeep cache-miss
1933 silly fetch manifest lodash.isequal@^4.5.0
1934 silly packumentCache full:https://registry.npmjs.org/lodash.isequal cache-miss
1935 http fetch GET 200 https://registry.npmjs.org/fast-diff 59ms (cache miss)
1936 silly packumentCache full:https://registry.npmjs.org/fast-diff set size:undefined disposed:false
1937 http fetch GET 200 https://registry.npmjs.org/lodash.isequal 62ms (cache miss)
1938 silly packumentCache full:https://registry.npmjs.org/lodash.isequal set size:undefined disposed:false
1939 http fetch GET 200 https://registry.npmjs.org/lodash.clonedeep 68ms (cache miss)
1940 silly packumentCache full:https://registry.npmjs.org/lodash.clonedeep set size:undefined disposed:false
1941 silly placeDep ROOT fast-diff@1.3.0 OK for: quill-delta@5.1.0 want: ^1.3.0
1942 silly placeDep ROOT lodash.clonedeep@4.5.0 OK for: quill-delta@5.1.0 want: ^4.5.0
1943 silly placeDep ROOT lodash.isequal@4.5.0 OK for: quill-delta@5.1.0 want: ^4.5.0
1944 silly placeDep ROOT @react-dnd/invariant@4.0.2 OK for: react-dnd@16.0.1 want: ^4.0.1
1945 silly placeDep ROOT @react-dnd/shallowequal@4.0.2 OK for: react-dnd@16.0.1 want: ^4.0.1
1946 silly placeDep ROOT dnd-core@16.0.1 OK for: react-dnd@16.0.1 want: ^16.0.1
1947 silly placeDep ROOT fast-deep-equal@3.1.3 OK for: react-dnd@16.0.1 want: ^3.1.3
1948 silly fetch manifest @react-dnd/asap@^5.0.1
1949 silly packumentCache full:https://registry.npmjs.org/@react-dnd%2fasap cache-miss
1950 silly fetch manifest redux@^4.2.0
1951 silly packumentCache full:https://registry.npmjs.org/redux cache-miss
1952 http fetch GET 200 https://registry.npmjs.org/redux 64ms (cache miss)
1953 silly packumentCache full:https://registry.npmjs.org/redux set size:undefined disposed:false
1954 http fetch GET 200 https://registry.npmjs.org/@react-dnd%2fasap 76ms (cache miss)
1955 silly packumentCache full:https://registry.npmjs.org/@react-dnd%2fasap set size:undefined disposed:false
1956 silly placeDep ROOT @react-dnd/asap@5.0.2 OK for: dnd-core@16.0.1 want: ^5.0.1
1957 silly placeDep ROOT redux@4.2.1 OK for: dnd-core@16.0.1 want: ^4.2.0
1958 silly placeDep ROOT scheduler@0.23.2 OK for: react-dom@18.3.1 want: ^0.23.2
1959 silly placeDep ROOT invariant@2.2.4 OK for: react-helmet-async@2.0.5 want: ^2.2.4
1960 silly placeDep ROOT react-fast-compare@3.2.2 OK for: react-helmet-async@2.0.5 want: ^3.2.2
1961 silly placeDep ROOT shallowequal@1.1.0 OK for: react-helmet-async@2.0.5 want: ^1.1.0
1962 silly placeDep ROOT @types/hast@3.0.4 OK for: react-markdown@10.1.0 want: ^3.0.0
1963 silly placeDep ROOT @types/mdast@4.0.4 OK for: react-markdown@10.1.0 want: ^4.0.0
1964 silly placeDep ROOT devlop@1.1.0 OK for: react-markdown@10.1.0 want: ^1.0.0
1965 silly placeDep ROOT hast-util-to-jsx-runtime@2.3.6 OK for: react-markdown@10.1.0 want: ^2.0.0
1966 silly placeDep ROOT html-url-attributes@3.0.1 OK for: react-markdown@10.1.0 want: ^3.0.0
1967 silly placeDep ROOT mdast-util-to-hast@13.2.1 OK for: react-markdown@10.1.0 want: ^13.0.0
1968 silly placeDep ROOT remark-parse@11.0.0 OK for: react-markdown@10.1.0 want: ^11.0.0
1969 silly placeDep ROOT remark-rehype@11.1.2 OK for: react-markdown@10.1.0 want: ^11.0.0
1970 silly placeDep ROOT unified@11.0.5 OK for: react-markdown@10.1.0 want: ^11.0.0
1971 silly placeDep ROOT unist-util-visit@5.1.0 OK for: react-markdown@10.1.0 want: ^5.0.0
1972 silly placeDep ROOT vfile@6.0.3 OK for: react-markdown@10.1.0 want: ^6.0.0
1973 silly fetch manifest @types/unist@*
1974 silly packumentCache full:https://registry.npmjs.org/@types%2funist cache-miss
1975 silly fetch manifest @types/unist@*
1976 silly packumentCache full:https://registry.npmjs.org/@types%2funist cache-miss
1977 silly fetch manifest dequal@^2.0.0
1978 silly packumentCache full:https://registry.npmjs.org/dequal cache-miss
1979 silly fetch manifest @types/estree@^1.0.0
1980 silly packumentCache full:https://registry.npmjs.org/@types%2festree cache-miss
1981 silly fetch manifest @types/unist@^3.0.0
1982 silly packumentCache full:https://registry.npmjs.org/@types%2funist cache-miss
1983 silly fetch manifest comma-separated-tokens@^2.0.0
1984 silly packumentCache full:https://registry.npmjs.org/comma-separated-tokens cache-miss
1985 silly fetch manifest estree-util-is-identifier-name@^3.0.0
1986 silly packumentCache full:https://registry.npmjs.org/estree-util-is-identifier-name cache-miss
1987 silly fetch manifest hast-util-whitespace@^3.0.0
1988 silly packumentCache full:https://registry.npmjs.org/hast-util-whitespace cache-miss
1989 silly fetch manifest mdast-util-mdx-expression@^2.0.0
1990 silly packumentCache full:https://registry.npmjs.org/mdast-util-mdx-expression cache-miss
1991 silly fetch manifest mdast-util-mdx-jsx@^3.0.0
1992 silly packumentCache full:https://registry.npmjs.org/mdast-util-mdx-jsx cache-miss
1993 silly fetch manifest mdast-util-mdxjs-esm@^2.0.0
1994 silly packumentCache full:https://registry.npmjs.org/mdast-util-mdxjs-esm cache-miss
1995 http fetch GET 200 https://registry.npmjs.org/comma-separated-tokens 73ms (cache miss)
1996 silly packumentCache full:https://registry.npmjs.org/comma-separated-tokens set size:undefined disposed:false
1997 silly fetch manifest property-information@^7.0.0
1998 silly packumentCache full:https://registry.npmjs.org/property-information cache-miss
1999 http fetch GET 200 https://registry.npmjs.org/hast-util-whitespace 75ms (cache miss)
2000 silly packumentCache full:https://registry.npmjs.org/hast-util-whitespace set size:undefined disposed:false
2001 silly fetch manifest space-separated-tokens@^2.0.0
2002 silly packumentCache full:https://registry.npmjs.org/space-separated-tokens cache-miss
2003 http fetch GET 200 https://registry.npmjs.org/estree-util-is-identifier-name 79ms (cache miss)
2004 silly packumentCache full:https://registry.npmjs.org/estree-util-is-identifier-name set size:undefined disposed:false
2005 silly fetch manifest style-to-js@^1.0.0
2006 silly packumentCache full:https://registry.npmjs.org/style-to-js cache-miss
2007 http fetch GET 200 https://registry.npmjs.org/@types%2funist 82ms (cache miss)
2008 silly packumentCache full:https://registry.npmjs.org/@types%2funist set size:undefined disposed:false
2009 silly fetch manifest unist-util-position@^5.0.0
2010 silly packumentCache full:https://registry.npmjs.org/unist-util-position cache-miss
2011 http fetch GET 200 https://registry.npmjs.org/@types%2funist 86ms (cache miss)
2012 silly packumentCache full:https://registry.npmjs.org/@types%2funist set size:undefined disposed:false
2013 silly fetch manifest vfile-message@^4.0.0
2014 silly packumentCache full:https://registry.npmjs.org/vfile-message cache-miss
2015 http fetch GET 200 https://registry.npmjs.org/@types%2funist 86ms (cache miss)
2016 silly packumentCache full:https://registry.npmjs.org/@types%2funist set size:undefined disposed:false
2017 silly fetch manifest @ungap/structured-clone@^1.0.0
2018 silly packumentCache full:https://registry.npmjs.org/@ungap%2fstructured-clone cache-miss
2019 http fetch GET 200 https://registry.npmjs.org/dequal 90ms (cache miss)
2020 silly packumentCache full:https://registry.npmjs.org/dequal set size:undefined disposed:false
2021 silly fetch manifest micromark-util-sanitize-uri@^2.0.0
2022 silly packumentCache full:https://registry.npmjs.org/micromark-util-sanitize-uri cache-miss
2023 http fetch GET 200 https://registry.npmjs.org/mdast-util-mdx-jsx 92ms (cache miss)
2024 silly packumentCache full:https://registry.npmjs.org/mdast-util-mdx-jsx set size:undefined disposed:false
2025 silly fetch manifest trim-lines@^3.0.0
2026 silly packumentCache full:https://registry.npmjs.org/trim-lines cache-miss
2027 http fetch GET 200 https://registry.npmjs.org/@types%2festree 96ms (cache miss)
2028 silly packumentCache full:https://registry.npmjs.org/@types%2festree set size:undefined disposed:false
2029 silly fetch manifest unist-util-position@^5.0.0
2030 silly packumentCache full:https://registry.npmjs.org/unist-util-position cache-miss
2031 http fetch GET 200 https://registry.npmjs.org/mdast-util-mdx-expression 99ms (cache miss)
2032 silly packumentCache full:https://registry.npmjs.org/mdast-util-mdx-expression set size:undefined disposed:false
2033 silly fetch manifest mdast-util-from-markdown@^2.0.0
2034 silly packumentCache full:https://registry.npmjs.org/mdast-util-from-markdown cache-miss
2035 http fetch GET 200 https://registry.npmjs.org/unist-util-position 64ms (cache miss)
2036 silly packumentCache full:https://registry.npmjs.org/unist-util-position set size:undefined disposed:false
2037 silly fetch manifest micromark-util-types@^2.0.0
2038 silly packumentCache full:https://registry.npmjs.org/micromark-util-types cache-miss
2039 http fetch GET 200 https://registry.npmjs.org/space-separated-tokens 74ms (cache miss)
2040 silly packumentCache full:https://registry.npmjs.org/space-separated-tokens set size:undefined disposed:false
2041 silly fetch manifest bail@^2.0.0
2042 silly packumentCache full:https://registry.npmjs.org/bail cache-miss
2043 http fetch GET 200 https://registry.npmjs.org/style-to-js 72ms (cache miss)
2044 silly packumentCache full:https://registry.npmjs.org/style-to-js set size:undefined disposed:false
2045 silly fetch manifest extend@^3.0.0
2046 silly packumentCache full:https://registry.npmjs.org/extend cache-miss
2047 http fetch GET 200 https://registry.npmjs.org/vfile-message 74ms (cache miss)
2048 silly packumentCache full:https://registry.npmjs.org/vfile-message set size:undefined disposed:false
2049 silly fetch manifest is-plain-obj@^4.0.0
2050 silly packumentCache full:https://registry.npmjs.org/is-plain-obj cache-miss
2051 http fetch GET 200 https://registry.npmjs.org/micromark-util-sanitize-uri 73ms (cache miss)
2052 silly packumentCache full:https://registry.npmjs.org/micromark-util-sanitize-uri set size:undefined disposed:false
2053 silly fetch manifest trough@^2.0.0
2054 silly packumentCache full:https://registry.npmjs.org/trough cache-miss
2055 http fetch GET 200 https://registry.npmjs.org/unist-util-position 76ms (cache miss)
2056 silly packumentCache full:https://registry.npmjs.org/unist-util-position set size:undefined disposed:false
2057 silly fetch manifest unist-util-is@^6.0.0
2058 silly packumentCache full:https://registry.npmjs.org/unist-util-is cache-miss
2059 http fetch GET 200 https://registry.npmjs.org/trim-lines 83ms (cache miss)
2060 silly packumentCache full:https://registry.npmjs.org/trim-lines set size:undefined disposed:false
2061 silly fetch manifest unist-util-visit-parents@^6.0.0
2062 silly packumentCache full:https://registry.npmjs.org/unist-util-visit-parents cache-miss
2063 http fetch GET 200 https://registry.npmjs.org/@ungap%2fstructured-clone 94ms (cache miss)
2064 silly packumentCache full:https://registry.npmjs.org/@ungap%2fstructured-clone set size:undefined disposed:false
2065 http fetch GET 200 https://registry.npmjs.org/mdast-util-from-markdown 87ms (cache miss)
2066 silly packumentCache full:https://registry.npmjs.org/mdast-util-from-markdown set size:undefined disposed:false
2067 http fetch GET 200 https://registry.npmjs.org/mdast-util-mdxjs-esm 209ms (cache miss)
2068 silly packumentCache full:https://registry.npmjs.org/mdast-util-mdxjs-esm set size:undefined disposed:false
2069 http fetch GET 200 https://registry.npmjs.org/micromark-util-types 65ms (cache miss)
2070 silly packumentCache full:https://registry.npmjs.org/micromark-util-types set size:undefined disposed:false
2071 http fetch GET 200 https://registry.npmjs.org/bail 72ms (cache miss)
2072 silly packumentCache full:https://registry.npmjs.org/bail set size:undefined disposed:false
2073 http fetch GET 200 https://registry.npmjs.org/extend 90ms (cache miss)
2074 silly packumentCache full:https://registry.npmjs.org/extend set size:undefined disposed:false
2075 http fetch GET 200 https://registry.npmjs.org/trough 80ms (cache miss)
2076 silly packumentCache full:https://registry.npmjs.org/trough set size:undefined disposed:false
2077 http fetch GET 200 https://registry.npmjs.org/is-plain-obj 84ms (cache miss)
2078 silly packumentCache full:https://registry.npmjs.org/is-plain-obj set size:undefined disposed:false
2079 http fetch GET 200 https://registry.npmjs.org/unist-util-visit-parents 70ms (cache miss)
2080 silly packumentCache full:https://registry.npmjs.org/unist-util-visit-parents set size:undefined disposed:false
2081 http fetch GET 200 https://registry.npmjs.org/unist-util-is 78ms (cache miss)
2082 silly packumentCache full:https://registry.npmjs.org/unist-util-is set size:undefined disposed:false
2083 http fetch GET 200 https://registry.npmjs.org/property-information 502ms (cache miss)
2084 silly packumentCache full:https://registry.npmjs.org/property-information set size:undefined disposed:false
2085 silly placeDep ROOT @types/unist@3.0.3 OK for: @types/hast@3.0.4 want: *
2086 silly placeDep ROOT dequal@2.0.3 OK for: devlop@1.1.0 want: ^2.0.0
2087 silly placeDep ROOT @types/estree@1.0.8 OK for: hast-util-to-jsx-runtime@2.3.6 want: ^1.0.0
2088 silly placeDep ROOT comma-separated-tokens@2.0.3 OK for: hast-util-to-jsx-runtime@2.3.6 want: ^2.0.0
2089 silly placeDep ROOT estree-util-is-identifier-name@3.0.0 OK for: hast-util-to-jsx-runtime@2.3.6 want: ^3.0.0
2090 silly placeDep ROOT hast-util-whitespace@3.0.0 OK for: hast-util-to-jsx-runtime@2.3.6 want: ^3.0.0
2091 silly placeDep ROOT mdast-util-mdx-expression@2.0.1 OK for: hast-util-to-jsx-runtime@2.3.6 want: ^2.0.0
2092 silly placeDep ROOT mdast-util-mdx-jsx@3.2.0 OK for: hast-util-to-jsx-runtime@2.3.6 want: ^3.0.0
2093 silly placeDep ROOT mdast-util-mdxjs-esm@2.0.1 OK for: hast-util-to-jsx-runtime@2.3.6 want: ^2.0.0
2094 silly placeDep ROOT property-information@7.1.0 OK for: hast-util-to-jsx-runtime@2.3.6 want: ^7.0.0
2095 silly placeDep ROOT space-separated-tokens@2.0.2 OK for: hast-util-to-jsx-runtime@2.3.6 want: ^2.0.0
2096 silly placeDep ROOT style-to-js@1.1.21 OK for: hast-util-to-jsx-runtime@2.3.6 want: ^1.0.0
2097 silly placeDep ROOT unist-util-position@5.0.0 OK for: hast-util-to-jsx-runtime@2.3.6 want: ^5.0.0
2098 silly placeDep ROOT vfile-message@4.0.3 OK for: hast-util-to-jsx-runtime@2.3.6 want: ^4.0.0
2099 silly fetch manifest @types/estree-jsx@^1.0.0
2100 silly packumentCache full:https://registry.npmjs.org/@types%2festree-jsx cache-miss
2101 silly fetch manifest mdast-util-to-markdown@^2.0.0
2102 silly packumentCache full:https://registry.npmjs.org/mdast-util-to-markdown cache-miss
2103 silly fetch manifest @types/estree-jsx@^1.0.0
2104 silly packumentCache full:https://registry.npmjs.org/@types%2festree-jsx cache-miss
2105 silly fetch manifest ccount@^2.0.0
2106 silly packumentCache full:https://registry.npmjs.org/ccount cache-miss
2107 silly fetch manifest mdast-util-to-markdown@^2.0.0
2108 silly packumentCache full:https://registry.npmjs.org/mdast-util-to-markdown cache-miss
2109 silly fetch manifest parse-entities@^4.0.0
2110 silly packumentCache full:https://registry.npmjs.org/parse-entities cache-miss
2111 silly fetch manifest stringify-entities@^4.0.0
2112 silly packumentCache full:https://registry.npmjs.org/stringify-entities cache-miss
2113 silly fetch manifest unist-util-stringify-position@^4.0.0
2114 silly packumentCache full:https://registry.npmjs.org/unist-util-stringify-position cache-miss
2115 silly fetch manifest @types/estree-jsx@^1.0.0
2116 silly packumentCache full:https://registry.npmjs.org/@types%2festree-jsx cache-miss
2117 silly fetch manifest mdast-util-to-markdown@^2.0.0
2118 silly packumentCache full:https://registry.npmjs.org/mdast-util-to-markdown cache-miss
2119 silly fetch manifest style-to-object@1.0.14
2120 silly packumentCache full:https://registry.npmjs.org/style-to-object cache-miss
2121 http fetch GET 200 https://registry.npmjs.org/@types%2festree-jsx 80ms (cache miss)
2122 silly packumentCache full:https://registry.npmjs.org/@types%2festree-jsx set size:undefined disposed:false
2123 silly fetch manifest unist-util-stringify-position@^4.0.0
2124 silly packumentCache full:https://registry.npmjs.org/unist-util-stringify-position cache-miss
2125 http fetch GET 200 https://registry.npmjs.org/parse-entities 82ms (cache miss)
2126 silly packumentCache full:https://registry.npmjs.org/parse-entities set size:undefined disposed:false
2127 http fetch GET 200 https://registry.npmjs.org/ccount 84ms (cache miss)
2128 silly packumentCache full:https://registry.npmjs.org/ccount set size:undefined disposed:false
2129 http fetch GET 200 https://registry.npmjs.org/@types%2festree-jsx 85ms (cache miss)
2130 silly packumentCache full:https://registry.npmjs.org/@types%2festree-jsx set size:undefined disposed:false
2131 http fetch GET 200 https://registry.npmjs.org/@types%2festree-jsx 87ms (cache miss)
2132 silly packumentCache full:https://registry.npmjs.org/@types%2festree-jsx set size:undefined disposed:false
2133 http fetch GET 200 https://registry.npmjs.org/stringify-entities 87ms (cache miss)
2134 silly packumentCache full:https://registry.npmjs.org/stringify-entities set size:undefined disposed:false
2135 http fetch GET 200 https://registry.npmjs.org/style-to-object 87ms (cache miss)
2136 silly packumentCache full:https://registry.npmjs.org/style-to-object set size:undefined disposed:false
2137 http fetch GET 200 https://registry.npmjs.org/unist-util-stringify-position 90ms (cache miss)
2138 silly packumentCache full:https://registry.npmjs.org/unist-util-stringify-position set size:undefined disposed:false
2139 http fetch GET 200 https://registry.npmjs.org/mdast-util-to-markdown 93ms (cache miss)
2140 silly packumentCache full:https://registry.npmjs.org/mdast-util-to-markdown set size:undefined disposed:false
2141 http fetch GET 200 https://registry.npmjs.org/mdast-util-to-markdown 95ms (cache miss)
2142 silly packumentCache full:https://registry.npmjs.org/mdast-util-to-markdown set size:undefined disposed:false
2143 http fetch GET 200 https://registry.npmjs.org/mdast-util-to-markdown 96ms (cache miss)
2144 silly packumentCache full:https://registry.npmjs.org/mdast-util-to-markdown set size:undefined disposed:false
2145 http fetch GET 200 https://registry.npmjs.org/unist-util-stringify-position 59ms (cache miss)
2146 silly packumentCache full:https://registry.npmjs.org/unist-util-stringify-position set size:undefined disposed:false
2147 silly placeDep ROOT @types/estree-jsx@1.0.5 OK for: mdast-util-mdx-expression@2.0.1 want: ^1.0.0
2148 silly placeDep ROOT mdast-util-from-markdown@2.0.3 OK for: mdast-util-mdx-expression@2.0.1 want: ^2.0.0
2149 silly placeDep ROOT mdast-util-to-markdown@2.1.2 OK for: mdast-util-mdx-expression@2.0.1 want: ^2.0.0
2150 silly fetch manifest decode-named-character-reference@^1.0.0
2151 silly packumentCache full:https://registry.npmjs.org/decode-named-character-reference cache-miss
2152 silly fetch manifest mdast-util-to-string@^4.0.0
2153 silly packumentCache full:https://registry.npmjs.org/mdast-util-to-string cache-miss
2154 silly fetch manifest micromark@^4.0.0
2155 silly packumentCache full:https://registry.npmjs.org/micromark cache-miss
2156 silly fetch manifest micromark-util-decode-numeric-character-reference@^2.0.0
2157 silly packumentCache full:https://registry.npmjs.org/micromark-util-decode-numeric-character-reference cache-miss
2158 silly fetch manifest micromark-util-decode-string@^2.0.0
2159 silly packumentCache full:https://registry.npmjs.org/micromark-util-decode-string cache-miss
2160 silly fetch manifest micromark-util-normalize-identifier@^2.0.0
2161 silly packumentCache full:https://registry.npmjs.org/micromark-util-normalize-identifier cache-miss
2162 silly fetch manifest micromark-util-symbol@^2.0.0
2163 silly packumentCache full:https://registry.npmjs.org/micromark-util-symbol cache-miss
2164 silly fetch manifest longest-streak@^3.0.0
2165 silly packumentCache full:https://registry.npmjs.org/longest-streak cache-miss
2166 silly fetch manifest mdast-util-phrasing@^4.0.0
2167 silly packumentCache full:https://registry.npmjs.org/mdast-util-phrasing cache-miss
2168 silly fetch manifest mdast-util-to-string@^4.0.0
2169 silly packumentCache full:https://registry.npmjs.org/mdast-util-to-string cache-miss
2170 silly fetch manifest micromark-util-classify-character@^2.0.0
2171 silly packumentCache full:https://registry.npmjs.org/micromark-util-classify-character cache-miss
2172 http fetch GET 200 https://registry.npmjs.org/micromark-util-decode-numeric-character-reference 74ms (cache miss)
2173 silly packumentCache full:https://registry.npmjs.org/micromark-util-decode-numeric-character-reference set size:undefined disposed:false
2174 silly fetch manifest micromark-util-decode-string@^2.0.0
2175 silly packumentCache full:https://registry.npmjs.org/micromark-util-decode-string cache-miss
2176 http fetch GET 200 https://registry.npmjs.org/micromark-util-symbol 77ms (cache miss)
2177 silly packumentCache full:https://registry.npmjs.org/micromark-util-symbol set size:undefined disposed:false
2178 silly fetch manifest zwitch@^2.0.0
2179 silly packumentCache full:https://registry.npmjs.org/zwitch cache-miss
2180 http fetch GET 200 https://registry.npmjs.org/micromark-util-classify-character 78ms (cache miss)
2181 silly packumentCache full:https://registry.npmjs.org/micromark-util-classify-character set size:undefined disposed:false
2182 http fetch GET 200 https://registry.npmjs.org/decode-named-character-reference 83ms (cache miss)
2183 silly packumentCache full:https://registry.npmjs.org/decode-named-character-reference set size:undefined disposed:false
2184 http fetch GET 200 https://registry.npmjs.org/mdast-util-to-string 85ms (cache miss)
2185 silly packumentCache full:https://registry.npmjs.org/mdast-util-to-string set size:undefined disposed:false
2186 http fetch GET 200 https://registry.npmjs.org/mdast-util-phrasing 84ms (cache miss)
2187 silly packumentCache full:https://registry.npmjs.org/mdast-util-phrasing set size:undefined disposed:false
2188 http fetch GET 200 https://registry.npmjs.org/micromark-util-normalize-identifier 86ms (cache miss)
2189 silly packumentCache full:https://registry.npmjs.org/micromark-util-normalize-identifier set size:undefined disposed:false
2190 http fetch GET 200 https://registry.npmjs.org/micromark-util-decode-string 88ms (cache miss)
2191 silly packumentCache full:https://registry.npmjs.org/micromark-util-decode-string set size:undefined disposed:false
2192 http fetch GET 200 https://registry.npmjs.org/micromark 91ms (cache miss)
2193 silly packumentCache full:https://registry.npmjs.org/micromark set size:undefined disposed:false
2194 http fetch GET 200 https://registry.npmjs.org/longest-streak 93ms (cache miss)
2195 silly packumentCache full:https://registry.npmjs.org/longest-streak set size:undefined disposed:false
2196 http fetch GET 200 https://registry.npmjs.org/mdast-util-to-string 91ms (cache miss)
2197 silly packumentCache full:https://registry.npmjs.org/mdast-util-to-string set size:undefined disposed:false
2198 http fetch GET 200 https://registry.npmjs.org/micromark-util-decode-string 61ms (cache miss)
2199 silly packumentCache full:https://registry.npmjs.org/micromark-util-decode-string set size:undefined disposed:false
2200 http fetch GET 200 https://registry.npmjs.org/zwitch 62ms (cache miss)
2201 silly packumentCache full:https://registry.npmjs.org/zwitch set size:undefined disposed:false
2202 silly placeDep ROOT decode-named-character-reference@1.3.0 OK for: mdast-util-from-markdown@2.0.3 want: ^1.0.0
2203 silly placeDep ROOT mdast-util-to-string@4.0.0 OK for: mdast-util-from-markdown@2.0.3 want: ^4.0.0
2204 silly placeDep ROOT micromark@4.0.2 OK for: mdast-util-from-markdown@2.0.3 want: ^4.0.0
2205 silly placeDep ROOT micromark-util-decode-numeric-character-reference@2.0.2 OK for: mdast-util-from-markdown@2.0.3 want: ^2.0.0
2206 silly placeDep ROOT micromark-util-decode-string@2.0.1 OK for: mdast-util-from-markdown@2.0.3 want: ^2.0.0
2207 silly placeDep ROOT micromark-util-normalize-identifier@2.0.1 OK for: mdast-util-from-markdown@2.0.3 want: ^2.0.0
2208 silly placeDep ROOT micromark-util-symbol@2.0.1 OK for: mdast-util-from-markdown@2.0.3 want: ^2.0.0
2209 silly placeDep ROOT micromark-util-types@2.0.2 OK for: mdast-util-from-markdown@2.0.3 want: ^2.0.0
2210 silly placeDep ROOT unist-util-stringify-position@4.0.0 OK for: mdast-util-from-markdown@2.0.3 want: ^4.0.0
2211 silly fetch manifest character-entities@^2.0.0
2212 silly packumentCache full:https://registry.npmjs.org/character-entities cache-miss
2213 silly fetch manifest @types/debug@^4.0.0
2214 silly packumentCache full:https://registry.npmjs.org/@types%2fdebug cache-miss
2215 silly fetch manifest micromark-core-commonmark@^2.0.0
2216 silly packumentCache full:https://registry.npmjs.org/micromark-core-commonmark cache-miss
2217 silly fetch manifest micromark-factory-space@^2.0.0
2218 silly packumentCache full:https://registry.npmjs.org/micromark-factory-space cache-miss
2219 silly fetch manifest micromark-util-character@^2.0.0
2220 silly packumentCache full:https://registry.npmjs.org/micromark-util-character cache-miss
2221 silly fetch manifest micromark-util-chunked@^2.0.0
2222 silly packumentCache full:https://registry.npmjs.org/micromark-util-chunked cache-miss
2223 silly fetch manifest micromark-util-combine-extensions@^2.0.0
2224 silly packumentCache full:https://registry.npmjs.org/micromark-util-combine-extensions cache-miss
2225 silly fetch manifest micromark-util-encode@^2.0.0
2226 silly packumentCache full:https://registry.npmjs.org/micromark-util-encode cache-miss
2227 silly fetch manifest micromark-util-resolve-all@^2.0.0
2228 silly packumentCache full:https://registry.npmjs.org/micromark-util-resolve-all cache-miss
2229 silly fetch manifest micromark-util-subtokenize@^2.0.0
2230 silly packumentCache full:https://registry.npmjs.org/micromark-util-subtokenize cache-miss
2231 silly fetch manifest micromark-util-character@^2.0.0
2232 silly packumentCache full:https://registry.npmjs.org/micromark-util-character cache-miss
2233 http fetch GET 200 https://registry.npmjs.org/micromark-util-encode 80ms (cache miss)
2234 silly packumentCache full:https://registry.npmjs.org/micromark-util-encode set size:undefined disposed:false
2235 http fetch GET 200 https://registry.npmjs.org/micromark-util-resolve-all 81ms (cache miss)
2236 silly packumentCache full:https://registry.npmjs.org/micromark-util-resolve-all set size:undefined disposed:false
2237 http fetch GET 200 https://registry.npmjs.org/character-entities 86ms (cache miss)
2238 silly packumentCache full:https://registry.npmjs.org/character-entities set size:undefined disposed:false
2239 http fetch GET 200 https://registry.npmjs.org/micromark-util-character 87ms (cache miss)
2240 silly packumentCache full:https://registry.npmjs.org/micromark-util-character set size:undefined disposed:false
2241 http fetch GET 200 https://registry.npmjs.org/micromark-factory-space 88ms (cache miss)
2242 silly packumentCache full:https://registry.npmjs.org/micromark-factory-space set size:undefined disposed:false
2243 http fetch GET 200 https://registry.npmjs.org/micromark-util-character 85ms (cache miss)
2244 silly packumentCache full:https://registry.npmjs.org/micromark-util-character set size:undefined disposed:false
2245 http fetch GET 200 https://registry.npmjs.org/micromark-core-commonmark 90ms (cache miss)
2246 silly packumentCache full:https://registry.npmjs.org/micromark-core-commonmark set size:undefined disposed:false
2247 http fetch GET 200 https://registry.npmjs.org/micromark-util-combine-extensions 91ms (cache miss)
2248 silly packumentCache full:https://registry.npmjs.org/micromark-util-combine-extensions set size:undefined disposed:false
2249 http fetch GET 200 https://registry.npmjs.org/micromark-util-subtokenize 89ms (cache miss)
2250 silly packumentCache full:https://registry.npmjs.org/micromark-util-subtokenize set size:undefined disposed:false
2251 http fetch GET 200 https://registry.npmjs.org/micromark-util-chunked 92ms (cache miss)
2252 silly packumentCache full:https://registry.npmjs.org/micromark-util-chunked set size:undefined disposed:false
2253 http fetch GET 200 https://registry.npmjs.org/@types%2fdebug 95ms (cache miss)
2254 silly packumentCache full:https://registry.npmjs.org/@types%2fdebug set size:undefined disposed:false
2255 silly placeDep ROOT character-entities@2.0.2 OK for: decode-named-character-reference@1.3.0 want: ^2.0.0
2256 silly placeDep ROOT ccount@2.0.1 OK for: mdast-util-mdx-jsx@3.2.0 want: ^2.0.0
2257 silly placeDep ROOT parse-entities@4.0.2 OK for: mdast-util-mdx-jsx@3.2.0 want: ^4.0.0
2258 silly placeDep ROOT stringify-entities@4.0.4 OK for: mdast-util-mdx-jsx@3.2.0 want: ^4.0.0
2259 silly fetch manifest @types/unist@^2.0.0
2260 silly packumentCache full:https://registry.npmjs.org/@types%2funist cache-miss
2261 silly fetch manifest character-entities-legacy@^3.0.0
2262 silly packumentCache full:https://registry.npmjs.org/character-entities-legacy cache-miss
2263 silly fetch manifest character-reference-invalid@^2.0.0
2264 silly packumentCache full:https://registry.npmjs.org/character-reference-invalid cache-miss
2265 silly fetch manifest is-alphanumerical@^2.0.0
2266 silly packumentCache full:https://registry.npmjs.org/is-alphanumerical cache-miss
2267 silly fetch manifest is-decimal@^2.0.0
2268 silly packumentCache full:https://registry.npmjs.org/is-decimal cache-miss
2269 silly fetch manifest is-hexadecimal@^2.0.0
2270 silly packumentCache full:https://registry.npmjs.org/is-hexadecimal cache-miss
2271 silly fetch manifest character-entities-html4@^2.0.0
2272 silly packumentCache full:https://registry.npmjs.org/character-entities-html4 cache-miss
2273 silly fetch manifest character-entities-legacy@^3.0.0
2274 silly packumentCache full:https://registry.npmjs.org/character-entities-legacy cache-miss
2275 http fetch GET 200 https://registry.npmjs.org/@types%2funist 14ms (cache hit)
2276 silly packumentCache full:https://registry.npmjs.org/@types%2funist set size:39215 disposed:false
2277 http fetch GET 200 https://registry.npmjs.org/character-reference-invalid 69ms (cache miss)
2278 silly packumentCache full:https://registry.npmjs.org/character-reference-invalid set size:undefined disposed:false
2279 http fetch GET 200 https://registry.npmjs.org/character-entities-legacy 71ms (cache miss)
2280 silly packumentCache full:https://registry.npmjs.org/character-entities-legacy set size:undefined disposed:false
2281 http fetch GET 200 https://registry.npmjs.org/character-entities-legacy 71ms (cache miss)
2282 silly packumentCache full:https://registry.npmjs.org/character-entities-legacy set size:undefined disposed:false
2283 http fetch GET 200 https://registry.npmjs.org/character-entities-html4 72ms (cache miss)
2284 silly packumentCache full:https://registry.npmjs.org/character-entities-html4 set size:undefined disposed:false
2285 http fetch GET 200 https://registry.npmjs.org/is-hexadecimal 73ms (cache miss)
2286 silly packumentCache full:https://registry.npmjs.org/is-hexadecimal set size:undefined disposed:false
2287 http fetch GET 200 https://registry.npmjs.org/is-alphanumerical 75ms (cache miss)
2288 silly packumentCache full:https://registry.npmjs.org/is-alphanumerical set size:undefined disposed:false
2289 http fetch GET 200 https://registry.npmjs.org/is-decimal 76ms (cache miss)
2290 silly packumentCache full:https://registry.npmjs.org/is-decimal set size:undefined disposed:false
2291 silly placeDep ROOT @ungap/structured-clone@1.3.0 OK for: mdast-util-to-hast@13.2.1 want: ^1.0.0
2292 silly placeDep ROOT micromark-util-sanitize-uri@2.0.1 OK for: mdast-util-to-hast@13.2.1 want: ^2.0.0
2293 silly placeDep ROOT trim-lines@3.0.1 OK for: mdast-util-to-hast@13.2.1 want: ^3.0.0
2294 silly placeDep ROOT longest-streak@3.1.0 OK for: mdast-util-to-markdown@2.1.2 want: ^3.0.0
2295 silly placeDep ROOT mdast-util-phrasing@4.1.0 OK for: mdast-util-to-markdown@2.1.2 want: ^4.0.0
2296 silly placeDep ROOT micromark-util-classify-character@2.0.1 OK for: mdast-util-to-markdown@2.1.2 want: ^2.0.0
2297 silly placeDep ROOT zwitch@2.0.4 OK for: mdast-util-to-markdown@2.1.2 want: ^2.0.0
2298 silly placeDep ROOT unist-util-is@6.0.1 OK for: mdast-util-phrasing@4.1.0 want: ^6.0.0
2299 silly placeDep ROOT @types/debug@4.1.12 OK for: micromark@4.0.2 want: ^4.0.0
2300 silly placeDep ROOT micromark-core-commonmark@2.0.3 OK for: micromark@4.0.2 want: ^2.0.0
2301 silly placeDep ROOT micromark-factory-space@2.0.1 OK for: micromark@4.0.2 want: ^2.0.0
2302 silly placeDep ROOT micromark-util-character@2.1.1 OK for: micromark@4.0.2 want: ^2.0.0
2303 silly placeDep ROOT micromark-util-chunked@2.0.1 OK for: micromark@4.0.2 want: ^2.0.0
2304 silly placeDep ROOT micromark-util-combine-extensions@2.0.1 OK for: micromark@4.0.2 want: ^2.0.0
2305 silly placeDep ROOT micromark-util-encode@2.0.1 OK for: micromark@4.0.2 want: ^2.0.0
2306 silly placeDep ROOT micromark-util-resolve-all@2.0.1 OK for: micromark@4.0.2 want: ^2.0.0
2307 silly placeDep ROOT micromark-util-subtokenize@2.1.0 OK for: micromark@4.0.2 want: ^2.0.0
2308 silly fetch manifest @types/ms@*
2309 silly packumentCache full:https://registry.npmjs.org/@types%2fms cache-miss
2310 silly fetch manifest micromark-factory-destination@^2.0.0
2311 silly packumentCache full:https://registry.npmjs.org/micromark-factory-destination cache-miss
2312 silly fetch manifest micromark-factory-label@^2.0.0
2313 silly packumentCache full:https://registry.npmjs.org/micromark-factory-label cache-miss
2314 silly fetch manifest micromark-factory-title@^2.0.0
2315 silly packumentCache full:https://registry.npmjs.org/micromark-factory-title cache-miss
2316 silly fetch manifest micromark-factory-whitespace@^2.0.0
2317 silly packumentCache full:https://registry.npmjs.org/micromark-factory-whitespace cache-miss
2318 silly fetch manifest micromark-util-html-tag-name@^2.0.0
2319 silly packumentCache full:https://registry.npmjs.org/micromark-util-html-tag-name cache-miss
2320 http fetch GET 200 https://registry.npmjs.org/micromark-factory-whitespace 68ms (cache miss)
2321 silly packumentCache full:https://registry.npmjs.org/micromark-factory-whitespace set size:undefined disposed:false
2322 http fetch GET 200 https://registry.npmjs.org/micromark-util-html-tag-name 69ms (cache miss)
2323 silly packumentCache full:https://registry.npmjs.org/micromark-util-html-tag-name set size:undefined disposed:false
2324 http fetch GET 200 https://registry.npmjs.org/micromark-factory-title 71ms (cache miss)
2325 silly packumentCache full:https://registry.npmjs.org/micromark-factory-title set size:undefined disposed:false
2326 http fetch GET 200 https://registry.npmjs.org/@types%2fms 73ms (cache miss)
2327 silly packumentCache full:https://registry.npmjs.org/@types%2fms set size:undefined disposed:false
2328 http fetch GET 200 https://registry.npmjs.org/micromark-factory-destination 73ms (cache miss)
2329 silly packumentCache full:https://registry.npmjs.org/micromark-factory-destination set size:undefined disposed:false
2330 http fetch GET 200 https://registry.npmjs.org/micromark-factory-label 74ms (cache miss)
2331 silly packumentCache full:https://registry.npmjs.org/micromark-factory-label set size:undefined disposed:false
2332 silly placeDep ROOT @types/ms@2.1.0 OK for: @types/debug@4.1.12 want: *
2333 silly placeDep ROOT micromark-factory-destination@2.0.1 OK for: micromark-core-commonmark@2.0.3 want: ^2.0.0
2334 silly placeDep ROOT micromark-factory-label@2.0.1 OK for: micromark-core-commonmark@2.0.3 want: ^2.0.0
2335 silly placeDep ROOT micromark-factory-title@2.0.1 OK for: micromark-core-commonmark@2.0.3 want: ^2.0.0
2336 silly placeDep ROOT micromark-factory-whitespace@2.0.1 OK for: micromark-core-commonmark@2.0.3 want: ^2.0.0
2337 silly placeDep ROOT micromark-util-html-tag-name@2.0.1 OK for: micromark-core-commonmark@2.0.3 want: ^2.0.0
2338 silly placeDep node_modules/parse-entities @types/unist@2.0.11 OK for: parse-entities@4.0.2 want: ^2.0.0
2339 silly placeDep ROOT character-entities-legacy@3.0.0 OK for: parse-entities@4.0.2 want: ^3.0.0
2340 silly placeDep ROOT character-reference-invalid@2.0.1 OK for: parse-entities@4.0.2 want: ^2.0.0
2341 silly placeDep ROOT is-alphanumerical@2.0.1 OK for: parse-entities@4.0.2 want: ^2.0.0
2342 silly placeDep ROOT is-decimal@2.0.1 OK for: parse-entities@4.0.2 want: ^2.0.0
2343 silly placeDep ROOT is-hexadecimal@2.0.1 OK for: parse-entities@4.0.2 want: ^2.0.0
2344 silly fetch manifest is-alphabetical@^2.0.0
2345 silly packumentCache full:https://registry.npmjs.org/is-alphabetical cache-miss
2346 http fetch GET 200 https://registry.npmjs.org/is-alphabetical 66ms (cache miss)
2347 silly packumentCache full:https://registry.npmjs.org/is-alphabetical set size:undefined disposed:false
2348 silly placeDep ROOT is-alphabetical@2.0.1 OK for: is-alphanumerical@2.0.1 want: ^2.0.0
2349 silly placeDep ROOT page-flip@2.0.7 OK for: react-pageflip@2.0.3 want: latest
2350 silly placeDep ROOT warning@4.0.3 OK for: react-popper@2.3.0 want: ^4.0.2
2351 silly placeDep ROOT @types/quill@1.3.10 OK for: react-quill@2.0.0 want: ^1.3.10
2352 silly placeDep ROOT lodash@4.17.23 OK for: react-quill@2.0.0 want: ^4.17.4
2353 silly placeDep node_modules/react-quill quill@1.3.7 OK for: react-quill@2.0.0 want: ^1.3.7
2354 silly fetch manifest parchment@^1.1.2
2355 silly packumentCache full:https://registry.npmjs.org/parchment cache-miss
2356 silly fetch manifest clone@^2.1.1
2357 silly packumentCache full:https://registry.npmjs.org/clone cache-miss
2358 silly fetch manifest extend@^3.0.2
2359 silly packumentCache full:https://registry.npmjs.org/extend cache-miss
2360 silly fetch manifest parchment@^1.1.4
2361 silly packumentCache full:https://registry.npmjs.org/parchment cache-miss
2362 silly fetch manifest deep-equal@^1.0.1
2363 silly packumentCache full:https://registry.npmjs.org/deep-equal cache-miss
2364 silly fetch manifest quill-delta@^3.6.2
2365 silly packumentCache full:https://registry.npmjs.org/quill-delta cache-miss
2366 silly fetch manifest eventemitter3@^2.0.3
2367 silly packumentCache full:https://registry.npmjs.org/eventemitter3 cache-hit
2368 http fetch GET 200 https://registry.npmjs.org/parchment 12ms (cache hit)
2369 silly packumentCache full:https://registry.npmjs.org/parchment set size:239130 disposed:false
2370 http fetch GET 200 https://registry.npmjs.org/quill-delta 13ms (cache hit)
2371 silly packumentCache full:https://registry.npmjs.org/quill-delta set size:61893 disposed:false
2372 http fetch GET 200 https://registry.npmjs.org/extend 15ms (cache hit)
2373 silly packumentCache full:https://registry.npmjs.org/extend set size:25974 disposed:false
2374 http fetch GET 200 https://registry.npmjs.org/parchment 16ms (cache hit)
2375 silly packumentCache full:https://registry.npmjs.org/parchment set size:239130 disposed:false
2376 silly packumentCache full:https://registry.npmjs.org/parchment dispose
2377 http fetch GET 200 https://registry.npmjs.org/clone 70ms (cache miss)
2378 silly packumentCache full:https://registry.npmjs.org/clone set size:undefined disposed:false
2379 http fetch GET 200 https://registry.npmjs.org/deep-equal 80ms (cache miss)
2380 silly packumentCache full:https://registry.npmjs.org/deep-equal set size:undefined disposed:false
2381 silly placeDep node_modules/@types/quill parchment@1.1.4 OK for: @types/quill@1.3.10 want: ^1.1.2
2382 silly fetch manifest react@^16.8.0 || ^17.0.0 || ^18.0.0 || ^19.0.0 || ^19.0.0-rc
2383 silly packumentCache full:https://registry.npmjs.org/react cache-miss
2384 http fetch GET 200 https://registry.npmjs.org/react 23ms (cache hit)
2385 silly packumentCache full:https://registry.npmjs.org/react set size:6543561 disposed:false
2386 silly placeDep ROOT react-remove-scroll-bar@2.3.8 OK for: react-remove-scroll@2.7.2 want: ^2.3.7
2387 silly placeDep ROOT react-style-singleton@2.2.3 OK for: react-remove-scroll@2.7.2 want: ^2.2.3
2388 silly placeDep ROOT use-callback-ref@1.3.3 OK for: react-remove-scroll@2.7.2 want: ^1.3.3
2389 silly placeDep ROOT use-sidecar@1.1.3 OK for: react-remove-scroll@2.7.2 want: ^1.1.3
2390 silly fetch manifest react-style-singleton@^2.2.2
2391 silly packumentCache full:https://registry.npmjs.org/react-style-singleton cache-miss
2392 silly fetch manifest get-nonce@^1.0.0
2393 silly packumentCache full:https://registry.npmjs.org/get-nonce cache-miss
2394 silly fetch manifest detect-node-es@^1.1.0
2395 silly packumentCache full:https://registry.npmjs.org/detect-node-es cache-miss
2396 http fetch GET 200 https://registry.npmjs.org/react-style-singleton 8ms (cache hit)
2397 silly packumentCache full:https://registry.npmjs.org/react-style-singleton set size:33682 disposed:false
2398 http fetch GET 200 https://registry.npmjs.org/get-nonce 65ms (cache miss)
2399 silly packumentCache full:https://registry.npmjs.org/get-nonce set size:undefined disposed:false
2400 http fetch GET 200 https://registry.npmjs.org/detect-node-es 73ms (cache miss)
2401 silly packumentCache full:https://registry.npmjs.org/detect-node-es set size:undefined disposed:false
2402 silly placeDep ROOT cookie@1.1.1 OK for: react-router@7.13.1 want: ^1.0.1
2403 silly placeDep ROOT set-cookie-parser@2.7.2 OK for: react-router@7.13.1 want: ^2.6.0
2404 silly placeDep ROOT classnames@2.5.1 OK for: react-slick@0.31.0 want: ^2.2.5
2405 silly placeDep ROOT json2mq@0.2.0 OK for: react-slick@0.31.0 want: ^0.2.0
2406 silly placeDep ROOT lodash.debounce@4.0.8 OK for: react-slick@0.31.0 want: ^4.0.8
2407 silly placeDep ROOT resize-observer-polyfill@1.5.1 OK for: react-slick@0.31.0 want: ^1.5.0
2408 silly fetch manifest string-convert@^0.2.0
2409 silly packumentCache full:https://registry.npmjs.org/string-convert cache-miss
2410 http fetch GET 200 https://registry.npmjs.org/string-convert 62ms (cache miss)
2411 silly packumentCache full:https://registry.npmjs.org/string-convert set size:undefined disposed:false
2412 silly placeDep ROOT string-convert@0.2.1 OK for: json2mq@0.2.0 want: ^0.2.0
2413 silly placeDep ROOT get-nonce@1.0.1 OK for: react-style-singleton@2.2.3 want: ^1.0.0
2414 silly placeDep ROOT dom-helpers@5.2.1 OK for: react-transition-group@4.4.5 want: ^5.0.1
2415 silly fetch manifest react@^16.0.0 || ^17.0.0 || ^18.0.0 || ^19.0.0
2416 silly packumentCache full:https://registry.npmjs.org/react cache-miss
2417 http fetch GET 200 https://registry.npmjs.org/react 20ms (cache hit)
2418 silly packumentCache full:https://registry.npmjs.org/react set size:6543561 disposed:false
2419 silly fetch manifest react-dom@^16.0.0 || ^17.0.0 || ^18.0.0 || ^19.0.0
2420 silly packumentCache full:https://registry.npmjs.org/react-dom cache-miss
2421 http fetch GET 200 https://registry.npmjs.org/react-dom 27ms (cache hit)
2422 silly packumentCache full:https://registry.npmjs.org/react-dom set size:8685222 disposed:false
2423 silly placeDep node_modules/recharts eventemitter3@4.0.7 OK for: recharts@2.15.2 want: ^4.0.1
2424 silly placeDep node_modules/recharts react-is@18.3.1 OK for: recharts@2.15.2 want: ^18.3.1
2425 silly placeDep ROOT react-smooth@4.0.4 OK for: recharts@2.15.2 want: ^4.0.4
2426 silly placeDep ROOT recharts-scale@0.4.5 OK for: recharts@2.15.2 want: ^0.4.4
2427 silly placeDep ROOT tiny-invariant@1.3.3 OK for: recharts@2.15.2 want: ^1.3.1
2428 silly placeDep ROOT victory-vendor@36.9.2 OK for: recharts@2.15.2 want: ^36.6.8
2429 silly fetch manifest fast-equals@^5.0.1
2430 silly packumentCache full:https://registry.npmjs.org/fast-equals cache-miss
2431 silly fetch manifest decimal.js-light@^2.4.1
2432 silly packumentCache full:https://registry.npmjs.org/decimal.js-light cache-miss
2433 silly fetch manifest d3-ease@^3.0.1
2434 silly packumentCache full:https://registry.npmjs.org/d3-ease cache-miss
2435 silly fetch manifest d3-time@^3.0.0
2436 silly packumentCache full:https://registry.npmjs.org/d3-time cache-miss
2437 silly fetch manifest d3-array@^3.1.6
2438 silly packumentCache full:https://registry.npmjs.org/d3-array cache-miss
2439 silly fetch manifest d3-scale@^4.0.2
2440 silly packumentCache full:https://registry.npmjs.org/d3-scale cache-miss
2441 silly fetch manifest d3-shape@^3.1.0
2442 silly packumentCache full:https://registry.npmjs.org/d3-shape cache-miss
2443 silly fetch manifest d3-timer@^3.0.1
2444 silly packumentCache full:https://registry.npmjs.org/d3-timer cache-miss
2445 silly fetch manifest @types/d3-ease@^3.0.0
2446 silly packumentCache full:https://registry.npmjs.org/@types%2fd3-ease cache-miss
2447 silly fetch manifest @types/d3-time@^3.0.0
2448 silly packumentCache full:https://registry.npmjs.org/@types%2fd3-time cache-miss
2449 silly fetch manifest d3-interpolate@^3.0.1
2450 silly packumentCache full:https://registry.npmjs.org/d3-interpolate cache-miss
2451 http fetch GET 200 https://registry.npmjs.org/decimal.js-light 66ms (cache miss)
2452 silly packumentCache full:https://registry.npmjs.org/decimal.js-light set size:undefined disposed:false
2453 silly fetch manifest @types/d3-array@^3.0.3
2454 silly packumentCache full:https://registry.npmjs.org/@types%2fd3-array cache-miss
2455 http fetch GET 200 https://registry.npmjs.org/d3-ease 83ms (cache miss)
2456 silly packumentCache full:https://registry.npmjs.org/d3-ease set size:undefined disposed:false
2457 silly fetch manifest @types/d3-scale@^4.0.2
2458 silly packumentCache full:https://registry.npmjs.org/@types%2fd3-scale cache-miss
2459 http fetch GET 200 https://registry.npmjs.org/d3-array 91ms (cache miss)
2460 silly packumentCache full:https://registry.npmjs.org/d3-array set size:undefined disposed:false
2461 silly fetch manifest @types/d3-shape@^3.1.0
2462 silly packumentCache full:https://registry.npmjs.org/@types%2fd3-shape cache-miss
2463 http fetch GET 200 https://registry.npmjs.org/@types%2fd3-ease 94ms (cache miss)
2464 silly packumentCache full:https://registry.npmjs.org/@types%2fd3-ease set size:undefined disposed:false
2465 silly fetch manifest @types/d3-timer@^3.0.0
2466 silly packumentCache full:https://registry.npmjs.org/@types%2fd3-timer cache-miss
2467 http fetch GET 200 https://registry.npmjs.org/d3-interpolate 97ms (cache miss)
2468 silly packumentCache full:https://registry.npmjs.org/d3-interpolate set size:undefined disposed:false
2469 silly fetch manifest @types/d3-interpolate@^3.0.1
2470 silly packumentCache full:https://registry.npmjs.org/@types%2fd3-interpolate cache-miss
2471 http fetch GET 200 https://registry.npmjs.org/d3-time 101ms (cache miss)
2472 silly packumentCache full:https://registry.npmjs.org/d3-time set size:undefined disposed:false
2473 http fetch GET 200 https://registry.npmjs.org/d3-timer 103ms (cache miss)
2474 silly packumentCache full:https://registry.npmjs.org/d3-timer set size:undefined disposed:false
2475 http fetch GET 200 https://registry.npmjs.org/fast-equals 108ms (cache miss)
2476 silly packumentCache full:https://registry.npmjs.org/fast-equals set size:undefined disposed:false
2477 http fetch GET 200 https://registry.npmjs.org/d3-shape 111ms (cache miss)
2478 silly packumentCache full:https://registry.npmjs.org/d3-shape set size:undefined disposed:false
2479 http fetch GET 200 https://registry.npmjs.org/@types%2fd3-time 116ms (cache miss)
2480 silly packumentCache full:https://registry.npmjs.org/@types%2fd3-time set size:undefined disposed:false
2481 http fetch GET 200 https://registry.npmjs.org/d3-scale 118ms (cache miss)
2482 silly packumentCache full:https://registry.npmjs.org/d3-scale set size:undefined disposed:false
2483 http fetch GET 200 https://registry.npmjs.org/@types%2fd3-array 68ms (cache miss)
2484 silly packumentCache full:https://registry.npmjs.org/@types%2fd3-array set size:undefined disposed:false
2485 http fetch GET 200 https://registry.npmjs.org/@types%2fd3-scale 76ms (cache miss)
2486 silly packumentCache full:https://registry.npmjs.org/@types%2fd3-scale set size:undefined disposed:false
2487 http fetch GET 200 https://registry.npmjs.org/@types%2fd3-timer 73ms (cache miss)
2488 silly packumentCache full:https://registry.npmjs.org/@types%2fd3-timer set size:undefined disposed:false
2489 http fetch GET 200 https://registry.npmjs.org/@types%2fd3-shape 210ms (cache miss)
2490 silly packumentCache full:https://registry.npmjs.org/@types%2fd3-shape set size:undefined disposed:false
2491 http fetch GET 200 https://registry.npmjs.org/@types%2fd3-interpolate 526ms (cache miss)
2492 silly packumentCache full:https://registry.npmjs.org/@types%2fd3-interpolate set size:undefined disposed:false
2493 silly placeDep ROOT fast-equals@5.4.0 OK for: react-smooth@4.0.4 want: ^5.0.1
2494 silly placeDep ROOT decimal.js-light@2.5.1 OK for: recharts-scale@0.4.5 want: ^2.4.1
2495 silly placeDep ROOT is-core-module@2.16.1 OK for: resolve@1.22.11 want: ^2.16.1
2496 silly placeDep ROOT path-parse@1.0.7 OK for: resolve@1.22.11 want: ^1.0.7
2497 silly placeDep ROOT supports-preserve-symlinks-flag@1.0.0 OK for: resolve@1.22.11 want: ^1.0.0
2498 silly fetch manifest hasown@^2.0.2
2499 silly packumentCache full:https://registry.npmjs.org/hasown cache-miss
2500 http fetch GET 200 https://registry.npmjs.org/hasown 56ms (cache miss)
2501 silly packumentCache full:https://registry.npmjs.org/hasown set size:undefined disposed:false
2502 silly placeDep ROOT hasown@2.0.2 OK for: is-core-module@2.16.1 want: ^2.0.2
2503 silly fetch manifest function-bind@^1.1.2
2504 silly packumentCache full:https://registry.npmjs.org/function-bind cache-miss
2505 http fetch GET 200 https://registry.npmjs.org/function-bind 61ms (cache miss)
2506 silly packumentCache full:https://registry.npmjs.org/function-bind set size:undefined disposed:false
2507 silly placeDep ROOT function-bind@1.1.2 OK for: hasown@2.0.2 want: ^1.1.2
2508 silly placeDep ROOT character-entities-html4@2.1.0 OK for: stringify-entities@4.0.4 want: ^2.0.0
2509 silly placeDep ROOT style-to-object@1.0.14 OK for: style-to-js@1.1.21 want: 1.0.14
2510 silly fetch manifest inline-style-parser@0.2.7
2511 silly packumentCache full:https://registry.npmjs.org/inline-style-parser cache-miss
2512 http fetch GET 200 https://registry.npmjs.org/inline-style-parser 70ms (cache miss)
2513 silly packumentCache full:https://registry.npmjs.org/inline-style-parser set size:undefined disposed:false
2514 silly placeDep ROOT inline-style-parser@0.2.7 OK for: style-to-object@1.0.14 want: 0.2.7
2515 silly placeDep ROOT @isaacs/fs-minipass@4.0.1 OK for: tar@7.5.11 want: ^4.0.0
2516 silly placeDep ROOT chownr@3.0.0 OK for: tar@7.5.11 want: ^3.0.0
2517 silly placeDep ROOT minipass@7.1.3 OK for: tar@7.5.11 want: ^7.1.2
2518 silly placeDep ROOT minizlib@3.1.0 OK for: tar@7.5.11 want: ^3.1.0
2519 silly placeDep node_modules/tar yallist@5.0.0 OK for: tar@7.5.11 want: ^5.0.0
2520 silly fetch manifest minipass@^7.0.4
2521 silly packumentCache full:https://registry.npmjs.org/minipass cache-miss
2522 http fetch GET 200 https://registry.npmjs.org/minipass 10ms (cache hit)
2523 silly packumentCache full:https://registry.npmjs.org/minipass set size:276925 disposed:false
2524 silly placeDep ROOT bail@2.0.2 OK for: unified@11.0.5 want: ^2.0.0
2525 silly placeDep ROOT extend@3.0.2 OK for: unified@11.0.5 want: ^3.0.0
2526 silly placeDep ROOT is-plain-obj@4.1.0 OK for: unified@11.0.5 want: ^4.0.0
2527 silly placeDep ROOT trough@2.2.0 OK for: unified@11.0.5 want: ^2.0.0
2528 silly placeDep ROOT unist-util-visit-parents@6.0.2 OK for: unist-util-visit@5.1.0 want: ^6.0.0
2529 silly placeDep ROOT escalade@3.2.0 OK for: update-browserslist-db@1.2.3 want: ^3.2.0
2530 silly placeDep ROOT detect-node-es@1.1.0 OK for: use-sidecar@1.1.3 want: ^1.1.0
2531 silly placeDep ROOT base64-arraybuffer@1.0.2 OK for: utrie@1.0.2 want: ^1.0.2
2532 silly placeDep ROOT @types/d3-array@3.2.2 OK for: victory-vendor@36.9.2 want: ^3.0.3
2533 silly placeDep ROOT @types/d3-ease@3.0.2 OK for: victory-vendor@36.9.2 want: ^3.0.0
2534 silly placeDep ROOT @types/d3-interpolate@3.0.4 OK for: victory-vendor@36.9.2 want: ^3.0.1
2535 silly placeDep ROOT @types/d3-scale@4.0.9 OK for: victory-vendor@36.9.2 want: ^4.0.2
2536 silly placeDep ROOT @types/d3-shape@3.1.8 OK for: victory-vendor@36.9.2 want: ^3.1.0
2537 silly placeDep ROOT @types/d3-time@3.0.4 OK for: victory-vendor@36.9.2 want: ^3.0.0
2538 silly placeDep ROOT @types/d3-timer@3.0.2 OK for: victory-vendor@36.9.2 want: ^3.0.0
2539 silly placeDep ROOT d3-array@3.2.4 OK for: victory-vendor@36.9.2 want: ^3.1.6
2540 silly placeDep ROOT d3-ease@3.0.1 OK for: victory-vendor@36.9.2 want: ^3.0.1
2541 silly placeDep ROOT d3-interpolate@3.0.1 OK for: victory-vendor@36.9.2 want: ^3.0.1
2542 silly placeDep ROOT d3-scale@4.0.2 OK for: victory-vendor@36.9.2 want: ^4.0.2
2543 silly placeDep ROOT d3-shape@3.2.0 OK for: victory-vendor@36.9.2 want: ^3.1.0
2544 silly placeDep ROOT d3-time@3.1.0 OK for: victory-vendor@36.9.2 want: ^3.0.0
2545 silly placeDep ROOT d3-timer@3.0.1 OK for: victory-vendor@36.9.2 want: ^3.0.1
2546 silly fetch manifest @types/d3-color@*
2547 silly packumentCache full:https://registry.npmjs.org/@types%2fd3-color cache-miss
2548 silly fetch manifest @types/d3-time@*
2549 silly packumentCache full:https://registry.npmjs.org/@types%2fd3-time cache-miss
2550 silly fetch manifest @types/d3-path@*
2551 silly packumentCache full:https://registry.npmjs.org/@types%2fd3-path cache-miss
2552 silly fetch manifest internmap@1 - 2
2553 silly packumentCache full:https://registry.npmjs.org/internmap cache-miss
2554 silly fetch manifest d3-color@1 - 3
2555 silly packumentCache full:https://registry.npmjs.org/d3-color cache-miss
2556 silly fetch manifest d3-format@1 - 3
2557 silly packumentCache full:https://registry.npmjs.org/d3-format cache-miss
2558 silly fetch manifest d3-time@2.1.1 - 3
2559 silly packumentCache full:https://registry.npmjs.org/d3-time cache-miss
2560 silly fetch manifest d3-time-format@2 - 4
2561 silly packumentCache full:https://registry.npmjs.org/d3-time-format cache-miss
2562 silly fetch manifest d3-path@^3.1.0
2563 silly packumentCache full:https://registry.npmjs.org/d3-path cache-miss
2564 http fetch GET 200 https://registry.npmjs.org/d3-time 52ms (cache hit)
2565 silly packumentCache full:https://registry.npmjs.org/d3-time set size:150406 disposed:false
2566 http fetch GET 200 https://registry.npmjs.org/@types%2fd3-time 57ms (cache hit)
2567 silly packumentCache full:https://registry.npmjs.org/@types%2fd3-time set size:52652 disposed:false
2568 http fetch GET 200 https://registry.npmjs.org/internmap 107ms (cache miss)
2569 silly packumentCache full:https://registry.npmjs.org/internmap set size:undefined disposed:false
2570 http fetch GET 200 https://registry.npmjs.org/d3-path 107ms (cache miss)
2571 silly packumentCache full:https://registry.npmjs.org/d3-path set size:undefined disposed:false
2572 http fetch GET 200 https://registry.npmjs.org/@types%2fd3-path 110ms (cache miss)
2573 silly packumentCache full:https://registry.npmjs.org/@types%2fd3-path set size:undefined disposed:false
2574 http fetch GET 200 https://registry.npmjs.org/d3-color 110ms (cache miss)
2575 silly packumentCache full:https://registry.npmjs.org/d3-color set size:undefined disposed:false
2576 http fetch GET 200 https://registry.npmjs.org/d3-format 113ms (cache miss)
2577 silly packumentCache full:https://registry.npmjs.org/d3-format set size:undefined disposed:false
2578 http fetch GET 200 https://registry.npmjs.org/d3-time-format 114ms (cache miss)
2579 silly packumentCache full:https://registry.npmjs.org/d3-time-format set size:undefined disposed:false
2580 http fetch GET 200 https://registry.npmjs.org/@types%2fd3-color 118ms (cache miss)
2581 silly packumentCache full:https://registry.npmjs.org/@types%2fd3-color set size:undefined disposed:false
2582 silly placeDep ROOT @types/d3-color@3.1.3 OK for: @types/d3-interpolate@3.0.4 want: *
2583 silly placeDep ROOT @types/d3-path@3.1.1 OK for: @types/d3-shape@3.1.8 want: *
2584 silly placeDep ROOT internmap@2.0.3 OK for: d3-array@3.2.4 want: 1 - 2
2585 silly placeDep ROOT d3-color@3.1.0 OK for: d3-interpolate@3.0.1 want: 1 - 3
2586 silly placeDep ROOT d3-format@3.1.2 OK for: d3-scale@4.0.2 want: 1 - 3
2587 silly placeDep ROOT d3-time-format@4.1.0 OK for: d3-scale@4.0.2 want: 2 - 4
2588 silly placeDep ROOT d3-path@3.1.0 OK for: d3-shape@3.2.0 want: ^3.1.0
2589 silly placeDep ROOT esbuild@0.25.12 OK for: vite@6.3.5 want: ^0.25.0
2590 silly placeDep ROOT fdir@6.5.0 OK for: vite@6.3.5 want: ^6.4.4
2591 silly placeDep ROOT fsevents@2.3.3 OK for: vite@6.3.5 want: ~2.3.3
2592 silly placeDep ROOT picomatch@4.0.3 OK for: vite@6.3.5 want: ^4.0.2
2593 silly placeDep ROOT postcss@8.5.8 OK for: vite@6.3.5 want: ^8.5.3
2594 silly placeDep ROOT rollup@4.59.0 OK for: vite@6.3.5 want: ^4.34.9
2595 silly placeDep ROOT tinyglobby@0.2.15 OK for: vite@6.3.5 want: ^0.2.13
2596 silly placeDep ROOT yaml@2.8.2 REPLACE for: vite@6.3.5 want: ^2.4.2
2597 silly fetch manifest @esbuild/aix-ppc64@0.25.12
2598 silly packumentCache full:https://registry.npmjs.org/@esbuild%2faix-ppc64 cache-miss
2599 silly fetch manifest @esbuild/linux-arm@0.25.12
2600 silly packumentCache full:https://registry.npmjs.org/@esbuild%2flinux-arm cache-miss
2601 silly fetch manifest @esbuild/linux-x64@0.25.12
2602 silly packumentCache full:https://registry.npmjs.org/@esbuild%2flinux-x64 cache-miss
2603 silly fetch manifest @esbuild/sunos-x64@0.25.12
2604 silly packumentCache full:https://registry.npmjs.org/@esbuild%2fsunos-x64 cache-miss
2605 silly fetch manifest @esbuild/win32-x64@0.25.12
2606 silly packumentCache full:https://registry.npmjs.org/@esbuild%2fwin32-x64 cache-miss
2607 silly fetch manifest @esbuild/darwin-x64@0.25.12
2608 silly packumentCache full:https://registry.npmjs.org/@esbuild%2fdarwin-x64 cache-miss
2609 silly fetch manifest @esbuild/linux-ia32@0.25.12
2610 silly packumentCache full:https://registry.npmjs.org/@esbuild%2flinux-ia32 cache-miss
2611 silly fetch manifest @esbuild/netbsd-x64@0.25.12
2612 silly packumentCache full:https://registry.npmjs.org/@esbuild%2fnetbsd-x64 cache-miss
2613 silly fetch manifest @esbuild/win32-ia32@0.25.12
2614 silly packumentCache full:https://registry.npmjs.org/@esbuild%2fwin32-ia32 cache-miss
2615 silly fetch manifest @esbuild/android-arm@0.25.12
2616 silly packumentCache full:https://registry.npmjs.org/@esbuild%2fandroid-arm cache-miss
2617 silly fetch manifest @esbuild/android-x64@0.25.12
2618 silly packumentCache full:https://registry.npmjs.org/@esbuild%2fandroid-x64 cache-miss
2619 http fetch GET 200 https://registry.npmjs.org/@esbuild%2flinux-ia32 77ms (cache miss)
2620 silly packumentCache full:https://registry.npmjs.org/@esbuild%2flinux-ia32 set size:undefined disposed:false
2621 silly fetch manifest @esbuild/freebsd-x64@0.25.12
2622 silly packumentCache full:https://registry.npmjs.org/@esbuild%2ffreebsd-x64 cache-miss
2623 http fetch GET 200 https://registry.npmjs.org/@esbuild%2flinux-arm 109ms (cache miss)
2624 silly packumentCache full:https://registry.npmjs.org/@esbuild%2flinux-arm set size:undefined disposed:false
2625 silly fetch manifest @esbuild/linux-arm64@0.25.12
2626 silly packumentCache full:https://registry.npmjs.org/@esbuild%2flinux-arm64 cache-miss
2627 http fetch GET 200 https://registry.npmjs.org/@esbuild%2fdarwin-x64 111ms (cache miss)
2628 silly packumentCache full:https://registry.npmjs.org/@esbuild%2fdarwin-x64 set size:undefined disposed:false
2629 silly fetch manifest @esbuild/linux-ppc64@0.25.12
2630 silly packumentCache full:https://registry.npmjs.org/@esbuild%2flinux-ppc64 cache-miss
2631 http fetch GET 200 https://registry.npmjs.org/@esbuild%2faix-ppc64 115ms (cache miss)
2632 silly packumentCache full:https://registry.npmjs.org/@esbuild%2faix-ppc64 set size:undefined disposed:false
2633 silly fetch manifest @esbuild/linux-s390x@0.25.12
2634 silly packumentCache full:https://registry.npmjs.org/@esbuild%2flinux-s390x cache-miss
2635 http fetch GET 200 https://registry.npmjs.org/@esbuild%2fwin32-ia32 118ms (cache miss)
2636 silly packumentCache full:https://registry.npmjs.org/@esbuild%2fwin32-ia32 set size:undefined disposed:false
2637 silly fetch manifest @esbuild/openbsd-x64@0.25.12
2638 silly packumentCache full:https://registry.npmjs.org/@esbuild%2fopenbsd-x64 cache-miss
2639 http fetch GET 200 https://registry.npmjs.org/@esbuild%2fwin32-x64 122ms (cache miss)
2640 silly packumentCache full:https://registry.npmjs.org/@esbuild%2fwin32-x64 set size:undefined disposed:false
2641 silly fetch manifest @esbuild/win32-arm64@0.25.12
2642 silly packumentCache full:https://registry.npmjs.org/@esbuild%2fwin32-arm64 cache-miss
2643 http fetch GET 200 https://registry.npmjs.org/@esbuild%2fsunos-x64 127ms (cache miss)
2644 silly packumentCache full:https://registry.npmjs.org/@esbuild%2fsunos-x64 set size:undefined disposed:false
2645 silly fetch manifest @esbuild/darwin-arm64@0.25.12
2646 silly packumentCache full:https://registry.npmjs.org/@esbuild%2fdarwin-arm64 cache-miss
2647 http fetch GET 200 https://registry.npmjs.org/@esbuild%2fnetbsd-x64 130ms (cache miss)
2648 silly packumentCache full:https://registry.npmjs.org/@esbuild%2fnetbsd-x64 set size:undefined disposed:false
2649 silly fetch manifest @esbuild/netbsd-arm64@0.25.12
2650 silly packumentCache full:https://registry.npmjs.org/@esbuild%2fnetbsd-arm64 cache-miss
2651 http fetch GET 200 https://registry.npmjs.org/@esbuild%2fandroid-x64 132ms (cache miss)
2652 silly packumentCache full:https://registry.npmjs.org/@esbuild%2fandroid-x64 set size:undefined disposed:false
2653 silly fetch manifest @esbuild/android-arm64@0.25.12
2654 silly packumentCache full:https://registry.npmjs.org/@esbuild%2fandroid-arm64 cache-miss
2655 http fetch GET 200 https://registry.npmjs.org/@esbuild%2flinux-x64 138ms (cache miss)
2656 silly packumentCache full:https://registry.npmjs.org/@esbuild%2flinux-x64 set size:undefined disposed:false
2657 silly fetch manifest @esbuild/freebsd-arm64@0.25.12
2658 silly packumentCache full:https://registry.npmjs.org/@esbuild%2ffreebsd-arm64 cache-miss
2659 http fetch GET 200 https://registry.npmjs.org/@esbuild%2fandroid-arm 142ms (cache miss)
2660 silly packumentCache full:https://registry.npmjs.org/@esbuild%2fandroid-arm set size:undefined disposed:false
2661 silly fetch manifest @esbuild/linux-loong64@0.25.12
2662 silly packumentCache full:https://registry.npmjs.org/@esbuild%2flinux-loong64 cache-miss
2663 http fetch GET 200 https://registry.npmjs.org/@esbuild%2ffreebsd-x64 77ms (cache miss)
2664 silly packumentCache full:https://registry.npmjs.org/@esbuild%2ffreebsd-x64 set size:undefined disposed:false
2665 silly fetch manifest @esbuild/linux-riscv64@0.25.12
2666 silly packumentCache full:https://registry.npmjs.org/@esbuild%2flinux-riscv64 cache-miss
2667 http fetch GET 200 https://registry.npmjs.org/@esbuild%2flinux-arm64 77ms (cache miss)
2668 silly packumentCache full:https://registry.npmjs.org/@esbuild%2flinux-arm64 set size:undefined disposed:false
2669 silly fetch manifest @esbuild/openbsd-arm64@0.25.12
2670 silly packumentCache full:https://registry.npmjs.org/@esbuild%2fopenbsd-arm64 cache-miss
2671 http fetch GET 200 https://registry.npmjs.org/@esbuild%2fopenbsd-x64 95ms (cache miss)
2672 silly packumentCache full:https://registry.npmjs.org/@esbuild%2fopenbsd-x64 set size:undefined disposed:false
2673 silly fetch manifest @esbuild/linux-mips64el@0.25.12
2674 silly packumentCache full:https://registry.npmjs.org/@esbuild%2flinux-mips64el cache-miss
2675 http fetch GET 200 https://registry.npmjs.org/@esbuild%2fwin32-arm64 97ms (cache miss)
2676 silly packumentCache full:https://registry.npmjs.org/@esbuild%2fwin32-arm64 set size:undefined disposed:false
2677 silly fetch manifest @esbuild/openharmony-arm64@0.25.12
2678 silly packumentCache full:https://registry.npmjs.org/@esbuild%2fopenharmony-arm64 cache-miss
2679 http fetch GET 200 https://registry.npmjs.org/@esbuild%2flinux-s390x 110ms (cache miss)
2680 silly packumentCache full:https://registry.npmjs.org/@esbuild%2flinux-s390x set size:undefined disposed:false
2681 silly fetch manifest nanoid@^3.3.11
2682 silly packumentCache full:https://registry.npmjs.org/nanoid cache-miss
2683 http fetch GET 200 https://registry.npmjs.org/@esbuild%2flinux-ppc64 118ms (cache miss)
2684 silly packumentCache full:https://registry.npmjs.org/@esbuild%2flinux-ppc64 set size:undefined disposed:false
2685 silly fetch manifest @rollup/rollup-darwin-arm64@4.59.0
2686 silly packumentCache full:https://registry.npmjs.org/@rollup%2frollup-darwin-arm64 cache-miss
2687 http fetch GET 200 https://registry.npmjs.org/@esbuild%2fnetbsd-arm64 102ms (cache miss)
2688 silly packumentCache full:https://registry.npmjs.org/@esbuild%2fnetbsd-arm64 set size:undefined disposed:false
2689 silly fetch manifest @rollup/rollup-android-arm64@4.59.0
2690 silly packumentCache full:https://registry.npmjs.org/@rollup%2frollup-android-arm64 cache-miss
2691 http fetch GET 200 https://registry.npmjs.org/@esbuild%2fdarwin-arm64 107ms (cache miss)
2692 silly packumentCache full:https://registry.npmjs.org/@esbuild%2fdarwin-arm64 set size:undefined disposed:false
2693 silly fetch manifest @rollup/rollup-win32-arm64-msvc@4.59.0
2694 silly packumentCache full:https://registry.npmjs.org/@rollup%2frollup-win32-arm64-msvc cache-miss
2695 http fetch GET 200 https://registry.npmjs.org/@esbuild%2flinux-loong64 105ms (cache miss)
2696 silly packumentCache full:https://registry.npmjs.org/@esbuild%2flinux-loong64 set size:undefined disposed:false
2697 silly fetch manifest @rollup/rollup-freebsd-arm64@4.59.0
2698 silly packumentCache full:https://registry.npmjs.org/@rollup%2frollup-freebsd-arm64 cache-miss
2699 http fetch GET 200 https://registry.npmjs.org/@esbuild%2ffreebsd-arm64 113ms (cache miss)
2700 silly packumentCache full:https://registry.npmjs.org/@esbuild%2ffreebsd-arm64 set size:undefined disposed:false
2701 silly fetch manifest @rollup/rollup-linux-arm64-gnu@4.59.0
2702 silly packumentCache full:https://registry.npmjs.org/@rollup%2frollup-linux-arm64-gnu cache-miss
2703 http fetch GET 200 https://registry.npmjs.org/@esbuild%2fandroid-arm64 120ms (cache miss)
2704 silly packumentCache full:https://registry.npmjs.org/@esbuild%2fandroid-arm64 set size:undefined disposed:false
2705 silly fetch manifest @rollup/rollup-linux-arm64-musl@4.59.0
2706 silly packumentCache full:https://registry.npmjs.org/@rollup%2frollup-linux-arm64-musl cache-miss
2707 http fetch GET 200 https://registry.npmjs.org/@esbuild%2flinux-riscv64 103ms (cache miss)
2708 silly packumentCache full:https://registry.npmjs.org/@esbuild%2flinux-riscv64 set size:undefined disposed:false
2709 silly fetch manifest @rollup/rollup-android-arm-eabi@4.59.0
2710 silly packumentCache full:https://registry.npmjs.org/@rollup%2frollup-android-arm-eabi cache-miss
2711 http fetch GET 200 https://registry.npmjs.org/@esbuild%2fopenbsd-arm64 80ms (cache miss)
2712 silly packumentCache full:https://registry.npmjs.org/@esbuild%2fopenbsd-arm64 set size:undefined disposed:false
2713 silly fetch manifest @rollup/rollup-linux-arm-gnueabihf@4.59.0
2714 silly packumentCache full:https://registry.npmjs.org/@rollup%2frollup-linux-arm-gnueabihf cache-miss
2715 http fetch GET 200 https://registry.npmjs.org/nanoid 65ms (cache miss)
2716 silly packumentCache full:https://registry.npmjs.org/nanoid set size:undefined disposed:false
2717 silly fetch manifest @rollup/rollup-linux-arm-musleabihf@4.59.0
2718 silly packumentCache full:https://registry.npmjs.org/@rollup%2frollup-linux-arm-musleabihf cache-miss
2719 http fetch GET 200 https://registry.npmjs.org/@esbuild%2fopenharmony-arm64 84ms (cache miss)
2720 silly packumentCache full:https://registry.npmjs.org/@esbuild%2fopenharmony-arm64 set size:undefined disposed:false
2721 silly fetch manifest @rollup/rollup-win32-ia32-msvc@4.59.0
2722 silly packumentCache full:https://registry.npmjs.org/@rollup%2frollup-win32-ia32-msvc cache-miss
2723 http fetch GET 200 https://registry.npmjs.org/@esbuild%2flinux-mips64el 94ms (cache miss)
2724 silly packumentCache full:https://registry.npmjs.org/@esbuild%2flinux-mips64el set size:undefined disposed:false
2725 silly fetch manifest @rollup/rollup-linux-loong64-gnu@4.59.0
2726 silly packumentCache full:https://registry.npmjs.org/@rollup%2frollup-linux-loong64-gnu cache-miss
2727 http fetch GET 200 https://registry.npmjs.org/@rollup%2frollup-darwin-arm64 88ms (cache miss)
2728 silly packumentCache full:https://registry.npmjs.org/@rollup%2frollup-darwin-arm64 set size:undefined disposed:false
2729 silly fetch manifest @rollup/rollup-linux-loong64-musl@4.59.0
2730 silly packumentCache full:https://registry.npmjs.org/@rollup%2frollup-linux-loong64-musl cache-miss
2731 http fetch GET 200 https://registry.npmjs.org/@rollup%2frollup-win32-arm64-msvc 100ms (cache miss)
2732 silly packumentCache full:https://registry.npmjs.org/@rollup%2frollup-win32-arm64-msvc set size:undefined disposed:false
2733 silly fetch manifest @rollup/rollup-linux-riscv64-gnu@4.59.0
2734 silly packumentCache full:https://registry.npmjs.org/@rollup%2frollup-linux-riscv64-gnu cache-miss
2735 http fetch GET 200 https://registry.npmjs.org/@rollup%2frollup-freebsd-arm64 93ms (cache miss)
2736 silly packumentCache full:https://registry.npmjs.org/@rollup%2frollup-freebsd-arm64 set size:undefined disposed:false
2737 silly fetch manifest @rollup/rollup-linux-riscv64-musl@4.59.0
2738 silly packumentCache full:https://registry.npmjs.org/@rollup%2frollup-linux-riscv64-musl cache-miss
2739 http fetch GET 200 https://registry.npmjs.org/@rollup%2frollup-android-arm64 115ms (cache miss)
2740 silly packumentCache full:https://registry.npmjs.org/@rollup%2frollup-android-arm64 set size:undefined disposed:false
2741 silly fetch manifest @rollup/rollup-linux-ppc64-gnu@4.59.0
2742 silly packumentCache full:https://registry.npmjs.org/@rollup%2frollup-linux-ppc64-gnu cache-miss
2743 http fetch GET 200 https://registry.npmjs.org/@rollup%2frollup-android-arm-eabi 94ms (cache miss)
2744 silly packumentCache full:https://registry.npmjs.org/@rollup%2frollup-android-arm-eabi set size:undefined disposed:false
2745 silly fetch manifest @rollup/rollup-linux-ppc64-musl@4.59.0
2746 silly packumentCache full:https://registry.npmjs.org/@rollup%2frollup-linux-ppc64-musl cache-miss
2747 http fetch GET 200 https://registry.npmjs.org/@rollup%2frollup-linux-arm64-musl 110ms (cache miss)
2748 silly packumentCache full:https://registry.npmjs.org/@rollup%2frollup-linux-arm64-musl set size:undefined disposed:false
2749 silly fetch manifest @rollup/rollup-linux-s390x-gnu@4.59.0
2750 silly packumentCache full:https://registry.npmjs.org/@rollup%2frollup-linux-s390x-gnu cache-miss
2751 http fetch GET 200 https://registry.npmjs.org/@rollup%2frollup-linux-arm64-gnu 118ms (cache miss)
2752 silly packumentCache full:https://registry.npmjs.org/@rollup%2frollup-linux-arm64-gnu set size:undefined disposed:false
2753 silly fetch manifest @rollup/rollup-darwin-x64@4.59.0
2754 silly packumentCache full:https://registry.npmjs.org/@rollup%2frollup-darwin-x64 cache-miss
2755 http fetch GET 200 https://registry.npmjs.org/@rollup%2frollup-linux-arm-gnueabihf 107ms (cache miss)
2756 silly packumentCache full:https://registry.npmjs.org/@rollup%2frollup-linux-arm-gnueabihf set size:undefined disposed:false
2757 silly fetch manifest @rollup/rollup-win32-x64-gnu@4.59.0
2758 silly packumentCache full:https://registry.npmjs.org/@rollup%2frollup-win32-x64-gnu cache-miss
2759 http fetch GET 200 https://registry.npmjs.org/@rollup%2frollup-linux-arm-musleabihf 91ms (cache miss)
2760 silly packumentCache full:https://registry.npmjs.org/@rollup%2frollup-linux-arm-musleabihf set size:undefined disposed:false
2761 silly fetch manifest @rollup/rollup-win32-x64-msvc@4.59.0
2762 silly packumentCache full:https://registry.npmjs.org/@rollup%2frollup-win32-x64-msvc cache-miss
2763 http fetch GET 200 https://registry.npmjs.org/@rollup%2frollup-linux-loong64-gnu 81ms (cache miss)
2764 silly packumentCache full:https://registry.npmjs.org/@rollup%2frollup-linux-loong64-gnu set size:undefined disposed:false
2765 silly fetch manifest @rollup/rollup-freebsd-x64@4.59.0
2766 silly packumentCache full:https://registry.npmjs.org/@rollup%2frollup-freebsd-x64 cache-miss
2767 http fetch GET 200 https://registry.npmjs.org/@rollup%2frollup-win32-ia32-msvc 91ms (cache miss)
2768 silly packumentCache full:https://registry.npmjs.org/@rollup%2frollup-win32-ia32-msvc set size:undefined disposed:false
2769 silly fetch manifest @rollup/rollup-linux-x64-gnu@4.59.0
2770 silly packumentCache full:https://registry.npmjs.org/@rollup%2frollup-linux-x64-gnu cache-miss
2771 http fetch GET 200 https://registry.npmjs.org/@rollup%2frollup-linux-loong64-musl 82ms (cache miss)
2772 silly packumentCache full:https://registry.npmjs.org/@rollup%2frollup-linux-loong64-musl set size:undefined disposed:false
2773 silly fetch manifest @rollup/rollup-linux-x64-musl@4.59.0
2774 silly packumentCache full:https://registry.npmjs.org/@rollup%2frollup-linux-x64-musl cache-miss
2775 http fetch GET 200 https://registry.npmjs.org/@rollup%2frollup-linux-riscv64-musl 78ms (cache miss)
2776 silly packumentCache full:https://registry.npmjs.org/@rollup%2frollup-linux-riscv64-musl set size:undefined disposed:false
2777 silly fetch manifest @rollup/rollup-openbsd-x64@4.59.0
2778 silly packumentCache full:https://registry.npmjs.org/@rollup%2frollup-openbsd-x64 cache-miss
2779 http fetch GET 200 https://registry.npmjs.org/@rollup%2frollup-linux-riscv64-gnu 91ms (cache miss)
2780 silly packumentCache full:https://registry.npmjs.org/@rollup%2frollup-linux-riscv64-gnu set size:undefined disposed:false
2781 silly fetch manifest @rollup/rollup-openharmony-arm64@4.59.0
2782 silly packumentCache full:https://registry.npmjs.org/@rollup%2frollup-openharmony-arm64 cache-miss
2783 http fetch GET 200 https://registry.npmjs.org/@rollup%2frollup-linux-ppc64-gnu 82ms (cache miss)
2784 silly packumentCache full:https://registry.npmjs.org/@rollup%2frollup-linux-ppc64-gnu set size:undefined disposed:false
2785 http fetch GET 200 https://registry.npmjs.org/@rollup%2frollup-linux-ppc64-musl 80ms (cache miss)
2786 silly packumentCache full:https://registry.npmjs.org/@rollup%2frollup-linux-ppc64-musl set size:undefined disposed:false
2787 http fetch GET 200 https://registry.npmjs.org/@rollup%2frollup-win32-x64-gnu 80ms (cache miss)
2788 silly packumentCache full:https://registry.npmjs.org/@rollup%2frollup-win32-x64-gnu set size:undefined disposed:false
2789 http fetch GET 200 https://registry.npmjs.org/@rollup%2frollup-linux-s390x-gnu 93ms (cache miss)
2790 silly packumentCache full:https://registry.npmjs.org/@rollup%2frollup-linux-s390x-gnu set size:undefined disposed:false
2791 http fetch GET 200 https://registry.npmjs.org/@rollup%2frollup-darwin-x64 102ms (cache miss)
2792 silly packumentCache full:https://registry.npmjs.org/@rollup%2frollup-darwin-x64 set size:undefined disposed:false
2793 http fetch GET 200 https://registry.npmjs.org/@rollup%2frollup-win32-x64-msvc 113ms (cache miss)
2794 silly packumentCache full:https://registry.npmjs.org/@rollup%2frollup-win32-x64-msvc set size:undefined disposed:false
2795 http fetch GET 200 https://registry.npmjs.org/@rollup%2frollup-freebsd-x64 127ms (cache miss)
2796 silly packumentCache full:https://registry.npmjs.org/@rollup%2frollup-freebsd-x64 set size:undefined disposed:false
2797 http fetch GET 200 https://registry.npmjs.org/@rollup%2frollup-openharmony-arm64 99ms (cache miss)
2798 silly packumentCache full:https://registry.npmjs.org/@rollup%2frollup-openharmony-arm64 set size:undefined disposed:false
2799 http fetch GET 200 https://registry.npmjs.org/@rollup%2frollup-linux-x64-musl 129ms (cache miss)
2800 silly packumentCache full:https://registry.npmjs.org/@rollup%2frollup-linux-x64-musl set size:undefined disposed:false
2801 http fetch GET 200 https://registry.npmjs.org/@rollup%2frollup-linux-x64-gnu 139ms (cache miss)
2802 silly packumentCache full:https://registry.npmjs.org/@rollup%2frollup-linux-x64-gnu set size:undefined disposed:false
2803 http fetch GET 200 https://registry.npmjs.org/@rollup%2frollup-openbsd-x64 121ms (cache miss)
2804 silly packumentCache full:https://registry.npmjs.org/@rollup%2frollup-openbsd-x64 set size:undefined disposed:false
2805 silly placeDep node_modules/cosmiconfig yaml@1.10.2 OK for: cosmiconfig@7.1.0 want: ^1.10.0
2806 silly placeDep ROOT @esbuild/aix-ppc64@0.25.12 OK for: esbuild@0.25.12 want: 0.25.12
2807 silly placeDep ROOT @esbuild/android-arm@0.25.12 OK for: esbuild@0.25.12 want: 0.25.12
2808 silly placeDep ROOT @esbuild/android-arm64@0.25.12 OK for: esbuild@0.25.12 want: 0.25.12
2809 silly placeDep ROOT @esbuild/android-x64@0.25.12 OK for: esbuild@0.25.12 want: 0.25.12
2810 silly placeDep ROOT @esbuild/darwin-arm64@0.25.12 OK for: esbuild@0.25.12 want: 0.25.12
2811 silly placeDep ROOT @esbuild/darwin-x64@0.25.12 OK for: esbuild@0.25.12 want: 0.25.12
2812 silly placeDep ROOT @esbuild/freebsd-arm64@0.25.12 OK for: esbuild@0.25.12 want: 0.25.12
2813 silly placeDep ROOT @esbuild/freebsd-x64@0.25.12 OK for: esbuild@0.25.12 want: 0.25.12
2814 silly placeDep ROOT @esbuild/linux-arm@0.25.12 OK for: esbuild@0.25.12 want: 0.25.12
2815 silly placeDep ROOT @esbuild/linux-arm64@0.25.12 OK for: esbuild@0.25.12 want: 0.25.12
2816 silly placeDep ROOT @esbuild/linux-ia32@0.25.12 OK for: esbuild@0.25.12 want: 0.25.12
2817 silly placeDep ROOT @esbuild/linux-loong64@0.25.12 OK for: esbuild@0.25.12 want: 0.25.12
2818 silly placeDep ROOT @esbuild/linux-mips64el@0.25.12 OK for: esbuild@0.25.12 want: 0.25.12
2819 silly placeDep ROOT @esbuild/linux-ppc64@0.25.12 OK for: esbuild@0.25.12 want: 0.25.12
2820 silly placeDep ROOT @esbuild/linux-riscv64@0.25.12 OK for: esbuild@0.25.12 want: 0.25.12
2821 silly placeDep ROOT @esbuild/linux-s390x@0.25.12 OK for: esbuild@0.25.12 want: 0.25.12
2822 silly placeDep ROOT @esbuild/linux-x64@0.25.12 OK for: esbuild@0.25.12 want: 0.25.12
2823 silly placeDep ROOT @esbuild/netbsd-arm64@0.25.12 OK for: esbuild@0.25.12 want: 0.25.12
2824 silly placeDep ROOT @esbuild/netbsd-x64@0.25.12 OK for: esbuild@0.25.12 want: 0.25.12
2825 silly placeDep ROOT @esbuild/openbsd-arm64@0.25.12 OK for: esbuild@0.25.12 want: 0.25.12
2826 silly placeDep ROOT @esbuild/openbsd-x64@0.25.12 OK for: esbuild@0.25.12 want: 0.25.12
2827 silly placeDep ROOT @esbuild/openharmony-arm64@0.25.12 OK for: esbuild@0.25.12 want: 0.25.12
2828 silly placeDep ROOT @esbuild/sunos-x64@0.25.12 OK for: esbuild@0.25.12 want: 0.25.12
2829 silly placeDep ROOT @esbuild/win32-arm64@0.25.12 OK for: esbuild@0.25.12 want: 0.25.12
2830 silly placeDep ROOT @esbuild/win32-ia32@0.25.12 OK for: esbuild@0.25.12 want: 0.25.12
2831 silly placeDep ROOT @esbuild/win32-x64@0.25.12 OK for: esbuild@0.25.12 want: 0.25.12
2832 silly placeDep ROOT nanoid@3.3.11 OK for: postcss@8.5.8 want: ^3.3.11
2833 silly placeDep ROOT @rollup/rollup-android-arm-eabi@4.59.0 OK for: rollup@4.59.0 want: 4.59.0
2834 silly placeDep ROOT @rollup/rollup-android-arm64@4.59.0 OK for: rollup@4.59.0 want: 4.59.0
2835 silly placeDep ROOT @rollup/rollup-darwin-arm64@4.59.0 OK for: rollup@4.59.0 want: 4.59.0
2836 silly placeDep ROOT @rollup/rollup-darwin-x64@4.59.0 OK for: rollup@4.59.0 want: 4.59.0
2837 silly placeDep ROOT @rollup/rollup-freebsd-arm64@4.59.0 OK for: rollup@4.59.0 want: 4.59.0
2838 silly placeDep ROOT @rollup/rollup-freebsd-x64@4.59.0 OK for: rollup@4.59.0 want: 4.59.0
2839 silly placeDep ROOT @rollup/rollup-linux-arm-gnueabihf@4.59.0 OK for: rollup@4.59.0 want: 4.59.0
2840 silly placeDep ROOT @rollup/rollup-linux-arm-musleabihf@4.59.0 OK for: rollup@4.59.0 want: 4.59.0
2841 silly placeDep ROOT @rollup/rollup-linux-arm64-gnu@4.59.0 OK for: rollup@4.59.0 want: 4.59.0
2842 silly placeDep ROOT @rollup/rollup-linux-arm64-musl@4.59.0 OK for: rollup@4.59.0 want: 4.59.0
2843 silly placeDep ROOT @rollup/rollup-linux-loong64-gnu@4.59.0 OK for: rollup@4.59.0 want: 4.59.0
2844 silly placeDep ROOT @rollup/rollup-linux-loong64-musl@4.59.0 OK for: rollup@4.59.0 want: 4.59.0
2845 silly placeDep ROOT @rollup/rollup-linux-ppc64-gnu@4.59.0 OK for: rollup@4.59.0 want: 4.59.0
2846 silly placeDep ROOT @rollup/rollup-linux-ppc64-musl@4.59.0 OK for: rollup@4.59.0 want: 4.59.0
2847 silly placeDep ROOT @rollup/rollup-linux-riscv64-gnu@4.59.0 OK for: rollup@4.59.0 want: 4.59.0
2848 silly placeDep ROOT @rollup/rollup-linux-riscv64-musl@4.59.0 OK for: rollup@4.59.0 want: 4.59.0
2849 silly placeDep ROOT @rollup/rollup-linux-s390x-gnu@4.59.0 OK for: rollup@4.59.0 want: 4.59.0
2850 silly placeDep ROOT @rollup/rollup-linux-x64-gnu@4.59.0 OK for: rollup@4.59.0 want: 4.59.0
2851 silly placeDep ROOT @rollup/rollup-linux-x64-musl@4.59.0 OK for: rollup@4.59.0 want: 4.59.0
2852 silly placeDep ROOT @rollup/rollup-openbsd-x64@4.59.0 OK for: rollup@4.59.0 want: 4.59.0
2853 silly placeDep ROOT @rollup/rollup-openharmony-arm64@4.59.0 OK for: rollup@4.59.0 want: 4.59.0
2854 silly placeDep ROOT @rollup/rollup-win32-arm64-msvc@4.59.0 OK for: rollup@4.59.0 want: 4.59.0
2855 silly placeDep ROOT @rollup/rollup-win32-ia32-msvc@4.59.0 OK for: rollup@4.59.0 want: 4.59.0
2856 silly placeDep ROOT @rollup/rollup-win32-x64-gnu@4.59.0 OK for: rollup@4.59.0 want: 4.59.0
2857 silly placeDep ROOT @rollup/rollup-win32-x64-msvc@4.59.0 OK for: rollup@4.59.0 want: 4.59.0
2858 silly placeDep ROOT clone@2.1.2 OK for: quill@1.3.7 want: ^2.1.1
2859 silly placeDep ROOT deep-equal@1.1.2 OK for: quill@1.3.7 want: ^1.0.1
2860 silly placeDep node_modules/react-quill eventemitter3@2.0.3 OK for: quill@1.3.7 want: ^2.0.3
2861 silly placeDep node_modules/react-quill parchment@1.1.4 OK for: quill@1.3.7 want: ^1.1.4
2862 silly placeDep node_modules/react-quill quill-delta@3.6.3 OK for: quill@1.3.7 want: ^3.6.2
2863 silly fetch manifest is-arguments@^1.1.1
2864 silly packumentCache full:https://registry.npmjs.org/is-arguments cache-miss
2865 silly fetch manifest is-date-object@^1.0.5
2866 silly packumentCache full:https://registry.npmjs.org/is-date-object cache-miss
2867 silly fetch manifest is-regex@^1.1.4
2868 silly packumentCache full:https://registry.npmjs.org/is-regex cache-miss
2869 silly fetch manifest object-is@^1.1.5
2870 silly packumentCache full:https://registry.npmjs.org/object-is cache-miss
2871 silly fetch manifest object-keys@^1.1.1
2872 silly packumentCache full:https://registry.npmjs.org/object-keys cache-miss
2873 silly fetch manifest regexp.prototype.flags@^1.5.1
2874 silly packumentCache full:https://registry.npmjs.org/regexp.prototype.flags cache-miss
2875 silly fetch manifest fast-diff@1.1.2
2876 silly packumentCache full:https://registry.npmjs.org/fast-diff cache-miss
2877 http fetch GET 200 https://registry.npmjs.org/fast-diff 29ms (cache hit)
2878 silly packumentCache full:https://registry.npmjs.org/fast-diff set size:12246 disposed:false
2879 http fetch GET 200 https://registry.npmjs.org/is-arguments 100ms (cache miss)
2880 silly packumentCache full:https://registry.npmjs.org/is-arguments set size:undefined disposed:false
2881 http fetch GET 200 https://registry.npmjs.org/is-regex 101ms (cache miss)
2882 silly packumentCache full:https://registry.npmjs.org/is-regex set size:undefined disposed:false
2883 http fetch GET 200 https://registry.npmjs.org/is-date-object 105ms (cache miss)
2884 silly packumentCache full:https://registry.npmjs.org/is-date-object set size:undefined disposed:false
2885 http fetch GET 200 https://registry.npmjs.org/object-is 107ms (cache miss)
2886 silly packumentCache full:https://registry.npmjs.org/object-is set size:undefined disposed:false
2887 http fetch GET 200 https://registry.npmjs.org/regexp.prototype.flags 108ms (cache miss)
2888 silly packumentCache full:https://registry.npmjs.org/regexp.prototype.flags set size:undefined disposed:false
2889 http fetch GET 200 https://registry.npmjs.org/object-keys 113ms (cache miss)
2890 silly packumentCache full:https://registry.npmjs.org/object-keys set size:undefined disposed:false
2891 silly placeDep ROOT is-arguments@1.2.0 OK for: deep-equal@1.1.2 want: ^1.1.1
2892 silly placeDep ROOT is-date-object@1.1.0 OK for: deep-equal@1.1.2 want: ^1.0.5
2893 silly placeDep ROOT is-regex@1.2.1 OK for: deep-equal@1.1.2 want: ^1.1.4
2894 silly placeDep ROOT object-is@1.1.6 OK for: deep-equal@1.1.2 want: ^1.1.5
2895 silly placeDep ROOT object-keys@1.1.1 OK for: deep-equal@1.1.2 want: ^1.1.1
2896 silly placeDep ROOT regexp.prototype.flags@1.5.4 OK for: deep-equal@1.1.2 want: ^1.5.1
2897 silly fetch manifest call-bound@^1.0.2
2898 silly packumentCache full:https://registry.npmjs.org/call-bound cache-miss
2899 silly fetch manifest has-tostringtag@^1.0.2
2900 silly packumentCache full:https://registry.npmjs.org/has-tostringtag cache-miss
2901 silly fetch manifest call-bound@^1.0.2
2902 silly packumentCache full:https://registry.npmjs.org/call-bound cache-miss
2903 silly fetch manifest has-tostringtag@^1.0.2
2904 silly packumentCache full:https://registry.npmjs.org/has-tostringtag cache-miss
2905 silly fetch manifest call-bound@^1.0.2
2906 silly packumentCache full:https://registry.npmjs.org/call-bound cache-miss
2907 silly fetch manifest gopd@^1.2.0
2908 silly packumentCache full:https://registry.npmjs.org/gopd cache-miss
2909 silly fetch manifest has-tostringtag@^1.0.2
2910 silly packumentCache full:https://registry.npmjs.org/has-tostringtag cache-miss
2911 silly fetch manifest call-bind@^1.0.7
2912 silly packumentCache full:https://registry.npmjs.org/call-bind cache-miss
2913 silly fetch manifest define-properties@^1.2.1
2914 silly packumentCache full:https://registry.npmjs.org/define-properties cache-miss
2915 silly fetch manifest call-bind@^1.0.8
2916 silly packumentCache full:https://registry.npmjs.org/call-bind cache-miss
2917 silly fetch manifest define-properties@^1.2.1
2918 silly packumentCache full:https://registry.npmjs.org/define-properties cache-miss
2919 http fetch GET 200 https://registry.npmjs.org/call-bound 103ms (cache miss)
2920 silly packumentCache full:https://registry.npmjs.org/call-bound set size:undefined disposed:false
2921 silly fetch manifest es-errors@^1.3.0
2922 silly packumentCache full:https://registry.npmjs.org/es-errors cache-miss
2923 http fetch GET 200 https://registry.npmjs.org/call-bound 110ms (cache miss)
2924 silly packumentCache full:https://registry.npmjs.org/call-bound set size:undefined disposed:false
2925 silly fetch manifest get-proto@^1.0.1
2926 silly packumentCache full:https://registry.npmjs.org/get-proto cache-miss
2927 http fetch GET 200 https://registry.npmjs.org/has-tostringtag 114ms (cache miss)
2928 silly packumentCache full:https://registry.npmjs.org/has-tostringtag set size:undefined disposed:false
2929 silly fetch manifest gopd@^1.2.0
2930 silly packumentCache full:https://registry.npmjs.org/gopd cache-miss
2931 http fetch GET 200 https://registry.npmjs.org/call-bound 117ms (cache miss)
2932 silly packumentCache full:https://registry.npmjs.org/call-bound set size:undefined disposed:false
2933 silly fetch manifest set-function-name@^2.0.2
2934 silly packumentCache full:https://registry.npmjs.org/set-function-name cache-miss
2935 http fetch GET 200 https://registry.npmjs.org/define-properties 117ms (cache miss)
2936 silly packumentCache full:https://registry.npmjs.org/define-properties set size:undefined disposed:false
2937 http fetch GET 200 https://registry.npmjs.org/gopd 127ms (cache miss)
2938 silly packumentCache full:https://registry.npmjs.org/gopd set size:undefined disposed:false
2939 http fetch GET 200 https://registry.npmjs.org/has-tostringtag 129ms (cache miss)
2940 silly packumentCache full:https://registry.npmjs.org/has-tostringtag set size:undefined disposed:false
2941 http fetch GET 200 https://registry.npmjs.org/call-bind 128ms (cache miss)
2942 silly packumentCache full:https://registry.npmjs.org/call-bind set size:undefined disposed:false
2943 http fetch GET 200 https://registry.npmjs.org/define-properties 130ms (cache miss)
2944 silly packumentCache full:https://registry.npmjs.org/define-properties set size:undefined disposed:false
2945 http fetch GET 200 https://registry.npmjs.org/has-tostringtag 136ms (cache miss)
2946 silly packumentCache full:https://registry.npmjs.org/has-tostringtag set size:undefined disposed:false
2947 http fetch GET 200 https://registry.npmjs.org/call-bind 135ms (cache miss)
2948 silly packumentCache full:https://registry.npmjs.org/call-bind set size:undefined disposed:false
2949 http fetch GET 200 https://registry.npmjs.org/es-errors 80ms (cache miss)
2950 silly packumentCache full:https://registry.npmjs.org/es-errors set size:undefined disposed:false
2951 http fetch GET 200 https://registry.npmjs.org/gopd 79ms (cache miss)
2952 silly packumentCache full:https://registry.npmjs.org/gopd set size:undefined disposed:false
2953 http fetch GET 200 https://registry.npmjs.org/set-function-name 81ms (cache miss)
2954 silly packumentCache full:https://registry.npmjs.org/set-function-name set size:undefined disposed:false
2955 http fetch GET 200 https://registry.npmjs.org/get-proto 101ms (cache miss)
2956 silly packumentCache full:https://registry.npmjs.org/get-proto set size:undefined disposed:false
2957 silly placeDep ROOT call-bound@1.0.4 OK for: is-arguments@1.2.0 want: ^1.0.2
2958 silly placeDep ROOT has-tostringtag@1.0.2 OK for: is-arguments@1.2.0 want: ^1.0.2
2959 silly fetch manifest call-bind-apply-helpers@^1.0.2
2960 silly packumentCache full:https://registry.npmjs.org/call-bind-apply-helpers cache-miss
2961 silly fetch manifest get-intrinsic@^1.3.0
2962 silly packumentCache full:https://registry.npmjs.org/get-intrinsic cache-miss
2963 silly fetch manifest has-symbols@^1.0.3
2964 silly packumentCache full:https://registry.npmjs.org/has-symbols cache-miss
2965 http fetch GET 200 https://registry.npmjs.org/call-bind-apply-helpers 72ms (cache miss)
2966 silly packumentCache full:https://registry.npmjs.org/call-bind-apply-helpers set size:undefined disposed:false
2967 http fetch GET 200 https://registry.npmjs.org/get-intrinsic 76ms (cache miss)
2968 silly packumentCache full:https://registry.npmjs.org/get-intrinsic set size:undefined disposed:false
2969 http fetch GET 200 https://registry.npmjs.org/has-symbols 106ms (cache miss)
2970 silly packumentCache full:https://registry.npmjs.org/has-symbols set size:undefined disposed:false
2971 silly placeDep ROOT call-bind-apply-helpers@1.0.2 OK for: call-bound@1.0.4 want: ^1.0.2
2972 silly placeDep ROOT get-intrinsic@1.3.0 OK for: call-bound@1.0.4 want: ^1.3.0
2973 silly fetch manifest has-symbols@^1.1.0
2974 silly packumentCache full:https://registry.npmjs.org/has-symbols cache-miss
2975 silly fetch manifest es-object-atoms@^1.1.1
2976 silly packumentCache full:https://registry.npmjs.org/es-object-atoms cache-miss
2977 silly fetch manifest math-intrinsics@^1.1.0
2978 silly packumentCache full:https://registry.npmjs.org/math-intrinsics cache-miss
2979 silly fetch manifest es-define-property@^1.0.1
2980 silly packumentCache full:https://registry.npmjs.org/es-define-property cache-miss
2981 http fetch GET 200 https://registry.npmjs.org/has-symbols 23ms (cache hit)
2982 silly packumentCache full:https://registry.npmjs.org/has-symbols set size:21550 disposed:false
2983 http fetch GET 200 https://registry.npmjs.org/es-object-atoms 86ms (cache miss)
2984 silly packumentCache full:https://registry.npmjs.org/es-object-atoms set size:undefined disposed:false
2985 http fetch GET 200 https://registry.npmjs.org/es-define-property 86ms (cache miss)
2986 silly packumentCache full:https://registry.npmjs.org/es-define-property set size:undefined disposed:false
2987 http fetch GET 200 https://registry.npmjs.org/math-intrinsics 91ms (cache miss)
2988 silly packumentCache full:https://registry.npmjs.org/math-intrinsics set size:undefined disposed:false
2989 silly placeDep ROOT es-errors@1.3.0 OK for: call-bind-apply-helpers@1.0.2 want: ^1.3.0
2990 silly placeDep ROOT es-define-property@1.0.1 OK for: get-intrinsic@1.3.0 want: ^1.0.1
2991 silly placeDep ROOT es-object-atoms@1.1.1 OK for: get-intrinsic@1.3.0 want: ^1.1.1
2992 silly placeDep ROOT get-proto@1.0.1 OK for: get-intrinsic@1.3.0 want: ^1.0.1
2993 silly placeDep ROOT gopd@1.2.0 OK for: get-intrinsic@1.3.0 want: ^1.2.0
2994 silly placeDep ROOT has-symbols@1.1.0 OK for: get-intrinsic@1.3.0 want: ^1.1.0
2995 silly placeDep ROOT math-intrinsics@1.1.0 OK for: get-intrinsic@1.3.0 want: ^1.1.0
2996 silly fetch manifest dunder-proto@^1.0.1
2997 silly packumentCache full:https://registry.npmjs.org/dunder-proto cache-miss
2998 http fetch GET 200 https://registry.npmjs.org/dunder-proto 84ms (cache miss)
2999 silly packumentCache full:https://registry.npmjs.org/dunder-proto set size:undefined disposed:false
3000 silly placeDep ROOT dunder-proto@1.0.1 OK for: get-proto@1.0.1 want: ^1.0.1
3001 silly placeDep ROOT call-bind@1.0.8 OK for: object-is@1.1.6 want: ^1.0.7
3002 silly placeDep ROOT define-properties@1.2.1 OK for: object-is@1.1.6 want: ^1.2.1
3003 silly fetch manifest set-function-length@^1.2.2
3004 silly packumentCache full:https://registry.npmjs.org/set-function-length cache-miss
3005 silly fetch manifest define-data-property@^1.0.1
3006 silly packumentCache full:https://registry.npmjs.org/define-data-property cache-miss
3007 silly fetch manifest has-property-descriptors@^1.0.0
3008 silly packumentCache full:https://registry.npmjs.org/has-property-descriptors cache-miss
3009 http fetch GET 200 https://registry.npmjs.org/set-function-length 73ms (cache miss)
3010 silly packumentCache full:https://registry.npmjs.org/set-function-length set size:undefined disposed:false
3011 http fetch GET 200 https://registry.npmjs.org/has-property-descriptors 74ms (cache miss)
3012 silly packumentCache full:https://registry.npmjs.org/has-property-descriptors set size:undefined disposed:false
3013 http fetch GET 200 https://registry.npmjs.org/define-data-property 78ms (cache miss)
3014 silly packumentCache full:https://registry.npmjs.org/define-data-property set size:undefined disposed:false
3015 silly placeDep ROOT set-function-length@1.2.2 OK for: call-bind@1.0.8 want: ^1.2.2
3016 silly fetch manifest define-data-property@^1.1.4
3017 silly packumentCache full:https://registry.npmjs.org/define-data-property cache-miss
3018 silly fetch manifest has-property-descriptors@^1.0.2
3019 silly packumentCache full:https://registry.npmjs.org/has-property-descriptors cache-miss
3020 http fetch GET 200 https://registry.npmjs.org/define-data-property 14ms (cache hit)
3021 silly packumentCache full:https://registry.npmjs.org/define-data-property set size:28048 disposed:false
3022 http fetch GET 200 https://registry.npmjs.org/has-property-descriptors 15ms (cache hit)
3023 silly packumentCache full:https://registry.npmjs.org/has-property-descriptors set size:12452 disposed:false
3024 silly placeDep ROOT define-data-property@1.1.4 OK for: define-properties@1.2.1 want: ^1.0.1
3025 silly placeDep ROOT has-property-descriptors@1.0.2 OK for: define-properties@1.2.1 want: ^1.0.0
3026 silly placeDep ROOT set-function-name@2.0.2 OK for: regexp.prototype.flags@1.5.4 want: ^2.0.2
3027 silly fetch manifest functions-have-names@^1.2.3
3028 silly packumentCache full:https://registry.npmjs.org/functions-have-names cache-miss
3029 http fetch GET 200 https://registry.npmjs.org/functions-have-names 73ms (cache miss)
3030 silly packumentCache full:https://registry.npmjs.org/functions-have-names set size:undefined disposed:false
3031 silly placeDep ROOT functions-have-names@1.2.3 OK for: set-function-name@2.0.2 want: ^1.2.3
3032 silly placeDep node_modules/react-quill fast-diff@1.1.2 OK for: quill-delta@3.6.3 want: 1.1.2
3033 silly reify moves {}
3034 verbose reify failed optional dependency C:\Users\AD\Documents\GitHub\Bitcoinnailbarcom\node_modules\@tailwindcss\oxide-wasm32-wasi
3035 silly reify mark deleted [
3035 silly reify   'C:\\Users\\AD\\Documents\\GitHub\\Bitcoinnailbarcom\\node_modules\\@tailwindcss\\oxide-wasm32-wasi'
3035 silly reify ]
3036 silly audit bulk request {
3036 silly audit   '@dnd-kit/core': [ '6.3.1' ],
3036 silly audit   react: [ '18.3.1' ],
3036 silly audit   'react-dom': [ '18.3.1' ],
3036 silly audit   '@dnd-kit/sortable': [ '10.0.0' ],
3036 silly audit   '@dnd-kit/utilities': [ '3.2.2' ],
3036 silly audit   '@emotion/react': [ '11.14.0' ],
3036 silly audit   '@emotion/styled': [ '11.14.1' ],
3036 silly audit   '@mui/icons-material': [ '7.3.5' ],
3036 silly audit   '@mui/material': [ '7.3.5' ],
3036 silly audit   '@popperjs/core': [ '2.11.8' ],
3036 silly audit   '@radix-ui/react-accordion': [ '1.2.3' ],
3036 silly audit   '@radix-ui/react-alert-dialog': [ '1.1.6' ],
3036 silly audit   '@radix-ui/react-aspect-ratio': [ '1.1.2' ],
3036 silly audit   '@radix-ui/react-avatar': [ '1.1.3' ],
3036 silly audit   '@radix-ui/react-checkbox': [ '1.1.4' ],
3036 silly audit   '@radix-ui/react-collapsible': [ '1.1.3' ],
3036 silly audit   '@radix-ui/react-context-menu': [ '2.2.6' ],
3036 silly audit   '@radix-ui/react-dialog': [ '1.1.6' ],
3036 silly audit   '@radix-ui/react-dropdown-menu': [ '2.1.6' ],
3036 silly audit   '@radix-ui/react-hover-card': [ '1.1.6' ],
3036 silly audit   '@radix-ui/react-label': [ '2.1.2' ],
3036 silly audit   '@radix-ui/react-menubar': [ '1.1.6' ],
3036 silly audit   '@radix-ui/react-navigation-menu': [ '1.2.5' ],
3036 silly audit   '@radix-ui/react-popover': [ '1.1.6' ],
3036 silly audit   '@radix-ui/react-progress': [ '1.1.2' ],
3036 silly audit   '@radix-ui/react-radio-group': [ '1.2.3' ],
3036 silly audit   '@radix-ui/react-scroll-area': [ '1.2.3' ],
3036 silly audit   '@radix-ui/react-select': [ '2.1.6' ],
3036 silly audit   '@radix-ui/react-separator': [ '1.1.2' ],
3036 silly audit   '@radix-ui/react-slider': [ '1.2.3' ],
3036 silly audit   '@radix-ui/react-slot': [ '1.1.2' ],
3036 silly audit   '@radix-ui/react-switch': [ '1.1.3' ],
3036 silly audit   '@radix-ui/react-tabs': [ '1.1.3' ],
3036 silly audit   '@radix-ui/react-toggle': [ '1.1.2' ],
3036 silly audit   '@radix-ui/react-toggle-group': [ '1.1.2' ],
3036 silly audit   '@radix-ui/react-tooltip': [ '1.1.8' ],
3036 silly audit   '@supabase/supabase-js': [ '2.99.1' ],
3036 silly audit   '@tailwindcss/vite': [ '4.1.12' ],
3036 silly audit   vite: [ '6.3.5' ],
3036 silly audit   '@tanstack/react-query': [ '5.90.21' ],
3036 silly audit   '@vitejs/plugin-react': [ '4.7.0' ],
3036 silly audit   'class-variance-authority': [ '0.7.1' ],
3036 silly audit   clsx: [ '2.1.1' ],
3036 silly audit   cmdk: [ '1.1.1' ],
3036 silly audit   'date-fns': [ '3.6.0' ],
3036 silly audit   'embla-carousel-react': [ '8.6.0' ],
3036 silly audit   'html-to-image': [ '1.11.13' ],
3036 silly audit   html2canvas: [ '1.4.1' ],
3036 silly audit   'html5-qrcode': [ '2.3.8' ],
3036 silly audit   'input-otp': [ '1.4.2' ],
3036 silly audit   'lucide-react': [ '0.487.0' ],
3036 silly audit   motion: [ '12.23.24' ],
3036 silly audit   'next-themes': [ '0.4.6' ],
3036 silly audit   'qrcode.react': [ '4.2.0' ],
3036 silly audit   quill: [ '2.0.3', '1.3.7' ],
3036 silly audit   'react-day-picker': [ '8.10.1' ],
3036 silly audit   'react-dnd': [ '16.0.1' ],
3036 silly audit   'react-dnd-html5-backend': [ '16.0.1' ],
3036 silly audit   'react-helmet-async': [ '2.0.5' ],
3036 silly audit   'react-hook-form': [ '7.55.0' ],
3036 silly audit   'react-markdown': [ '10.1.0' ],
3036 silly audit   '@types/react': [ '19.2.14' ],
3036 silly audit   'react-pageflip': [ '2.0.3' ],
3036 silly audit   'react-popper': [ '2.3.0' ],
3036 silly audit   'react-quill': [ '2.0.0' ],
3036 silly audit   'react-resizable-panels': [ '2.1.7' ],
3036 silly audit   'react-responsive-masonry': [ '2.7.1' ],
3036 silly audit   'react-router': [ '7.13.1' ],
3036 silly audit   'react-router-dom': [ '7.13.1' ],
3036 silly audit   'react-slick': [ '0.31.0' ],
3036 silly audit   recharts: [ '2.15.2' ],
3036 silly audit   sonner: [ '2.0.3' ],
3036 silly audit   'tailwind-merge': [ '3.2.0' ],
3036 silly audit   tailwindcss: [ '4.1.12' ],
3036 silly audit   'tw-animate-css': [ '1.3.8' ],
3036 silly audit   vaul: [ '1.1.2' ],
3036 silly audit   '@dnd-kit/accessibility': [ '3.1.1' ],
3036 silly audit   tslib: [ '2.8.1' ],
3036 silly audit   '@babel/runtime': [ '7.28.6' ],
3036 silly audit   '@emotion/babel-plugin': [ '11.13.5' ],
3036 silly audit   '@emotion/cache': [ '11.14.0' ],
3036 silly audit   '@emotion/serialize': [ '1.3.3' ],
3036 silly audit   '@emotion/use-insertion-effect-with-fallbacks': [ '1.2.0' ],
3036 silly audit   '@emotion/utils': [ '1.4.2' ],
3036 silly audit   '@emotion/weak-memoize': [ '0.4.0' ],
3036 silly audit   'hoist-non-react-statics': [ '3.3.2' ],
3036 silly audit   '@babel/helper-module-imports': [ '7.28.6' ],
3036 silly audit   '@emotion/hash': [ '0.9.2' ],
3036 silly audit   '@emotion/memoize': [ '0.9.0' ],
3036 silly audit   'babel-plugin-macros': [ '3.1.0' ],
3036 silly audit   'convert-source-map': [ '1.9.0', '2.0.0' ],
3036 silly audit   'escape-string-regexp': [ '4.0.0' ],
3036 silly audit   'find-root': [ '1.1.0' ],
3036 silly audit   'source-map': [ '0.5.7' ],
3036 silly audit   stylis: [ '4.2.0' ],
3036 silly audit   '@babel/traverse': [ '7.29.0' ],
3036 silly audit   '@babel/types': [ '7.29.0' ],
3036 silly audit   '@babel/code-frame': [ '7.29.0' ],
3036 silly audit   '@babel/generator': [ '7.29.1' ],
3036 silly audit   '@babel/helper-globals': [ '7.28.0' ],
3036 silly audit   '@babel/parser': [ '7.29.0' ],
3036 silly audit   '@babel/template': [ '7.28.6' ],
3036 silly audit   debug: [ '4.4.3' ],
3036 silly audit   '@babel/helper-validator-identifier': [ '7.28.5' ],
3036 silly audit   'js-tokens': [ '4.0.0' ],
3036 silly audit   picocolors: [ '1.1.1' ],
3036 silly audit   '@jridgewell/gen-mapping': [ '0.3.13' ],
3036 silly audit   '@jridgewell/trace-mapping': [ '0.3.31' ],
3036 silly audit   jsesc: [ '3.1.0' ],
3036 silly audit   '@babel/helper-string-parser': [ '7.27.1' ],
3036 silly audit   '@emotion/sheet': [ '1.4.0' ],
3036 silly audit   '@emotion/unitless': [ '0.10.0' ],
3036 silly audit   csstype: [ '3.2.3' ],
3036 silly audit   '@emotion/is-prop-valid': [ '1.4.0' ],
3036 silly audit   '@jridgewell/sourcemap-codec': [ '1.5.5' ],
3036 silly audit   '@jridgewell/resolve-uri': [ '3.1.2' ],
3036 silly audit   '@mui/core-downloads-tracker': [ '7.3.9' ],
3036 silly audit   '@mui/system': [ '7.3.9' ],
3036 silly audit   '@mui/types': [ '7.4.12' ],
3036 silly audit   '@mui/utils': [ '7.3.9' ],
3036 silly audit   '@types/react-transition-group': [ '4.4.12' ],
3036 silly audit   'prop-types': [ '15.8.1' ],
3036 silly audit   'react-is': [ '19.2.4', '16.13.1', '18.3.1' ],
3036 silly audit   'react-transition-group': [ '4.4.5' ],
3036 silly audit   '@mui/private-theming': [ '7.3.9' ],
3036 silly audit   '@mui/styled-engine': [ '7.3.9' ],
3036 silly audit   '@types/prop-types': [ '15.7.15' ],
3036 silly audit   '@radix-ui/primitive': [ '1.1.1' ],
3036 silly audit   '@radix-ui/react-collection': [ '1.1.2' ],
3036 silly audit   '@radix-ui/react-compose-refs': [ '1.1.1' ],
3036 silly audit   '@radix-ui/react-context': [ '1.1.1' ],
3036 silly audit   '@radix-ui/react-direction': [ '1.1.0' ],
3036 silly audit   '@radix-ui/react-id': [ '1.1.0' ],
3036 silly audit   '@radix-ui/react-primitive': [ '2.0.2' ],
3036 silly audit   '@radix-ui/react-use-controllable-state': [ '1.1.0' ],
3036 silly audit   '@radix-ui/react-use-callback-ref': [ '1.1.0' ],
3036 silly audit   '@radix-ui/react-use-layout-effect': [ '1.1.0' ],
3036 silly audit   '@radix-ui/react-presence': [ '1.1.2' ],
3036 silly audit   '@radix-ui/react-use-previous': [ '1.1.0' ],
3036 silly audit   '@radix-ui/react-use-size': [ '1.1.0' ],
3036 silly audit   '@radix-ui/react-menu': [ '2.1.6' ],
3036 silly audit   '@radix-ui/react-dismissable-layer': [ '1.1.5' ],
3036 silly audit   '@radix-ui/react-focus-guards': [ '1.1.1' ],
3036 silly audit   '@radix-ui/react-focus-scope': [ '1.1.2' ],
3036 silly audit   '@radix-ui/react-portal': [ '1.1.4' ],
3036 silly audit   'aria-hidden': [ '1.2.6' ],
3036 silly audit   'react-remove-scroll': [ '2.7.2' ],
3036 silly audit   '@radix-ui/react-use-escape-keydown': [ '1.1.0' ],
3036 silly audit   '@radix-ui/react-popper': [ '1.2.2' ],
3036 silly audit   '@radix-ui/react-roving-focus': [ '1.1.2' ],
3036 silly audit   '@radix-ui/react-visually-hidden': [ '1.1.2' ],
3036 silly audit   '@floating-ui/react-dom': [ '2.1.8' ],
3036 silly audit   '@radix-ui/react-arrow': [ '1.1.2' ],
3036 silly audit   '@radix-ui/react-use-rect': [ '1.1.0' ],
3036 silly audit   '@radix-ui/rect': [ '1.1.0' ],
3036 silly audit   '@floating-ui/dom': [ '1.7.6' ],
3036 silly audit   '@floating-ui/core': [ '1.7.5' ],
3036 silly audit   '@floating-ui/utils': [ '0.2.11' ],
3036 silly audit   '@radix-ui/number': [ '1.1.0' ],
3036 silly audit   '@supabase/auth-js': [ '2.99.1' ],
3036 silly audit   '@supabase/functions-js': [ '2.99.1' ],
3036 silly audit   '@supabase/postgrest-js': [ '2.99.1' ],
3036 silly audit   '@supabase/realtime-js': [ '2.99.1' ],
3036 silly audit   '@supabase/storage-js': [ '2.99.1' ],
3036 silly audit   '@types/phoenix': [ '1.6.7' ],
3036 silly audit   '@types/ws': [ '8.18.1' ],
3036 silly audit   ws: [ '8.19.0' ],
3036 silly audit   'iceberg-js': [ '0.8.1' ],
3036 silly audit   '@tailwindcss/node': [ '4.1.12' ],
3036 silly audit   '@tailwindcss/oxide': [ '4.1.12' ],
3036 silly audit   '@jridgewell/remapping': [ '2.3.5' ],
3036 silly audit   'enhanced-resolve': [ '5.20.0' ],
3036 silly audit   jiti: [ '2.6.1' ],
3036 silly audit   lightningcss: [ '1.30.1' ],
3036 silly audit   'magic-string': [ '0.30.21' ],
3036 silly audit   'source-map-js': [ '1.2.1' ],
3036 silly audit   '@tailwindcss/oxide-android-arm64': [ '4.1.12' ],
3036 silly audit   '@tailwindcss/oxide-darwin-arm64': [ '4.1.12' ],
3036 silly audit   '@tailwindcss/oxide-darwin-x64': [ '4.1.12' ],
3036 silly audit   '@tailwindcss/oxide-freebsd-x64': [ '4.1.12' ],
3036 silly audit   '@tailwindcss/oxide-linux-arm-gnueabihf': [ '4.1.12' ],
3036 silly audit   '@tailwindcss/oxide-linux-arm64-gnu': [ '4.1.12' ],
3036 silly audit   '@tailwindcss/oxide-linux-arm64-musl': [ '4.1.12' ],
3036 silly audit   '@tailwindcss/oxide-linux-x64-gnu': [ '4.1.12' ],
3036 silly audit   '@tailwindcss/oxide-linux-x64-musl': [ '4.1.12' ],
3036 silly audit   '@tailwindcss/oxide-win32-arm64-msvc': [ '4.1.12' ],
3036 silly audit   '@tailwindcss/oxide-win32-x64-msvc': [ '4.1.12' ],
3036 silly audit   'detect-libc': [ '2.1.2' ],
3036 silly audit   tar: [ '7.5.11' ],
3036 silly audit   '@tanstack/query-core': [ '5.90.20' ],
3036 silly audit   '@types/node': [ '25.5.0' ],
3036 silly audit   'undici-types': [ '7.18.2' ],
3036 silly audit   '@babel/core': [ '7.29.0' ],
3036 silly audit   '@babel/plugin-transform-react-jsx-self': [ '7.27.1' ],
3036 silly audit   '@babel/plugin-transform-react-jsx-source': [ '7.27.1' ],
3036 silly audit   '@rolldown/pluginutils': [ '1.0.0-beta.27' ],
3036 silly audit   '@types/babel__core': [ '7.20.5' ],
3036 silly audit   'react-refresh': [ '0.17.0' ],
3036 silly audit   '@babel/helper-compilation-targets': [ '7.28.6' ],
3036 silly audit   '@babel/helper-module-transforms': [ '7.28.6' ],
3036 silly audit   '@babel/helpers': [ '7.28.6' ],
3036 silly audit   gensync: [ '1.0.0-beta.2' ],
3036 silly audit   json5: [ '2.2.3' ],
3036 silly audit   semver: [ '6.3.1' ],
3036 silly audit   '@babel/compat-data': [ '7.29.0' ],
3036 silly audit   '@babel/helper-validator-option': [ '7.27.1' ],
3036 silly audit   browserslist: [ '4.28.1' ],
3036 silly audit   'lru-cache': [ '5.1.1' ],
3036 silly audit   '@babel/helper-plugin-utils': [ '7.28.6' ],
3036 silly audit   '@types/babel__generator': [ '7.27.0' ],
3036 silly audit   '@types/babel__template': [ '7.4.4' ],
3036 silly audit   '@types/babel__traverse': [ '7.28.0' ],
3036 silly audit   cosmiconfig: [ '7.1.0' ],
3036 silly audit   resolve: [ '1.22.11' ],
3036 silly audit   'baseline-browser-mapping': [ '2.10.8' ],
3036 silly audit   'caniuse-lite': [ '1.0.30001779' ],
3036 silly audit   'electron-to-chromium': [ '1.5.313' ],
3036 silly audit   'node-releases': [ '2.0.36' ],
3036 silly audit   'update-browserslist-db': [ '1.2.3' ],
3036 silly audit   '@types/parse-json': [ '4.0.2' ],
3036 silly audit   'import-fresh': [ '3.3.1' ],
3036 silly audit   'parse-json': [ '5.2.0' ],
3036 silly audit   'path-type': [ '4.0.0' ],
3036 silly audit   ms: [ '2.1.3' ],
3036 silly audit   'embla-carousel': [ '8.6.0' ],
3036 silly audit   'embla-carousel-reactive-utils': [ '8.6.0' ],
3036 silly audit   'graceful-fs': [ '4.2.11' ],
3036 silly audit   tapable: [ '2.3.0' ],
3036 silly audit   'css-line-break': [ '2.1.0' ],
3036 silly audit   'text-segmentation': [ '1.0.3' ],
3036 silly audit   utrie: [ '1.0.2' ],
3036 silly audit   'parent-module': [ '1.0.1' ],
3036 silly audit   'resolve-from': [ '4.0.0' ],
3036 silly audit   'lightningcss-darwin-arm64': [ '1.30.1' ],
3036 silly audit   'lightningcss-darwin-x64': [ '1.30.1' ],
3036 silly audit   'lightningcss-freebsd-x64': [ '1.30.1' ],
3036 silly audit   'lightningcss-linux-arm-gnueabihf': [ '1.30.1' ],
3036 silly audit   'lightningcss-linux-arm64-gnu': [ '1.30.1' ],
3036 silly audit   'lightningcss-linux-arm64-musl': [ '1.30.1' ],
3036 silly audit   'lightningcss-linux-x64-gnu': [ '1.30.1' ],
3036 silly audit   'lightningcss-linux-x64-musl': [ '1.30.1' ],
3036 silly audit   'lightningcss-win32-arm64-msvc': [ '1.30.1' ],
3036 silly audit   'lightningcss-win32-x64-msvc': [ '1.30.1' ],
3036 silly audit   yallist: [ '3.1.1', '5.0.0' ],
3036 silly audit   'framer-motion': [ '12.36.0' ],
3036 silly audit   'motion-dom': [ '12.36.0' ],
3036 silly audit   'motion-utils': [ '12.36.0' ],
3036 silly audit   callsites: [ '3.1.0' ],
3036 silly audit   'error-ex': [ '1.3.4' ],
3036 silly audit   'json-parse-even-better-errors': [ '2.3.1' ],
3036 silly audit   'lines-and-columns': [ '1.2.4' ],
3036 silly audit   'is-arrayish': [ '0.2.1' ],
3036 silly audit   'loose-envify': [ '1.4.0' ],
3036 silly audit   'object-assign': [ '4.1.1' ],
3036 silly audit   eventemitter3: [ '5.0.4', '4.0.7', '2.0.3' ],
3036 silly audit   'lodash-es': [ '4.17.23' ],
3036 silly audit   parchment: [ '3.0.0', '1.1.4' ],
3036 silly audit   'quill-delta': [ '5.1.0', '3.6.3' ],
3036 silly audit   'fast-diff': [ '1.3.0', '1.1.2' ],
3036 silly audit   'lodash.clonedeep': [ '4.5.0' ],
3036 silly audit   'lodash.isequal': [ '4.5.0' ],
3036 silly audit   '@react-dnd/invariant': [ '4.0.2' ],
3036 silly audit   '@react-dnd/shallowequal': [ '4.0.2' ],
3036 silly audit   'dnd-core': [ '16.0.1' ],
3036 silly audit   'fast-deep-equal': [ '3.1.3' ],
3036 silly audit   '@react-dnd/asap': [ '5.0.2' ],
3036 silly audit   redux: [ '4.2.1' ],
3036 silly audit   scheduler: [ '0.23.2' ],
3036 silly audit   invariant: [ '2.2.4' ],
3036 silly audit   'react-fast-compare': [ '3.2.2' ],
3036 silly audit   shallowequal: [ '1.1.0' ],
3036 silly audit   '@types/hast': [ '3.0.4' ],
3036 silly audit   '@types/mdast': [ '4.0.4' ],
3036 silly audit   devlop: [ '1.1.0' ],
3036 silly audit   'hast-util-to-jsx-runtime': [ '2.3.6' ],
3036 silly audit   'html-url-attributes': [ '3.0.1' ],
3036 silly audit   'mdast-util-to-hast': [ '13.2.1' ],
3036 silly audit   'remark-parse': [ '11.0.0' ],
3036 silly audit   'remark-rehype': [ '11.1.2' ],
3036 silly audit   unified: [ '11.0.5' ],
3036 silly audit   'unist-util-visit': [ '5.1.0' ],
3036 silly audit   vfile: [ '6.0.3' ],
3036 silly audit   '@types/unist': [ '3.0.3', '2.0.11' ],
3036 silly audit   dequal: [ '2.0.3' ],
3036 silly audit   '@types/estree': [ '1.0.8' ],
3036 silly audit   'comma-separated-tokens': [ '2.0.3' ],
3036 silly audit   'estree-util-is-identifier-name': [ '3.0.0' ],
3036 silly audit   'hast-util-whitespace': [ '3.0.0' ],
3036 silly audit   'mdast-util-mdx-expression': [ '2.0.1' ],
3036 silly audit   'mdast-util-mdx-jsx': [ '3.2.0' ],
3036 silly audit   'mdast-util-mdxjs-esm': [ '2.0.1' ],
3036 silly audit   'property-information': [ '7.1.0' ],
3036 silly audit   'space-separated-tokens': [ '2.0.2' ],
3036 silly audit   'style-to-js': [ '1.1.21' ],
3036 silly audit   'unist-util-position': [ '5.0.0' ],
3036 silly audit   'vfile-message': [ '4.0.3' ],
3036 silly audit   '@types/estree-jsx': [ '1.0.5' ],
3036 silly audit   'mdast-util-from-markdown': [ '2.0.3' ],
3036 silly audit   'mdast-util-to-markdown': [ '2.1.2' ],
3036 silly audit   'decode-named-character-reference': [ '1.3.0' ],
3036 silly audit   'mdast-util-to-string': [ '4.0.0' ],
3036 silly audit   micromark: [ '4.0.2' ],
3036 silly audit   'micromark-util-decode-numeric-character-reference': [ '2.0.2' ],
3036 silly audit   'micromark-util-decode-string': [ '2.0.1' ],
3036 silly audit   'micromark-util-normalize-identifier': [ '2.0.1' ],
3036 silly audit   'micromark-util-symbol': [ '2.0.1' ],
3036 silly audit   'micromark-util-types': [ '2.0.2' ],
3036 silly audit   'unist-util-stringify-position': [ '4.0.0' ],
3036 silly audit   'character-entities': [ '2.0.2' ],
3036 silly audit   ccount: [ '2.0.1' ],
3036 silly audit   'parse-entities': [ '4.0.2' ],
3036 silly audit   'stringify-entities': [ '4.0.4' ],
3036 silly audit   '@ungap/structured-clone': [ '1.3.0' ],
3036 silly audit   'micromark-util-sanitize-uri': [ '2.0.1' ],
3036 silly audit   'trim-lines': [ '3.0.1' ],
3036 silly audit   'longest-streak': [ '3.1.0' ],
3036 silly audit   'mdast-util-phrasing': [ '4.1.0' ],
3036 silly audit   'micromark-util-classify-character': [ '2.0.1' ],
3036 silly audit   zwitch: [ '2.0.4' ],
3036 silly audit   'unist-util-is': [ '6.0.1' ],
3036 silly audit   '@types/debug': [ '4.1.12' ],
3036 silly audit   'micromark-core-commonmark': [ '2.0.3' ],
3036 silly audit   'micromark-factory-space': [ '2.0.1' ],
3036 silly audit   'micromark-util-character': [ '2.1.1' ],
3036 silly audit   'micromark-util-chunked': [ '2.0.1' ],
3036 silly audit   'micromark-util-combine-extensions': [ '2.0.1' ],
3036 silly audit   'micromark-util-encode': [ '2.0.1' ],
3036 silly audit   'micromark-util-resolve-all': [ '2.0.1' ],
3036 silly audit   'micromark-util-subtokenize': [ '2.1.0' ],
3036 silly audit   '@types/ms': [ '2.1.0' ],
3036 silly audit   'micromark-factory-destination': [ '2.0.1' ],
3036 silly audit   'micromark-factory-label': [ '2.0.1' ],
3036 silly audit   'micromark-factory-title': [ '2.0.1' ],
3036 silly audit   'micromark-factory-whitespace': [ '2.0.1' ],
3036 silly audit   'micromark-util-html-tag-name': [ '2.0.1' ],
3036 silly audit   'character-entities-legacy': [ '3.0.0' ],
3036 silly audit   'character-reference-invalid': [ '2.0.1' ],
3036 silly audit   'is-alphanumerical': [ '2.0.1' ],
3036 silly audit   'is-decimal': [ '2.0.1' ],
3036 silly audit   'is-hexadecimal': [ '2.0.1' ],
3036 silly audit   'is-alphabetical': [ '2.0.1' ],
3036 silly audit   'page-flip': [ '2.0.7' ],
3036 silly audit   warning: [ '4.0.3' ],
3036 silly audit   '@types/quill': [ '1.3.10' ],
3036 silly audit   lodash: [ '4.17.23' ],
3036 silly audit   'react-remove-scroll-bar': [ '2.3.8' ],
3036 silly audit   'react-style-singleton': [ '2.2.3' ],
3036 silly audit   'use-callback-ref': [ '1.3.3' ],
3036 silly audit   'use-sidecar': [ '1.1.3' ],
3036 silly audit   cookie: [ '1.1.1' ],
3036 silly audit   'set-cookie-parser': [ '2.7.2' ],
3036 silly audit   classnames: [ '2.5.1' ],
3036 silly audit   json2mq: [ '0.2.0' ],
3036 silly audit   'lodash.debounce': [ '4.0.8' ],
3036 silly audit   'resize-observer-polyfill': [ '1.5.1' ],
3036 silly audit   'string-convert': [ '0.2.1' ],
3036 silly audit   'get-nonce': [ '1.0.1' ],
3036 silly audit   'dom-helpers': [ '5.2.1' ],
3036 silly audit   'react-smooth': [ '4.0.4' ],
3036 silly audit   'recharts-scale': [ '0.4.5' ],
3036 silly audit   'tiny-invariant': [ '1.3.3' ],
3036 silly audit   'victory-vendor': [ '36.9.2' ],
3036 silly audit   'fast-equals': [ '5.4.0' ],
3036 silly audit   'decimal.js-light': [ '2.5.1' ],
3036 silly audit   'is-core-module': [ '2.16.1' ],
3036 silly audit   'path-parse': [ '1.0.7' ],
3036 silly audit   'supports-preserve-symlinks-flag': [ '1.0.0' ],
3036 silly audit   hasown: [ '2.0.2' ],
3036 silly audit   'function-bind': [ '1.1.2' ],
3036 silly audit   'character-entities-html4': [ '2.1.0' ],
3036 silly audit   'style-to-object': [ '1.0.14' ],
3036 silly audit   'inline-style-parser': [ '0.2.7' ],
3036 silly audit   '@isaacs/fs-minipass': [ '4.0.1' ],
3036 silly audit   chownr: [ '3.0.0' ],
3036 silly audit   minipass: [ '7.1.3' ],
3036 silly audit   minizlib: [ '3.1.0' ],
3036 silly audit   bail: [ '2.0.2' ],
3036 silly audit   extend: [ '3.0.2' ],
3036 silly audit   'is-plain-obj': [ '4.1.0' ],
3036 silly audit   trough: [ '2.2.0' ],
3036 silly audit   'unist-util-visit-parents': [ '6.0.2' ],
3036 silly audit   escalade: [ '3.2.0' ],
3036 silly audit   'detect-node-es': [ '1.1.0' ],
3036 silly audit   'base64-arraybuffer': [ '1.0.2' ],
3036 silly audit   '@types/d3-array': [ '3.2.2' ],
3036 silly audit   '@types/d3-ease': [ '3.0.2' ],
3036 silly audit   '@types/d3-interpolate': [ '3.0.4' ],
3036 silly audit   '@types/d3-scale': [ '4.0.9' ],
3036 silly audit   '@types/d3-shape': [ '3.1.8' ],
3036 silly audit   '@types/d3-time': [ '3.0.4' ],
3036 silly audit   '@types/d3-timer': [ '3.0.2' ],
3036 silly audit   'd3-array': [ '3.2.4' ],
3036 silly audit   'd3-ease': [ '3.0.1' ],
3036 silly audit   'd3-interpolate': [ '3.0.1' ],
3036 silly audit   'd3-scale': [ '4.0.2' ],
3036 silly audit   'd3-shape': [ '3.2.0' ],
3036 silly audit   'd3-time': [ '3.1.0' ],
3036 silly audit   'd3-timer': [ '3.0.1' ],
3036 silly audit   '@types/d3-color': [ '3.1.3' ],
3036 silly audit   '@types/d3-path': [ '3.1.1' ],
3036 silly audit   internmap: [ '2.0.3' ],
3036 silly audit   'd3-color': [ '3.1.0' ],
3036 silly audit   'd3-format': [ '3.1.2' ],
3036 silly audit   'd3-time-format': [ '4.1.0' ],
3036 silly audit   'd3-path': [ '3.1.0' ],
3036 silly audit   esbuild: [ '0.25.12' ],
3036 silly audit   fdir: [ '6.5.0' ],
3036 silly audit   fsevents: [ '2.3.3' ],
3036 silly audit   picomatch: [ '4.0.3' ],
3036 silly audit   postcss: [ '8.5.8' ],
3036 silly audit   rollup: [ '4.59.0' ],
3036 silly audit   tinyglobby: [ '0.2.15' ],
3036 silly audit   yaml: [ '2.8.2', '1.10.2' ],
3036 silly audit   '@esbuild/aix-ppc64': [ '0.25.12' ],
3036 silly audit   '@esbuild/android-arm': [ '0.25.12' ],
3036 silly audit   '@esbuild/android-arm64': [ '0.25.12' ],
3036 silly audit   '@esbuild/android-x64': [ '0.25.12' ],
3036 silly audit   '@esbuild/darwin-arm64': [ '0.25.12' ],
3036 silly audit   '@esbuild/darwin-x64': [ '0.25.12' ],
3036 silly audit   '@esbuild/freebsd-arm64': [ '0.25.12' ],
3036 silly audit   '@esbuild/freebsd-x64': [ '0.25.12' ],
3036 silly audit   '@esbuild/linux-arm': [ '0.25.12' ],
3036 silly audit   '@esbuild/linux-arm64': [ '0.25.12' ],
3036 silly audit   '@esbuild/linux-ia32': [ '0.25.12' ],
3036 silly audit   '@esbuild/linux-loong64': [ '0.25.12' ],
3036 silly audit   '@esbuild/linux-mips64el': [ '0.25.12' ],
3036 silly audit   '@esbuild/linux-ppc64': [ '0.25.12' ],
3036 silly audit   '@esbuild/linux-riscv64': [ '0.25.12' ],
3036 silly audit   '@esbuild/linux-s390x': [ '0.25.12' ],
3036 silly audit   '@esbuild/linux-x64': [ '0.25.12' ],
3036 silly audit   '@esbuild/netbsd-arm64': [ '0.25.12' ],
3036 silly audit   '@esbuild/netbsd-x64': [ '0.25.12' ],
3036 silly audit   '@esbuild/openbsd-arm64': [ '0.25.12' ],
3036 silly audit   '@esbuild/openbsd-x64': [ '0.25.12' ],
3036 silly audit   '@esbuild/openharmony-arm64': [ '0.25.12' ],
3036 silly audit   '@esbuild/sunos-x64': [ '0.25.12' ],
3036 silly audit   '@esbuild/win32-arm64': [ '0.25.12' ],
3036 silly audit   '@esbuild/win32-ia32': [ '0.25.12' ],
3036 silly audit   '@esbuild/win32-x64': [ '0.25.12' ],
3036 silly audit   nanoid: [ '3.3.11' ],
3036 silly audit   '@rollup/rollup-android-arm-eabi': [ '4.59.0' ],
3036 silly audit   '@rollup/rollup-android-arm64': [ '4.59.0' ],
3036 silly audit   '@rollup/rollup-darwin-arm64': [ '4.59.0' ],
3036 silly audit   '@rollup/rollup-darwin-x64': [ '4.59.0' ],
3036 silly audit   '@rollup/rollup-freebsd-arm64': [ '4.59.0' ],
3036 silly audit   '@rollup/rollup-freebsd-x64': [ '4.59.0' ],
3036 silly audit   '@rollup/rollup-linux-arm-gnueabihf': [ '4.59.0' ],
3036 silly audit   '@rollup/rollup-linux-arm-musleabihf': [ '4.59.0' ],
3036 silly audit   '@rollup/rollup-linux-arm64-gnu': [ '4.59.0' ],
3036 silly audit   '@rollup/rollup-linux-arm64-musl': [ '4.59.0' ],
3036 silly audit   '@rollup/rollup-linux-loong64-gnu': [ '4.59.0' ],
3036 silly audit   '@rollup/rollup-linux-loong64-musl': [ '4.59.0' ],
3036 silly audit   '@rollup/rollup-linux-ppc64-gnu': [ '4.59.0' ],
3036 silly audit   '@rollup/rollup-linux-ppc64-musl': [ '4.59.0' ],
3036 silly audit   '@rollup/rollup-linux-riscv64-gnu': [ '4.59.0' ],
3036 silly audit   '@rollup/rollup-linux-riscv64-musl': [ '4.59.0' ],
3036 silly audit   '@rollup/rollup-linux-s390x-gnu': [ '4.59.0' ],
3036 silly audit   '@rollup/rollup-linux-x64-gnu': [ '4.59.0' ],
3036 silly audit   '@rollup/rollup-linux-x64-musl': [ '4.59.0' ],
3036 silly audit   '@rollup/rollup-openbsd-x64': [ '4.59.0' ],
3036 silly audit   '@rollup/rollup-openharmony-arm64': [ '4.59.0' ],
3036 silly audit   '@rollup/rollup-win32-arm64-msvc': [ '4.59.0' ],
3036 silly audit   '@rollup/rollup-win32-ia32-msvc': [ '4.59.0' ],
3036 silly audit   '@rollup/rollup-win32-x64-gnu': [ '4.59.0' ],
3036 silly audit   '@rollup/rollup-win32-x64-msvc': [ '4.59.0' ],
3036 silly audit   clone: [ '2.1.2' ],
3036 silly audit   'deep-equal': [ '1.1.2' ],
3036 silly audit   'is-arguments': [ '1.2.0' ],
3036 silly audit   'is-date-object': [ '1.1.0' ],
3036 silly audit   'is-regex': [ '1.2.1' ],
3036 silly audit   'object-is': [ '1.1.6' ],
3036 silly audit   'object-keys': [ '1.1.1' ],
3036 silly audit   'regexp.prototype.flags': [ '1.5.4' ],
3036 silly audit   'call-bound': [ '1.0.4' ],
3036 silly audit   'has-tostringtag': [ '1.0.2' ],
3036 silly audit   'call-bind-apply-helpers': [ '1.0.2' ],
3036 silly audit   'get-intrinsic': [ '1.3.0' ],
3036 silly audit   'es-errors': [ '1.3.0' ],
3036 silly audit   'es-define-property': [ '1.0.1' ],
3036 silly audit   'es-object-atoms': [ '1.1.1' ],
3036 silly audit   'get-proto': [ '1.0.1' ],
3036 silly audit   gopd: [ '1.2.0' ],
3036 silly audit   'has-symbols': [ '1.1.0' ],
3036 silly audit   'math-intrinsics': [ '1.1.0' ],
3036 silly audit   'dunder-proto': [ '1.0.1' ],
3036 silly audit   'call-bind': [ '1.0.8' ],
3036 silly audit   'define-properties': [ '1.2.1' ],
3036 silly audit   'set-function-length': [ '1.2.2' ],
3036 silly audit   'define-data-property': [ '1.1.4' ],
3036 silly audit   'has-property-descriptors': [ '1.0.2' ],
3036 silly audit   'set-function-name': [ '2.0.2' ],
3036 silly audit   'functions-have-names': [ '1.2.3' ],
3036 silly audit   '@tailwindcss/oxide-wasm32-wasi': [ '4.1.12' ]
3036 silly audit }
3037 verbose reify failed optional dependency C:\Users\AD\Documents\GitHub\Bitcoinnailbarcom\node_modules\@rollup\rollup-win32-ia32-msvc
3038 silly reify mark deleted [
3038 silly reify   'C:\\Users\\AD\\Documents\\GitHub\\Bitcoinnailbarcom\\node_modules\\@rollup\\rollup-win32-ia32-msvc'
3038 silly reify ]
3039 verbose reify failed optional dependency C:\Users\AD\Documents\GitHub\Bitcoinnailbarcom\node_modules\@rollup\rollup-win32-arm64-msvc
3040 silly reify mark deleted [
3040 silly reify   'C:\\Users\\AD\\Documents\\GitHub\\Bitcoinnailbarcom\\node_modules\\@rollup\\rollup-win32-arm64-msvc'
3040 silly reify ]
3041 verbose reify failed optional dependency C:\Users\AD\Documents\GitHub\Bitcoinnailbarcom\node_modules\@rollup\rollup-openharmony-arm64
3042 silly reify mark deleted [
3042 silly reify   'C:\\Users\\AD\\Documents\\GitHub\\Bitcoinnailbarcom\\node_modules\\@rollup\\rollup-openharmony-arm64'
3042 silly reify ]
3043 verbose reify failed optional dependency C:\Users\AD\Documents\GitHub\Bitcoinnailbarcom\node_modules\@rollup\rollup-openbsd-x64
3044 silly reify mark deleted [
3044 silly reify   'C:\\Users\\AD\\Documents\\GitHub\\Bitcoinnailbarcom\\node_modules\\@rollup\\rollup-openbsd-x64'
3044 silly reify ]
3045 verbose reify failed optional dependency C:\Users\AD\Documents\GitHub\Bitcoinnailbarcom\node_modules\@rollup\rollup-linux-x64-musl
3046 silly reify mark deleted [
3046 silly reify   'C:\\Users\\AD\\Documents\\GitHub\\Bitcoinnailbarcom\\node_modules\\@rollup\\rollup-linux-x64-musl'
3046 silly reify ]
3047 verbose reify failed optional dependency C:\Users\AD\Documents\GitHub\Bitcoinnailbarcom\node_modules\@rollup\rollup-linux-x64-gnu
3048 silly reify mark deleted [
3048 silly reify   'C:\\Users\\AD\\Documents\\GitHub\\Bitcoinnailbarcom\\node_modules\\@rollup\\rollup-linux-x64-gnu'
3048 silly reify ]
3049 verbose reify failed optional dependency C:\Users\AD\Documents\GitHub\Bitcoinnailbarcom\node_modules\@rollup\rollup-linux-s390x-gnu
3050 silly reify mark deleted [
3050 silly reify   'C:\\Users\\AD\\Documents\\GitHub\\Bitcoinnailbarcom\\node_modules\\@rollup\\rollup-linux-s390x-gnu'
3050 silly reify ]
3051 verbose reify failed optional dependency C:\Users\AD\Documents\GitHub\Bitcoinnailbarcom\node_modules\@rollup\rollup-linux-riscv64-musl
3052 silly reify mark deleted [
3052 silly reify   'C:\\Users\\AD\\Documents\\GitHub\\Bitcoinnailbarcom\\node_modules\\@rollup\\rollup-linux-riscv64-musl'
3052 silly reify ]
3053 verbose reify failed optional dependency C:\Users\AD\Documents\GitHub\Bitcoinnailbarcom\node_modules\@rollup\rollup-linux-riscv64-gnu
3054 silly reify mark deleted [
3054 silly reify   'C:\\Users\\AD\\Documents\\GitHub\\Bitcoinnailbarcom\\node_modules\\@rollup\\rollup-linux-riscv64-gnu'
3054 silly reify ]
3055 verbose reify failed optional dependency C:\Users\AD\Documents\GitHub\Bitcoinnailbarcom\node_modules\@rollup\rollup-linux-ppc64-musl
3056 silly reify mark deleted [
3056 silly reify   'C:\\Users\\AD\\Documents\\GitHub\\Bitcoinnailbarcom\\node_modules\\@rollup\\rollup-linux-ppc64-musl'
3056 silly reify ]
3057 verbose reify failed optional dependency C:\Users\AD\Documents\GitHub\Bitcoinnailbarcom\node_modules\@rollup\rollup-linux-ppc64-gnu
3058 silly reify mark deleted [
3058 silly reify   'C:\\Users\\AD\\Documents\\GitHub\\Bitcoinnailbarcom\\node_modules\\@rollup\\rollup-linux-ppc64-gnu'
3058 silly reify ]
3059 verbose reify failed optional dependency C:\Users\AD\Documents\GitHub\Bitcoinnailbarcom\node_modules\@rollup\rollup-linux-loong64-musl
3060 silly reify mark deleted [
3060 silly reify   'C:\\Users\\AD\\Documents\\GitHub\\Bitcoinnailbarcom\\node_modules\\@rollup\\rollup-linux-loong64-musl'
3060 silly reify ]
3061 verbose reify failed optional dependency C:\Users\AD\Documents\GitHub\Bitcoinnailbarcom\node_modules\@rollup\rollup-linux-loong64-gnu
3062 silly reify mark deleted [
3062 silly reify   'C:\\Users\\AD\\Documents\\GitHub\\Bitcoinnailbarcom\\node_modules\\@rollup\\rollup-linux-loong64-gnu'
3062 silly reify ]
3063 verbose reify failed optional dependency C:\Users\AD\Documents\GitHub\Bitcoinnailbarcom\node_modules\@rollup\rollup-linux-arm64-musl
3064 silly reify mark deleted [
3064 silly reify   'C:\\Users\\AD\\Documents\\GitHub\\Bitcoinnailbarcom\\node_modules\\@rollup\\rollup-linux-arm64-musl'
3064 silly reify ]
3065 verbose reify failed optional dependency C:\Users\AD\Documents\GitHub\Bitcoinnailbarcom\node_modules\@rollup\rollup-linux-arm64-gnu
3066 silly reify mark deleted [
3066 silly reify   'C:\\Users\\AD\\Documents\\GitHub\\Bitcoinnailbarcom\\node_modules\\@rollup\\rollup-linux-arm64-gnu'
3066 silly reify ]
3067 verbose reify failed optional dependency C:\Users\AD\Documents\GitHub\Bitcoinnailbarcom\node_modules\@rollup\rollup-linux-arm-musleabihf
3068 silly reify mark deleted [
3068 silly reify   'C:\\Users\\AD\\Documents\\GitHub\\Bitcoinnailbarcom\\node_modules\\@rollup\\rollup-linux-arm-musleabihf'
3068 silly reify ]
3069 verbose reify failed optional dependency C:\Users\AD\Documents\GitHub\Bitcoinnailbarcom\node_modules\@rollup\rollup-linux-arm-gnueabihf
3070 silly reify mark deleted [
3070 silly reify   'C:\\Users\\AD\\Documents\\GitHub\\Bitcoinnailbarcom\\node_modules\\@rollup\\rollup-linux-arm-gnueabihf'
3070 silly reify ]
3071 verbose reify failed optional dependency C:\Users\AD\Documents\GitHub\Bitcoinnailbarcom\node_modules\@rollup\rollup-freebsd-x64
3072 silly reify mark deleted [
3072 silly reify   'C:\\Users\\AD\\Documents\\GitHub\\Bitcoinnailbarcom\\node_modules\\@rollup\\rollup-freebsd-x64'
3072 silly reify ]
3073 verbose reify failed optional dependency C:\Users\AD\Documents\GitHub\Bitcoinnailbarcom\node_modules\@rollup\rollup-freebsd-arm64
3074 silly reify mark deleted [
3074 silly reify   'C:\\Users\\AD\\Documents\\GitHub\\Bitcoinnailbarcom\\node_modules\\@rollup\\rollup-freebsd-arm64'
3074 silly reify ]
3075 verbose reify failed optional dependency C:\Users\AD\Documents\GitHub\Bitcoinnailbarcom\node_modules\@rollup\rollup-darwin-x64
3076 silly reify mark deleted [
3076 silly reify   'C:\\Users\\AD\\Documents\\GitHub\\Bitcoinnailbarcom\\node_modules\\@rollup\\rollup-darwin-x64'
3076 silly reify ]
3077 verbose reify failed optional dependency C:\Users\AD\Documents\GitHub\Bitcoinnailbarcom\node_modules\@rollup\rollup-darwin-arm64
3078 silly reify mark deleted [
3078 silly reify   'C:\\Users\\AD\\Documents\\GitHub\\Bitcoinnailbarcom\\node_modules\\@rollup\\rollup-darwin-arm64'
3078 silly reify ]
3079 verbose reify failed optional dependency C:\Users\AD\Documents\GitHub\Bitcoinnailbarcom\node_modules\@rollup\rollup-android-arm64
3080 silly reify mark deleted [
3080 silly reify   'C:\\Users\\AD\\Documents\\GitHub\\Bitcoinnailbarcom\\node_modules\\@rollup\\rollup-android-arm64'
3080 silly reify ]
3081 verbose reify failed optional dependency C:\Users\AD\Documents\GitHub\Bitcoinnailbarcom\node_modules\@rollup\rollup-android-arm-eabi
3082 silly reify mark deleted [
3082 silly reify   'C:\\Users\\AD\\Documents\\GitHub\\Bitcoinnailbarcom\\node_modules\\@rollup\\rollup-android-arm-eabi'
3082 silly reify ]
3083 verbose reify failed optional dependency C:\Users\AD\Documents\GitHub\Bitcoinnailbarcom\node_modules\@esbuild\win32-ia32
3084 silly reify mark deleted [
3084 silly reify   'C:\\Users\\AD\\Documents\\GitHub\\Bitcoinnailbarcom\\node_modules\\@esbuild\\win32-ia32'
3084 silly reify ]
3085 verbose reify failed optional dependency C:\Users\AD\Documents\GitHub\Bitcoinnailbarcom\node_modules\@esbuild\win32-arm64
3086 silly reify mark deleted [
3086 silly reify   'C:\\Users\\AD\\Documents\\GitHub\\Bitcoinnailbarcom\\node_modules\\@esbuild\\win32-arm64'
3086 silly reify ]
3087 verbose reify failed optional dependency C:\Users\AD\Documents\GitHub\Bitcoinnailbarcom\node_modules\@esbuild\sunos-x64
3088 silly reify mark deleted [
3088 silly reify   'C:\\Users\\AD\\Documents\\GitHub\\Bitcoinnailbarcom\\node_modules\\@esbuild\\sunos-x64'
3088 silly reify ]
3089 verbose reify failed optional dependency C:\Users\AD\Documents\GitHub\Bitcoinnailbarcom\node_modules\@esbuild\openharmony-arm64
3090 silly reify mark deleted [
3090 silly reify   'C:\\Users\\AD\\Documents\\GitHub\\Bitcoinnailbarcom\\node_modules\\@esbuild\\openharmony-arm64'
3090 silly reify ]
3091 verbose reify failed optional dependency C:\Users\AD\Documents\GitHub\Bitcoinnailbarcom\node_modules\@esbuild\openbsd-x64
3092 silly reify mark deleted [
3092 silly reify   'C:\\Users\\AD\\Documents\\GitHub\\Bitcoinnailbarcom\\node_modules\\@esbuild\\openbsd-x64'
3092 silly reify ]
3093 verbose reify failed optional dependency C:\Users\AD\Documents\GitHub\Bitcoinnailbarcom\node_modules\@esbuild\openbsd-arm64
3094 silly reify mark deleted [
3094 silly reify   'C:\\Users\\AD\\Documents\\GitHub\\Bitcoinnailbarcom\\node_modules\\@esbuild\\openbsd-arm64'
3094 silly reify ]
3095 verbose reify failed optional dependency C:\Users\AD\Documents\GitHub\Bitcoinnailbarcom\node_modules\@esbuild\netbsd-x64
3096 silly reify mark deleted [
3096 silly reify   'C:\\Users\\AD\\Documents\\GitHub\\Bitcoinnailbarcom\\node_modules\\@esbuild\\netbsd-x64'
3096 silly reify ]
3097 verbose reify failed optional dependency C:\Users\AD\Documents\GitHub\Bitcoinnailbarcom\node_modules\@esbuild\netbsd-arm64
3098 silly reify mark deleted [
3098 silly reify   'C:\\Users\\AD\\Documents\\GitHub\\Bitcoinnailbarcom\\node_modules\\@esbuild\\netbsd-arm64'
3098 silly reify ]
3099 verbose reify failed optional dependency C:\Users\AD\Documents\GitHub\Bitcoinnailbarcom\node_modules\@esbuild\linux-x64
3100 silly reify mark deleted [
3100 silly reify   'C:\\Users\\AD\\Documents\\GitHub\\Bitcoinnailbarcom\\node_modules\\@esbuild\\linux-x64'
3100 silly reify ]
3101 verbose reify failed optional dependency C:\Users\AD\Documents\GitHub\Bitcoinnailbarcom\node_modules\@esbuild\linux-s390x
3102 silly reify mark deleted [
3102 silly reify   'C:\\Users\\AD\\Documents\\GitHub\\Bitcoinnailbarcom\\node_modules\\@esbuild\\linux-s390x'
3102 silly reify ]
3103 verbose reify failed optional dependency C:\Users\AD\Documents\GitHub\Bitcoinnailbarcom\node_modules\@esbuild\linux-riscv64
3104 silly reify mark deleted [
3104 silly reify   'C:\\Users\\AD\\Documents\\GitHub\\Bitcoinnailbarcom\\node_modules\\@esbuild\\linux-riscv64'
3104 silly reify ]
3105 verbose reify failed optional dependency C:\Users\AD\Documents\GitHub\Bitcoinnailbarcom\node_modules\@esbuild\linux-ppc64
3106 silly reify mark deleted [
3106 silly reify   'C:\\Users\\AD\\Documents\\GitHub\\Bitcoinnailbarcom\\node_modules\\@esbuild\\linux-ppc64'
3106 silly reify ]
3107 verbose reify failed optional dependency C:\Users\AD\Documents\GitHub\Bitcoinnailbarcom\node_modules\@esbuild\linux-mips64el
3108 silly reify mark deleted [
3108 silly reify   'C:\\Users\\AD\\Documents\\GitHub\\Bitcoinnailbarcom\\node_modules\\@esbuild\\linux-mips64el'
3108 silly reify ]
3109 verbose reify failed optional dependency C:\Users\AD\Documents\GitHub\Bitcoinnailbarcom\node_modules\@esbuild\linux-loong64
3110 silly reify mark deleted [
3110 silly reify   'C:\\Users\\AD\\Documents\\GitHub\\Bitcoinnailbarcom\\node_modules\\@esbuild\\linux-loong64'
3110 silly reify ]
3111 verbose reify failed optional dependency C:\Users\AD\Documents\GitHub\Bitcoinnailbarcom\node_modules\@esbuild\linux-ia32
3112 silly reify mark deleted [
3112 silly reify   'C:\\Users\\AD\\Documents\\GitHub\\Bitcoinnailbarcom\\node_modules\\@esbuild\\linux-ia32'
3112 silly reify ]
3113 verbose reify failed optional dependency C:\Users\AD\Documents\GitHub\Bitcoinnailbarcom\node_modules\@esbuild\linux-arm64
3114 silly reify mark deleted [
3114 silly reify   'C:\\Users\\AD\\Documents\\GitHub\\Bitcoinnailbarcom\\node_modules\\@esbuild\\linux-arm64'
3114 silly reify ]
3115 verbose reify failed optional dependency C:\Users\AD\Documents\GitHub\Bitcoinnailbarcom\node_modules\@esbuild\linux-arm
3116 silly reify mark deleted [
3116 silly reify   'C:\\Users\\AD\\Documents\\GitHub\\Bitcoinnailbarcom\\node_modules\\@esbuild\\linux-arm'
3116 silly reify ]
3117 verbose reify failed optional dependency C:\Users\AD\Documents\GitHub\Bitcoinnailbarcom\node_modules\@esbuild\freebsd-x64
3118 silly reify mark deleted [
3118 silly reify   'C:\\Users\\AD\\Documents\\GitHub\\Bitcoinnailbarcom\\node_modules\\@esbuild\\freebsd-x64'
3118 silly reify ]
3119 verbose reify failed optional dependency C:\Users\AD\Documents\GitHub\Bitcoinnailbarcom\node_modules\@esbuild\freebsd-arm64
3120 silly reify mark deleted [
3120 silly reify   'C:\\Users\\AD\\Documents\\GitHub\\Bitcoinnailbarcom\\node_modules\\@esbuild\\freebsd-arm64'
3120 silly reify ]
3121 verbose reify failed optional dependency C:\Users\AD\Documents\GitHub\Bitcoinnailbarcom\node_modules\@esbuild\darwin-x64
3122 silly reify mark deleted [
3122 silly reify   'C:\\Users\\AD\\Documents\\GitHub\\Bitcoinnailbarcom\\node_modules\\@esbuild\\darwin-x64'
3122 silly reify ]
3123 verbose reify failed optional dependency C:\Users\AD\Documents\GitHub\Bitcoinnailbarcom\node_modules\@esbuild\darwin-arm64
3124 silly reify mark deleted [
3124 silly reify   'C:\\Users\\AD\\Documents\\GitHub\\Bitcoinnailbarcom\\node_modules\\@esbuild\\darwin-arm64'
3124 silly reify ]
3125 verbose reify failed optional dependency C:\Users\AD\Documents\GitHub\Bitcoinnailbarcom\node_modules\@esbuild\android-x64
3126 silly reify mark deleted [
3126 silly reify   'C:\\Users\\AD\\Documents\\GitHub\\Bitcoinnailbarcom\\node_modules\\@esbuild\\android-x64'
3126 silly reify ]
3127 verbose reify failed optional dependency C:\Users\AD\Documents\GitHub\Bitcoinnailbarcom\node_modules\@esbuild\android-arm64
3128 silly reify mark deleted [
3128 silly reify   'C:\\Users\\AD\\Documents\\GitHub\\Bitcoinnailbarcom\\node_modules\\@esbuild\\android-arm64'
3128 silly reify ]
3129 verbose reify failed optional dependency C:\Users\AD\Documents\GitHub\Bitcoinnailbarcom\node_modules\@esbuild\android-arm
3130 silly reify mark deleted [
3130 silly reify   'C:\\Users\\AD\\Documents\\GitHub\\Bitcoinnailbarcom\\node_modules\\@esbuild\\android-arm'
3130 silly reify ]
3131 verbose reify failed optional dependency C:\Users\AD\Documents\GitHub\Bitcoinnailbarcom\node_modules\@esbuild\aix-ppc64
3132 silly reify mark deleted [
3132 silly reify   'C:\\Users\\AD\\Documents\\GitHub\\Bitcoinnailbarcom\\node_modules\\@esbuild\\aix-ppc64'
3132 silly reify ]
3133 verbose reify failed optional dependency C:\Users\AD\Documents\GitHub\Bitcoinnailbarcom\node_modules\fsevents
3134 silly reify mark deleted [
3134 silly reify   'C:\\Users\\AD\\Documents\\GitHub\\Bitcoinnailbarcom\\node_modules\\fsevents'
3134 silly reify ]
3135 verbose reify failed optional dependency C:\Users\AD\Documents\GitHub\Bitcoinnailbarcom\node_modules\lightningcss-win32-arm64-msvc
3136 silly reify mark deleted [
3136 silly reify   'C:\\Users\\AD\\Documents\\GitHub\\Bitcoinnailbarcom\\node_modules\\lightningcss-win32-arm64-msvc'
3136 silly reify ]
3137 verbose reify failed optional dependency C:\Users\AD\Documents\GitHub\Bitcoinnailbarcom\node_modules\lightningcss-linux-x64-musl
3138 silly reify mark deleted [
3138 silly reify   'C:\\Users\\AD\\Documents\\GitHub\\Bitcoinnailbarcom\\node_modules\\lightningcss-linux-x64-musl'
3138 silly reify ]
3139 verbose reify failed optional dependency C:\Users\AD\Documents\GitHub\Bitcoinnailbarcom\node_modules\lightningcss-linux-x64-gnu
3140 silly reify mark deleted [
3140 silly reify   'C:\\Users\\AD\\Documents\\GitHub\\Bitcoinnailbarcom\\node_modules\\lightningcss-linux-x64-gnu'
3140 silly reify ]
3141 verbose reify failed optional dependency C:\Users\AD\Documents\GitHub\Bitcoinnailbarcom\node_modules\lightningcss-linux-arm64-musl
3142 silly reify mark deleted [
3142 silly reify   'C:\\Users\\AD\\Documents\\GitHub\\Bitcoinnailbarcom\\node_modules\\lightningcss-linux-arm64-musl'
3142 silly reify ]
3143 verbose reify failed optional dependency C:\Users\AD\Documents\GitHub\Bitcoinnailbarcom\node_modules\lightningcss-linux-arm64-gnu
3144 silly reify mark deleted [
3144 silly reify   'C:\\Users\\AD\\Documents\\GitHub\\Bitcoinnailbarcom\\node_modules\\lightningcss-linux-arm64-gnu'
3144 silly reify ]
3145 verbose reify failed optional dependency C:\Users\AD\Documents\GitHub\Bitcoinnailbarcom\node_modules\lightningcss-linux-arm-gnueabihf
3146 silly reify mark deleted [
3146 silly reify   'C:\\Users\\AD\\Documents\\GitHub\\Bitcoinnailbarcom\\node_modules\\lightningcss-linux-arm-gnueabihf'
3146 silly reify ]
3147 verbose reify failed optional dependency C:\Users\AD\Documents\GitHub\Bitcoinnailbarcom\node_modules\lightningcss-freebsd-x64
3148 silly reify mark deleted [
3148 silly reify   'C:\\Users\\AD\\Documents\\GitHub\\Bitcoinnailbarcom\\node_modules\\lightningcss-freebsd-x64'
3148 silly reify ]
3149 verbose reify failed optional dependency C:\Users\AD\Documents\GitHub\Bitcoinnailbarcom\node_modules\lightningcss-darwin-x64
3150 silly reify mark deleted [
3150 silly reify   'C:\\Users\\AD\\Documents\\GitHub\\Bitcoinnailbarcom\\node_modules\\lightningcss-darwin-x64'
3150 silly reify ]
3151 verbose reify failed optional dependency C:\Users\AD\Documents\GitHub\Bitcoinnailbarcom\node_modules\lightningcss-darwin-arm64
3152 silly reify mark deleted [
3152 silly reify   'C:\\Users\\AD\\Documents\\GitHub\\Bitcoinnailbarcom\\node_modules\\lightningcss-darwin-arm64'
3152 silly reify ]
3153 verbose reify failed optional dependency C:\Users\AD\Documents\GitHub\Bitcoinnailbarcom\node_modules\@tailwindcss\oxide-win32-arm64-msvc
3154 silly reify mark deleted [
3154 silly reify   'C:\\Users\\AD\\Documents\\GitHub\\Bitcoinnailbarcom\\node_modules\\@tailwindcss\\oxide-win32-arm64-msvc'
3154 silly reify ]
3155 verbose reify failed optional dependency C:\Users\AD\Documents\GitHub\Bitcoinnailbarcom\node_modules\@tailwindcss\oxide-linux-x64-musl
3156 silly reify mark deleted [
3156 silly reify   'C:\\Users\\AD\\Documents\\GitHub\\Bitcoinnailbarcom\\node_modules\\@tailwindcss\\oxide-linux-x64-musl'
3156 silly reify ]
3157 verbose reify failed optional dependency C:\Users\AD\Documents\GitHub\Bitcoinnailbarcom\node_modules\@tailwindcss\oxide-linux-x64-gnu
3158 silly reify mark deleted [
3158 silly reify   'C:\\Users\\AD\\Documents\\GitHub\\Bitcoinnailbarcom\\node_modules\\@tailwindcss\\oxide-linux-x64-gnu'
3158 silly reify ]
3159 verbose reify failed optional dependency C:\Users\AD\Documents\GitHub\Bitcoinnailbarcom\node_modules\@tailwindcss\oxide-linux-arm64-musl
3160 silly reify mark deleted [
3160 silly reify   'C:\\Users\\AD\\Documents\\GitHub\\Bitcoinnailbarcom\\node_modules\\@tailwindcss\\oxide-linux-arm64-musl'
3160 silly reify ]
3161 verbose reify failed optional dependency C:\Users\AD\Documents\GitHub\Bitcoinnailbarcom\node_modules\@tailwindcss\oxide-linux-arm64-gnu
3162 silly reify mark deleted [
3162 silly reify   'C:\\Users\\AD\\Documents\\GitHub\\Bitcoinnailbarcom\\node_modules\\@tailwindcss\\oxide-linux-arm64-gnu'
3162 silly reify ]
3163 verbose reify failed optional dependency C:\Users\AD\Documents\GitHub\Bitcoinnailbarcom\node_modules\@tailwindcss\oxide-linux-arm-gnueabihf
3164 silly reify mark deleted [
3164 silly reify   'C:\\Users\\AD\\Documents\\GitHub\\Bitcoinnailbarcom\\node_modules\\@tailwindcss\\oxide-linux-arm-gnueabihf'
3164 silly reify ]
3165 verbose reify failed optional dependency C:\Users\AD\Documents\GitHub\Bitcoinnailbarcom\node_modules\@tailwindcss\oxide-freebsd-x64
3166 silly reify mark deleted [
3166 silly reify   'C:\\Users\\AD\\Documents\\GitHub\\Bitcoinnailbarcom\\node_modules\\@tailwindcss\\oxide-freebsd-x64'
3166 silly reify ]
3167 verbose reify failed optional dependency C:\Users\AD\Documents\GitHub\Bitcoinnailbarcom\node_modules\@tailwindcss\oxide-darwin-x64
3168 silly reify mark deleted [
3168 silly reify   'C:\\Users\\AD\\Documents\\GitHub\\Bitcoinnailbarcom\\node_modules\\@tailwindcss\\oxide-darwin-x64'
3168 silly reify ]
3169 verbose reify failed optional dependency C:\Users\AD\Documents\GitHub\Bitcoinnailbarcom\node_modules\@tailwindcss\oxide-darwin-arm64
3170 silly reify mark deleted [
3170 silly reify   'C:\\Users\\AD\\Documents\\GitHub\\Bitcoinnailbarcom\\node_modules\\@tailwindcss\\oxide-darwin-arm64'
3170 silly reify ]
3171 verbose reify failed optional dependency C:\Users\AD\Documents\GitHub\Bitcoinnailbarcom\node_modules\@tailwindcss\oxide-android-arm64
3172 silly reify mark deleted [
3172 silly reify   'C:\\Users\\AD\\Documents\\GitHub\\Bitcoinnailbarcom\\node_modules\\@tailwindcss\\oxide-android-arm64'
3172 silly reify ]
3173 silly tarball no local data for set-function-name@https://registry.npmjs.org/set-function-name/-/set-function-name-2.0.2.tgz. Extracting by manifest.
3174 silly tarball no local data for has-property-descriptors@https://registry.npmjs.org/has-property-descriptors/-/has-property-descriptors-1.0.2.tgz. Extracting by manifest.
3175 silly tarball no local data for functions-have-names@https://registry.npmjs.org/functions-have-names/-/functions-have-names-1.2.3.tgz. Extracting by manifest.
3176 silly tarball no local data for dunder-proto@https://registry.npmjs.org/dunder-proto/-/dunder-proto-1.0.1.tgz. Extracting by manifest.
3177 silly tarball no local data for define-data-property@https://registry.npmjs.org/define-data-property/-/define-data-property-1.1.4.tgz. Extracting by manifest.
3178 silly tarball no local data for set-function-length@https://registry.npmjs.org/set-function-length/-/set-function-length-1.2.2.tgz. Extracting by manifest.
3179 silly tarball no local data for define-properties@https://registry.npmjs.org/define-properties/-/define-properties-1.2.1.tgz. Extracting by manifest.
3180 silly tarball no local data for call-bind@https://registry.npmjs.org/call-bind/-/call-bind-1.0.8.tgz. Extracting by manifest.
3181 silly tarball no local data for get-proto@https://registry.npmjs.org/get-proto/-/get-proto-1.0.1.tgz. Extracting by manifest.
3182 silly tarball no local data for has-symbols@https://registry.npmjs.org/has-symbols/-/has-symbols-1.1.0.tgz. Extracting by manifest.
3183 silly tarball no local data for es-object-atoms@https://registry.npmjs.org/es-object-atoms/-/es-object-atoms-1.1.1.tgz. Extracting by manifest.
3184 silly tarball no local data for math-intrinsics@https://registry.npmjs.org/math-intrinsics/-/math-intrinsics-1.1.0.tgz. Extracting by manifest.
3185 silly tarball no local data for gopd@https://registry.npmjs.org/gopd/-/gopd-1.2.0.tgz. Extracting by manifest.
3186 silly tarball no local data for es-define-property@https://registry.npmjs.org/es-define-property/-/es-define-property-1.0.1.tgz. Extracting by manifest.
3187 silly tarball no local data for get-intrinsic@https://registry.npmjs.org/get-intrinsic/-/get-intrinsic-1.3.0.tgz. Extracting by manifest.
3188 silly tarball no local data for call-bind-apply-helpers@https://registry.npmjs.org/call-bind-apply-helpers/-/call-bind-apply-helpers-1.0.2.tgz. Extracting by manifest.
3189 silly tarball no local data for has-tostringtag@https://registry.npmjs.org/has-tostringtag/-/has-tostringtag-1.0.2.tgz. Extracting by manifest.
3190 silly tarball no local data for es-errors@https://registry.npmjs.org/es-errors/-/es-errors-1.3.0.tgz. Extracting by manifest.
3191 silly tarball no local data for call-bound@https://registry.npmjs.org/call-bound/-/call-bound-1.0.4.tgz. Extracting by manifest.
3192 silly tarball no local data for regexp.prototype.flags@https://registry.npmjs.org/regexp.prototype.flags/-/regexp.prototype.flags-1.5.4.tgz. Extracting by manifest.
3193 silly tarball no local data for object-keys@https://registry.npmjs.org/object-keys/-/object-keys-1.1.1.tgz. Extracting by manifest.
3194 silly tarball no local data for object-is@https://registry.npmjs.org/object-is/-/object-is-1.1.6.tgz. Extracting by manifest.
3195 silly tarball no local data for is-date-object@https://registry.npmjs.org/is-date-object/-/is-date-object-1.1.0.tgz. Extracting by manifest.
3196 silly tarball no local data for is-regex@https://registry.npmjs.org/is-regex/-/is-regex-1.2.1.tgz. Extracting by manifest.
3197 silly tarball no local data for @rollup/rollup-win32-x64-gnu@https://registry.npmjs.org/@rollup/rollup-win32-x64-gnu/-/rollup-win32-x64-gnu-4.59.0.tgz. Extracting by manifest.
3198 silly tarball no local data for is-arguments@https://registry.npmjs.org/is-arguments/-/is-arguments-1.2.0.tgz. Extracting by manifest.
3199 silly tarball no local data for @esbuild/win32-x64@https://registry.npmjs.org/@esbuild/win32-x64/-/win32-x64-0.25.12.tgz. Extracting by manifest.
3200 silly tarball no local data for clone@https://registry.npmjs.org/clone/-/clone-2.1.2.tgz. Extracting by manifest.
3201 silly tarball no local data for deep-equal@https://registry.npmjs.org/deep-equal/-/deep-equal-1.1.2.tgz. Extracting by manifest.
3202 silly tarball no local data for nanoid@https://registry.npmjs.org/nanoid/-/nanoid-3.3.11.tgz. Extracting by manifest.
3203 silly tarball no local data for rollup@https://registry.npmjs.org/rollup/-/rollup-4.59.0.tgz. Extracting by manifest.
3204 silly tarball no local data for yaml@https://registry.npmjs.org/yaml/-/yaml-2.8.2.tgz. Extracting by manifest.
3205 silly tarball no local data for tinyglobby@https://registry.npmjs.org/tinyglobby/-/tinyglobby-0.2.15.tgz. Extracting by manifest.
3206 silly tarball no local data for picomatch@https://registry.npmjs.org/picomatch/-/picomatch-4.0.3.tgz. Extracting by manifest.
3207 silly tarball no local data for postcss@https://registry.npmjs.org/postcss/-/postcss-8.5.8.tgz. Extracting by manifest.
3208 silly tarball no local data for fdir@https://registry.npmjs.org/fdir/-/fdir-6.5.0.tgz. Extracting by manifest.
3209 silly tarball no local data for d3-path@https://registry.npmjs.org/d3-path/-/d3-path-3.1.0.tgz. Extracting by manifest.
3210 silly tarball no local data for esbuild@https://registry.npmjs.org/esbuild/-/esbuild-0.25.12.tgz. Extracting by manifest.
3211 silly tarball no local data for d3-time-format@https://registry.npmjs.org/d3-time-format/-/d3-time-format-4.1.0.tgz. Extracting by manifest.
3212 silly tarball no local data for d3-format@https://registry.npmjs.org/d3-format/-/d3-format-3.1.2.tgz. Extracting by manifest.
3213 silly tarball no local data for d3-color@https://registry.npmjs.org/d3-color/-/d3-color-3.1.0.tgz. Extracting by manifest.
3214 silly tarball no local data for @types/d3-path@https://registry.npmjs.org/@types/d3-path/-/d3-path-3.1.1.tgz. Extracting by manifest.
3215 silly tarball no local data for internmap@https://registry.npmjs.org/internmap/-/internmap-2.0.3.tgz. Extracting by manifest.
3216 silly tarball no local data for @types/d3-color@https://registry.npmjs.org/@types/d3-color/-/d3-color-3.1.3.tgz. Extracting by manifest.
3217 silly tarball no local data for d3-timer@https://registry.npmjs.org/d3-timer/-/d3-timer-3.0.1.tgz. Extracting by manifest.
3218 silly tarball no local data for @rollup/rollup-win32-x64-msvc@https://registry.npmjs.org/@rollup/rollup-win32-x64-msvc/-/rollup-win32-x64-msvc-4.59.0.tgz. Extracting by manifest.
3219 silly tarball no local data for d3-time@https://registry.npmjs.org/d3-time/-/d3-time-3.1.0.tgz. Extracting by manifest.
3220 silly tarball no local data for d3-scale@https://registry.npmjs.org/d3-scale/-/d3-scale-4.0.2.tgz. Extracting by manifest.
3221 silly tarball no local data for d3-shape@https://registry.npmjs.org/d3-shape/-/d3-shape-3.2.0.tgz. Extracting by manifest.
3222 silly tarball no local data for @types/d3-time@https://registry.npmjs.org/@types/d3-time/-/d3-time-3.0.4.tgz. Extracting by manifest.
3223 silly tarball no local data for @types/d3-shape@https://registry.npmjs.org/@types/d3-shape/-/d3-shape-3.1.8.tgz. Extracting by manifest.
3224 silly tarball no local data for d3-interpolate@https://registry.npmjs.org/d3-interpolate/-/d3-interpolate-3.0.1.tgz. Extracting by manifest.
3225 silly tarball no local data for @types/d3-timer@https://registry.npmjs.org/@types/d3-timer/-/d3-timer-3.0.2.tgz. Extracting by manifest.
3226 silly tarball no local data for d3-ease@https://registry.npmjs.org/d3-ease/-/d3-ease-3.0.1.tgz. Extracting by manifest.
3227 silly tarball no local data for detect-node-es@https://registry.npmjs.org/detect-node-es/-/detect-node-es-1.1.0.tgz. Extracting by manifest.
3228 silly tarball no local data for @types/d3-scale@https://registry.npmjs.org/@types/d3-scale/-/d3-scale-4.0.9.tgz. Extracting by manifest.
3229 silly tarball no local data for base64-arraybuffer@https://registry.npmjs.org/base64-arraybuffer/-/base64-arraybuffer-1.0.2.tgz. Extracting by manifest.
3230 silly tarball no local data for d3-array@https://registry.npmjs.org/d3-array/-/d3-array-3.2.4.tgz. Extracting by manifest.
3231 silly tarball no local data for escalade@https://registry.npmjs.org/escalade/-/escalade-3.2.0.tgz. Extracting by manifest.
3232 silly tarball no local data for trough@https://registry.npmjs.org/trough/-/trough-2.2.0.tgz. Extracting by manifest.
3233 silly tarball no local data for @types/d3-ease@https://registry.npmjs.org/@types/d3-ease/-/d3-ease-3.0.2.tgz. Extracting by manifest.
3234 silly tarball no local data for @types/d3-interpolate@https://registry.npmjs.org/@types/d3-interpolate/-/d3-interpolate-3.0.4.tgz. Extracting by manifest.
3235 silly tarball no local data for extend@https://registry.npmjs.org/extend/-/extend-3.0.2.tgz. Extracting by manifest.
3236 silly tarball no local data for @types/d3-array@https://registry.npmjs.org/@types/d3-array/-/d3-array-3.2.2.tgz. Extracting by manifest.
3237 silly tarball no local data for minizlib@https://registry.npmjs.org/minizlib/-/minizlib-3.1.0.tgz. Extracting by manifest.
3238 silly tarball no local data for bail@https://registry.npmjs.org/bail/-/bail-2.0.2.tgz. Extracting by manifest.
3239 silly tarball no local data for unist-util-visit-parents@https://registry.npmjs.org/unist-util-visit-parents/-/unist-util-visit-parents-6.0.2.tgz. Extracting by manifest.
3240 silly tarball no local data for is-plain-obj@https://registry.npmjs.org/is-plain-obj/-/is-plain-obj-4.1.0.tgz. Extracting by manifest.
3241 silly tarball no local data for chownr@https://registry.npmjs.org/chownr/-/chownr-3.0.0.tgz. Extracting by manifest.
3242 silly tarball no local data for @isaacs/fs-minipass@https://registry.npmjs.org/@isaacs/fs-minipass/-/fs-minipass-4.0.1.tgz. Extracting by manifest.
3243 silly tarball no local data for style-to-object@https://registry.npmjs.org/style-to-object/-/style-to-object-1.0.14.tgz. Extracting by manifest.
3244 silly tarball no local data for inline-style-parser@https://registry.npmjs.org/inline-style-parser/-/inline-style-parser-0.2.7.tgz. Extracting by manifest.
3245 silly tarball no local data for minipass@https://registry.npmjs.org/minipass/-/minipass-7.1.3.tgz. Extracting by manifest.
3246 silly tarball no local data for function-bind@https://registry.npmjs.org/function-bind/-/function-bind-1.1.2.tgz. Extracting by manifest.
3247 silly tarball no local data for supports-preserve-symlinks-flag@https://registry.npmjs.org/supports-preserve-symlinks-flag/-/supports-preserve-symlinks-flag-1.0.0.tgz. Extracting by manifest.
3248 silly tarball no local data for path-parse@https://registry.npmjs.org/path-parse/-/path-parse-1.0.7.tgz. Extracting by manifest.
3249 silly tarball no local data for character-entities-html4@https://registry.npmjs.org/character-entities-html4/-/character-entities-html4-2.1.0.tgz. Extracting by manifest.
3250 silly tarball no local data for hasown@https://registry.npmjs.org/hasown/-/hasown-2.0.2.tgz. Extracting by manifest.
3251 silly tarball no local data for decimal.js-light@https://registry.npmjs.org/decimal.js-light/-/decimal.js-light-2.5.1.tgz. Extracting by manifest.
3252 silly tarball no local data for is-core-module@https://registry.npmjs.org/is-core-module/-/is-core-module-2.16.1.tgz. Extracting by manifest.
3253 silly tarball no local data for fast-equals@https://registry.npmjs.org/fast-equals/-/fast-equals-5.4.0.tgz. Extracting by manifest.
3254 silly tarball no local data for victory-vendor@https://registry.npmjs.org/victory-vendor/-/victory-vendor-36.9.2.tgz. Extracting by manifest.
3255 silly tarball no local data for recharts-scale@https://registry.npmjs.org/recharts-scale/-/recharts-scale-0.4.5.tgz. Extracting by manifest.
3256 silly tarball no local data for react-smooth@https://registry.npmjs.org/react-smooth/-/react-smooth-4.0.4.tgz. Extracting by manifest.
3257 silly tarball no local data for tiny-invariant@https://registry.npmjs.org/tiny-invariant/-/tiny-invariant-1.3.3.tgz. Extracting by manifest.
3258 silly tarball no local data for dom-helpers@https://registry.npmjs.org/dom-helpers/-/dom-helpers-5.2.1.tgz. Extracting by manifest.
3259 silly tarball no local data for string-convert@https://registry.npmjs.org/string-convert/-/string-convert-0.2.1.tgz. Extracting by manifest.
3260 silly tarball no local data for get-nonce@https://registry.npmjs.org/get-nonce/-/get-nonce-1.0.1.tgz. Extracting by manifest.
3261 silly tarball no local data for resize-observer-polyfill@https://registry.npmjs.org/resize-observer-polyfill/-/resize-observer-polyfill-1.5.1.tgz. Extracting by manifest.
3262 silly tarball no local data for lodash.debounce@https://registry.npmjs.org/lodash.debounce/-/lodash.debounce-4.0.8.tgz. Extracting by manifest.
3263 silly tarball no local data for json2mq@https://registry.npmjs.org/json2mq/-/json2mq-0.2.0.tgz. Extracting by manifest.
3264 silly tarball no local data for classnames@https://registry.npmjs.org/classnames/-/classnames-2.5.1.tgz. Extracting by manifest.
3265 silly tarball no local data for cookie@https://registry.npmjs.org/cookie/-/cookie-1.1.1.tgz. Extracting by manifest.
3266 silly tarball no local data for set-cookie-parser@https://registry.npmjs.org/set-cookie-parser/-/set-cookie-parser-2.7.2.tgz. Extracting by manifest.
3267 silly tarball no local data for use-callback-ref@https://registry.npmjs.org/use-callback-ref/-/use-callback-ref-1.3.3.tgz. Extracting by manifest.
3268 silly tarball no local data for use-sidecar@https://registry.npmjs.org/use-sidecar/-/use-sidecar-1.1.3.tgz. Extracting by manifest.
3269 silly tarball no local data for react-remove-scroll-bar@https://registry.npmjs.org/react-remove-scroll-bar/-/react-remove-scroll-bar-2.3.8.tgz. Extracting by manifest.
3270 silly tarball no local data for react-style-singleton@https://registry.npmjs.org/react-style-singleton/-/react-style-singleton-2.2.3.tgz. Extracting by manifest.
3271 silly tarball no local data for lodash@https://registry.npmjs.org/lodash/-/lodash-4.17.23.tgz. Extracting by manifest.
3272 silly tarball no local data for warning@https://registry.npmjs.org/warning/-/warning-4.0.3.tgz. Extracting by manifest.
3273 silly tarball no local data for page-flip@https://registry.npmjs.org/page-flip/-/page-flip-2.0.7.tgz. Extracting by manifest.
3274 silly tarball no local data for is-alphabetical@https://registry.npmjs.org/is-alphabetical/-/is-alphabetical-2.0.1.tgz. Extracting by manifest.
3275 silly tarball no local data for @types/quill@https://registry.npmjs.org/@types/quill/-/quill-1.3.10.tgz. Extracting by manifest.
3276 silly tarball no local data for is-hexadecimal@https://registry.npmjs.org/is-hexadecimal/-/is-hexadecimal-2.0.1.tgz. Extracting by manifest.
3277 silly tarball no local data for is-decimal@https://registry.npmjs.org/is-decimal/-/is-decimal-2.0.1.tgz. Extracting by manifest.
3278 silly tarball no local data for is-alphanumerical@https://registry.npmjs.org/is-alphanumerical/-/is-alphanumerical-2.0.1.tgz. Extracting by manifest.
3279 silly tarball no local data for character-reference-invalid@https://registry.npmjs.org/character-reference-invalid/-/character-reference-invalid-2.0.1.tgz. Extracting by manifest.
3280 silly tarball no local data for character-entities-legacy@https://registry.npmjs.org/character-entities-legacy/-/character-entities-legacy-3.0.0.tgz. Extracting by manifest.
3281 silly tarball no local data for micromark-util-html-tag-name@https://registry.npmjs.org/micromark-util-html-tag-name/-/micromark-util-html-tag-name-2.0.1.tgz. Extracting by manifest.
3282 silly tarball no local data for micromark-factory-title@https://registry.npmjs.org/micromark-factory-title/-/micromark-factory-title-2.0.1.tgz. Extracting by manifest.
3283 silly tarball no local data for micromark-factory-label@https://registry.npmjs.org/micromark-factory-label/-/micromark-factory-label-2.0.1.tgz. Extracting by manifest.
3284 silly tarball no local data for micromark-factory-whitespace@https://registry.npmjs.org/micromark-factory-whitespace/-/micromark-factory-whitespace-2.0.1.tgz. Extracting by manifest.
3285 silly tarball no local data for @types/ms@https://registry.npmjs.org/@types/ms/-/ms-2.1.0.tgz. Extracting by manifest.
3286 silly tarball no local data for micromark-factory-destination@https://registry.npmjs.org/micromark-factory-destination/-/micromark-factory-destination-2.0.1.tgz. Extracting by manifest.
3287 silly tarball no local data for micromark-util-subtokenize@https://registry.npmjs.org/micromark-util-subtokenize/-/micromark-util-subtokenize-2.1.0.tgz. Extracting by manifest.
3288 silly tarball no local data for micromark-util-encode@https://registry.npmjs.org/micromark-util-encode/-/micromark-util-encode-2.0.1.tgz. Extracting by manifest.
3289 silly tarball no local data for micromark-util-combine-extensions@https://registry.npmjs.org/micromark-util-combine-extensions/-/micromark-util-combine-extensions-2.0.1.tgz. Extracting by manifest.
3290 silly tarball no local data for micromark-util-resolve-all@https://registry.npmjs.org/micromark-util-resolve-all/-/micromark-util-resolve-all-2.0.1.tgz. Extracting by manifest.
3291 silly tarball no local data for micromark-util-chunked@https://registry.npmjs.org/micromark-util-chunked/-/micromark-util-chunked-2.0.1.tgz. Extracting by manifest.
3292 silly tarball no local data for micromark-factory-space@https://registry.npmjs.org/micromark-factory-space/-/micromark-factory-space-2.0.1.tgz. Extracting by manifest.
3293 silly tarball no local data for micromark-util-character@https://registry.npmjs.org/micromark-util-character/-/micromark-util-character-2.1.1.tgz. Extracting by manifest.
3294 silly tarball no local data for @types/debug@https://registry.npmjs.org/@types/debug/-/debug-4.1.12.tgz. Extracting by manifest.
3295 silly tarball no local data for micromark-core-commonmark@https://registry.npmjs.org/micromark-core-commonmark/-/micromark-core-commonmark-2.0.3.tgz. Extracting by manifest.
3296 silly tarball no local data for zwitch@https://registry.npmjs.org/zwitch/-/zwitch-2.0.4.tgz. Extracting by manifest.
3297 silly tarball no local data for unist-util-is@https://registry.npmjs.org/unist-util-is/-/unist-util-is-6.0.1.tgz. Extracting by manifest.
3298 silly tarball no local data for longest-streak@https://registry.npmjs.org/longest-streak/-/longest-streak-3.1.0.tgz. Extracting by manifest.
3299 silly tarball no local data for micromark-util-classify-character@https://registry.npmjs.org/micromark-util-classify-character/-/micromark-util-classify-character-2.0.1.tgz. Extracting by manifest.
3300 silly tarball no local data for mdast-util-phrasing@https://registry.npmjs.org/mdast-util-phrasing/-/mdast-util-phrasing-4.1.0.tgz. Extracting by manifest.
3301 silly tarball no local data for micromark-util-sanitize-uri@https://registry.npmjs.org/micromark-util-sanitize-uri/-/micromark-util-sanitize-uri-2.0.1.tgz. Extracting by manifest.
3302 silly tarball no local data for trim-lines@https://registry.npmjs.org/trim-lines/-/trim-lines-3.0.1.tgz. Extracting by manifest.
3303 silly tarball no local data for @ungap/structured-clone@https://registry.npmjs.org/@ungap/structured-clone/-/structured-clone-1.3.0.tgz. Extracting by manifest.
3304 silly tarball no local data for stringify-entities@https://registry.npmjs.org/stringify-entities/-/stringify-entities-4.0.4.tgz. Extracting by manifest.
3305 silly tarball no local data for parse-entities@https://registry.npmjs.org/parse-entities/-/parse-entities-4.0.2.tgz. Extracting by manifest.
3306 silly tarball no local data for ccount@https://registry.npmjs.org/ccount/-/ccount-2.0.1.tgz. Extracting by manifest.
3307 silly tarball no local data for unist-util-stringify-position@https://registry.npmjs.org/unist-util-stringify-position/-/unist-util-stringify-position-4.0.0.tgz. Extracting by manifest.
3308 silly tarball no local data for micromark-util-symbol@https://registry.npmjs.org/micromark-util-symbol/-/micromark-util-symbol-2.0.1.tgz. Extracting by manifest.
3309 silly tarball no local data for character-entities@https://registry.npmjs.org/character-entities/-/character-entities-2.0.2.tgz. Extracting by manifest.
3310 silly tarball no local data for micromark-util-types@https://registry.npmjs.org/micromark-util-types/-/micromark-util-types-2.0.2.tgz. Extracting by manifest.
3311 silly tarball no local data for micromark-util-normalize-identifier@https://registry.npmjs.org/micromark-util-normalize-identifier/-/micromark-util-normalize-identifier-2.0.1.tgz. Extracting by manifest.
3312 silly tarball no local data for micromark-util-decode-string@https://registry.npmjs.org/micromark-util-decode-string/-/micromark-util-decode-string-2.0.1.tgz. Extracting by manifest.
3313 silly tarball no local data for micromark-util-decode-numeric-character-reference@https://registry.npmjs.org/micromark-util-decode-numeric-character-reference/-/micromark-util-decode-numeric-character-reference-2.0.2.tgz. Extracting by manifest.
3314 silly tarball no local data for @types/estree-jsx@https://registry.npmjs.org/@types/estree-jsx/-/estree-jsx-1.0.5.tgz. Extracting by manifest.
3315 silly tarball no local data for decode-named-character-reference@https://registry.npmjs.org/decode-named-character-reference/-/decode-named-character-reference-1.3.0.tgz. Extracting by manifest.
3316 silly tarball no local data for micromark@https://registry.npmjs.org/micromark/-/micromark-4.0.2.tgz. Extracting by manifest.
3317 silly tarball no local data for mdast-util-to-string@https://registry.npmjs.org/mdast-util-to-string/-/mdast-util-to-string-4.0.0.tgz. Extracting by manifest.
3318 silly tarball no local data for vfile-message@https://registry.npmjs.org/vfile-message/-/vfile-message-4.0.3.tgz. Extracting by manifest.
3319 silly tarball no local data for mdast-util-from-markdown@https://registry.npmjs.org/mdast-util-from-markdown/-/mdast-util-from-markdown-2.0.3.tgz. Extracting by manifest.
3320 silly tarball no local data for mdast-util-to-markdown@https://registry.npmjs.org/mdast-util-to-markdown/-/mdast-util-to-markdown-2.1.2.tgz. Extracting by manifest.
3321 silly tarball no local data for space-separated-tokens@https://registry.npmjs.org/space-separated-tokens/-/space-separated-tokens-2.0.2.tgz. Extracting by manifest.
3322 silly tarball no local data for style-to-js@https://registry.npmjs.org/style-to-js/-/style-to-js-1.1.21.tgz. Extracting by manifest.
3323 silly tarball no local data for unist-util-position@https://registry.npmjs.org/unist-util-position/-/unist-util-position-5.0.0.tgz. Extracting by manifest.
3324 silly tarball no local data for property-information@https://registry.npmjs.org/property-information/-/property-information-7.1.0.tgz. Extracting by manifest.
3325 silly tarball no local data for mdast-util-mdxjs-esm@https://registry.npmjs.org/mdast-util-mdxjs-esm/-/mdast-util-mdxjs-esm-2.0.1.tgz. Extracting by manifest.
3326 silly tarball no local data for mdast-util-mdx-expression@https://registry.npmjs.org/mdast-util-mdx-expression/-/mdast-util-mdx-expression-2.0.1.tgz. Extracting by manifest.
3327 silly tarball no local data for hast-util-whitespace@https://registry.npmjs.org/hast-util-whitespace/-/hast-util-whitespace-3.0.0.tgz. Extracting by manifest.
3328 silly tarball no local data for @types/estree@https://registry.npmjs.org/@types/estree/-/estree-1.0.8.tgz. Extracting by manifest.
3329 silly tarball no local data for dequal@https://registry.npmjs.org/dequal/-/dequal-2.0.3.tgz. Extracting by manifest.
3330 silly tarball no local data for @types/unist@https://registry.npmjs.org/@types/unist/-/unist-3.0.3.tgz. Extracting by manifest.
3331 silly tarball no local data for comma-separated-tokens@https://registry.npmjs.org/comma-separated-tokens/-/comma-separated-tokens-2.0.3.tgz. Extracting by manifest.
3332 silly tarball no local data for estree-util-is-identifier-name@https://registry.npmjs.org/estree-util-is-identifier-name/-/estree-util-is-identifier-name-3.0.0.tgz. Extracting by manifest.
3333 silly tarball no local data for unist-util-visit@https://registry.npmjs.org/unist-util-visit/-/unist-util-visit-5.1.0.tgz. Extracting by manifest.
3334 silly tarball no local data for unified@https://registry.npmjs.org/unified/-/unified-11.0.5.tgz. Extracting by manifest.
3335 silly tarball no local data for vfile@https://registry.npmjs.org/vfile/-/vfile-6.0.3.tgz. Extracting by manifest.
3336 silly tarball no local data for mdast-util-mdx-jsx@https://registry.npmjs.org/mdast-util-mdx-jsx/-/mdast-util-mdx-jsx-3.2.0.tgz. Extracting by manifest.
3337 silly tarball no local data for remark-rehype@https://registry.npmjs.org/remark-rehype/-/remark-rehype-11.1.2.tgz. Extracting by manifest.
3338 silly tarball no local data for remark-parse@https://registry.npmjs.org/remark-parse/-/remark-parse-11.0.0.tgz. Extracting by manifest.
3339 silly tarball no local data for mdast-util-to-hast@https://registry.npmjs.org/mdast-util-to-hast/-/mdast-util-to-hast-13.2.1.tgz. Extracting by manifest.
3340 silly tarball no local data for html-url-attributes@https://registry.npmjs.org/html-url-attributes/-/html-url-attributes-3.0.1.tgz. Extracting by manifest.
3341 silly tarball no local data for @types/mdast@https://registry.npmjs.org/@types/mdast/-/mdast-4.0.4.tgz. Extracting by manifest.
3342 silly tarball no local data for devlop@https://registry.npmjs.org/devlop/-/devlop-1.1.0.tgz. Extracting by manifest.
3343 silly tarball no local data for @types/hast@https://registry.npmjs.org/@types/hast/-/hast-3.0.4.tgz. Extracting by manifest.
3344 silly tarball no local data for shallowequal@https://registry.npmjs.org/shallowequal/-/shallowequal-1.1.0.tgz. Extracting by manifest.
3345 silly tarball no local data for react-fast-compare@https://registry.npmjs.org/react-fast-compare/-/react-fast-compare-3.2.2.tgz. Extracting by manifest.
3346 silly tarball no local data for invariant@https://registry.npmjs.org/invariant/-/invariant-2.2.4.tgz. Extracting by manifest.
3347 silly tarball no local data for scheduler@https://registry.npmjs.org/scheduler/-/scheduler-0.23.2.tgz. Extracting by manifest.
3348 silly tarball no local data for redux@https://registry.npmjs.org/redux/-/redux-4.2.1.tgz. Extracting by manifest.
3349 silly tarball no local data for @react-dnd/asap@https://registry.npmjs.org/@react-dnd/asap/-/asap-5.0.2.tgz. Extracting by manifest.
3350 silly tarball no local data for fast-deep-equal@https://registry.npmjs.org/fast-deep-equal/-/fast-deep-equal-3.1.3.tgz. Extracting by manifest.
3351 silly tarball no local data for dnd-core@https://registry.npmjs.org/dnd-core/-/dnd-core-16.0.1.tgz. Extracting by manifest.
3352 silly tarball no local data for hast-util-to-jsx-runtime@https://registry.npmjs.org/hast-util-to-jsx-runtime/-/hast-util-to-jsx-runtime-2.3.6.tgz. Extracting by manifest.
3353 silly tarball no local data for lodash.clonedeep@https://registry.npmjs.org/lodash.clonedeep/-/lodash.clonedeep-4.5.0.tgz. Extracting by manifest.
3354 silly tarball no local data for lodash.isequal@https://registry.npmjs.org/lodash.isequal/-/lodash.isequal-4.5.0.tgz. Extracting by manifest.
3355 silly tarball no local data for @react-dnd/shallowequal@https://registry.npmjs.org/@react-dnd/shallowequal/-/shallowequal-4.0.2.tgz. Extracting by manifest.
3356 silly tarball no local data for quill-delta@https://registry.npmjs.org/quill-delta/-/quill-delta-5.1.0.tgz. Extracting by manifest.
3357 silly tarball no local data for @react-dnd/invariant@https://registry.npmjs.org/@react-dnd/invariant/-/invariant-4.0.2.tgz. Extracting by manifest.
3358 silly tarball no local data for lodash-es@https://registry.npmjs.org/lodash-es/-/lodash-es-4.17.23.tgz. Extracting by manifest.
3359 silly tarball no local data for eventemitter3@https://registry.npmjs.org/eventemitter3/-/eventemitter3-5.0.4.tgz. Extracting by manifest.
3360 silly tarball no local data for parchment@https://registry.npmjs.org/parchment/-/parchment-3.0.0.tgz. Extracting by manifest.
3361 silly tarball no local data for fast-diff@https://registry.npmjs.org/fast-diff/-/fast-diff-1.3.0.tgz. Extracting by manifest.
3362 silly tarball no local data for is-arrayish@https://registry.npmjs.org/is-arrayish/-/is-arrayish-0.2.1.tgz. Extracting by manifest.
3363 silly tarball no local data for object-assign@https://registry.npmjs.org/object-assign/-/object-assign-4.1.1.tgz. Extracting by manifest.
3364 silly tarball no local data for lines-and-columns@https://registry.npmjs.org/lines-and-columns/-/lines-and-columns-1.2.4.tgz. Extracting by manifest.
3365 silly tarball no local data for loose-envify@https://registry.npmjs.org/loose-envify/-/loose-envify-1.4.0.tgz. Extracting by manifest.
3366 silly tarball no local data for json-parse-even-better-errors@https://registry.npmjs.org/json-parse-even-better-errors/-/json-parse-even-better-errors-2.3.1.tgz. Extracting by manifest.
3367 silly tarball no local data for callsites@https://registry.npmjs.org/callsites/-/callsites-3.1.0.tgz. Extracting by manifest.
3368 silly tarball no local data for error-ex@https://registry.npmjs.org/error-ex/-/error-ex-1.3.4.tgz. Extracting by manifest.
3369 silly tarball no local data for framer-motion@https://registry.npmjs.org/framer-motion/-/framer-motion-12.36.0.tgz. Extracting by manifest.
3370 silly tarball no local data for motion-utils@https://registry.npmjs.org/motion-utils/-/motion-utils-12.36.0.tgz. Extracting by manifest.
3371 silly tarball no local data for lightningcss-win32-x64-msvc@https://registry.npmjs.org/lightningcss-win32-x64-msvc/-/lightningcss-win32-x64-msvc-1.30.1.tgz. Extracting by manifest.
3372 silly tarball no local data for motion-dom@https://registry.npmjs.org/motion-dom/-/motion-dom-12.36.0.tgz. Extracting by manifest.
3373 silly tarball no local data for resolve-from@https://registry.npmjs.org/resolve-from/-/resolve-from-4.0.0.tgz. Extracting by manifest.
3374 silly tarball no local data for parent-module@https://registry.npmjs.org/parent-module/-/parent-module-1.0.1.tgz. Extracting by manifest.
3375 silly tarball no local data for yallist@https://registry.npmjs.org/yallist/-/yallist-3.1.1.tgz. Extracting by manifest.
3376 silly tarball no local data for utrie@https://registry.npmjs.org/utrie/-/utrie-1.0.2.tgz. Extracting by manifest.
3377 silly tarball no local data for text-segmentation@https://registry.npmjs.org/text-segmentation/-/text-segmentation-1.0.3.tgz. Extracting by manifest.
3378 silly tarball no local data for css-line-break@https://registry.npmjs.org/css-line-break/-/css-line-break-2.1.0.tgz. Extracting by manifest.
3379 silly tarball no local data for graceful-fs@https://registry.npmjs.org/graceful-fs/-/graceful-fs-4.2.11.tgz. Extracting by manifest.
3380 silly tarball no local data for tapable@https://registry.npmjs.org/tapable/-/tapable-2.3.0.tgz. Extracting by manifest.
3381 silly tarball no local data for embla-carousel-reactive-utils@https://registry.npmjs.org/embla-carousel-reactive-utils/-/embla-carousel-reactive-utils-8.6.0.tgz. Extracting by manifest.
3382 silly tarball no local data for embla-carousel@https://registry.npmjs.org/embla-carousel/-/embla-carousel-8.6.0.tgz. Extracting by manifest.
3383 silly tarball no local data for @types/parse-json@https://registry.npmjs.org/@types/parse-json/-/parse-json-4.0.2.tgz. Extracting by manifest.
3384 silly tarball no local data for ms@https://registry.npmjs.org/ms/-/ms-2.1.3.tgz. Extracting by manifest.
3385 silly tarball no local data for path-type@https://registry.npmjs.org/path-type/-/path-type-4.0.0.tgz. Extracting by manifest.
3386 silly tarball no local data for parse-json@https://registry.npmjs.org/parse-json/-/parse-json-5.2.0.tgz. Extracting by manifest.
3387 silly tarball no local data for node-releases@https://registry.npmjs.org/node-releases/-/node-releases-2.0.36.tgz. Extracting by manifest.
3388 silly tarball no local data for import-fresh@https://registry.npmjs.org/import-fresh/-/import-fresh-3.3.1.tgz. Extracting by manifest.
3389 silly tarball no local data for baseline-browser-mapping@https://registry.npmjs.org/baseline-browser-mapping/-/baseline-browser-mapping-2.10.8.tgz. Extracting by manifest.
3390 silly tarball no local data for update-browserslist-db@https://registry.npmjs.org/update-browserslist-db/-/update-browserslist-db-1.2.3.tgz. Extracting by manifest.
3391 silly tarball no local data for caniuse-lite@https://registry.npmjs.org/caniuse-lite/-/caniuse-lite-1.0.30001779.tgz. Extracting by manifest.
3392 silly tarball no local data for electron-to-chromium@https://registry.npmjs.org/electron-to-chromium/-/electron-to-chromium-1.5.313.tgz. Extracting by manifest.
3393 silly tarball no local data for resolve@https://registry.npmjs.org/resolve/-/resolve-1.22.11.tgz. Extracting by manifest.
3394 silly tarball no local data for cosmiconfig@https://registry.npmjs.org/cosmiconfig/-/cosmiconfig-7.1.0.tgz. Extracting by manifest.
3395 silly tarball no local data for @babel/helper-plugin-utils@https://registry.npmjs.org/@babel/helper-plugin-utils/-/helper-plugin-utils-7.28.6.tgz. Extracting by manifest.
3396 silly tarball no local data for lru-cache@https://registry.npmjs.org/lru-cache/-/lru-cache-5.1.1.tgz. Extracting by manifest.
3397 silly tarball no local data for @types/babel__traverse@https://registry.npmjs.org/@types/babel__traverse/-/babel__traverse-7.28.0.tgz. Extracting by manifest.
3398 silly tarball no local data for @types/babel__template@https://registry.npmjs.org/@types/babel__template/-/babel__template-7.4.4.tgz. Extracting by manifest.
3399 silly tarball no local data for browserslist@https://registry.npmjs.org/browserslist/-/browserslist-4.28.1.tgz. Extracting by manifest.
3400 silly tarball no local data for @types/babel__generator@https://registry.npmjs.org/@types/babel__generator/-/babel__generator-7.27.0.tgz. Extracting by manifest.
3401 silly tarball no local data for @babel/helper-validator-option@https://registry.npmjs.org/@babel/helper-validator-option/-/helper-validator-option-7.27.1.tgz. Extracting by manifest.
3402 silly tarball no local data for semver@https://registry.npmjs.org/semver/-/semver-6.3.1.tgz. Extracting by manifest.
3403 silly tarball no local data for @babel/compat-data@https://registry.npmjs.org/@babel/compat-data/-/compat-data-7.29.0.tgz. Extracting by manifest.
3404 silly tarball no local data for gensync@https://registry.npmjs.org/gensync/-/gensync-1.0.0-beta.2.tgz. Extracting by manifest.
3405 silly tarball no local data for @babel/helpers@https://registry.npmjs.org/@babel/helpers/-/helpers-7.28.6.tgz. Extracting by manifest.
3406 silly tarball no local data for json5@https://registry.npmjs.org/json5/-/json5-2.2.3.tgz. Extracting by manifest.
3407 silly tarball no local data for @types/babel__core@https://registry.npmjs.org/@types/babel__core/-/babel__core-7.20.5.tgz. Extracting by manifest.
3408 silly tarball no local data for react-refresh@https://registry.npmjs.org/react-refresh/-/react-refresh-0.17.0.tgz. Extracting by manifest.
3409 silly tarball no local data for @babel/helper-compilation-targets@https://registry.npmjs.org/@babel/helper-compilation-targets/-/helper-compilation-targets-7.28.6.tgz. Extracting by manifest.
3410 silly tarball no local data for @rolldown/pluginutils@https://registry.npmjs.org/@rolldown/pluginutils/-/pluginutils-1.0.0-beta.27.tgz. Extracting by manifest.
3411 silly tarball no local data for @babel/helper-module-transforms@https://registry.npmjs.org/@babel/helper-module-transforms/-/helper-module-transforms-7.28.6.tgz. Extracting by manifest.
3412 silly tarball no local data for undici-types@https://registry.npmjs.org/undici-types/-/undici-types-7.18.2.tgz. Extracting by manifest.
3413 silly tarball no local data for @types/node@https://registry.npmjs.org/@types/node/-/node-25.5.0.tgz. Extracting by manifest.
3414 silly tarball no local data for @tailwindcss/oxide-win32-x64-msvc@https://registry.npmjs.org/@tailwindcss/oxide-win32-x64-msvc/-/oxide-win32-x64-msvc-4.1.12.tgz. Extracting by manifest.
3415 silly tarball no local data for @babel/plugin-transform-react-jsx-source@https://registry.npmjs.org/@babel/plugin-transform-react-jsx-source/-/plugin-transform-react-jsx-source-7.27.1.tgz. Extracting by manifest.
3416 silly tarball no local data for @babel/core@https://registry.npmjs.org/@babel/core/-/core-7.29.0.tgz. Extracting by manifest.
3417 silly tarball no local data for @babel/plugin-transform-react-jsx-self@https://registry.npmjs.org/@babel/plugin-transform-react-jsx-self/-/plugin-transform-react-jsx-self-7.27.1.tgz. Extracting by manifest.
3418 silly tarball no local data for detect-libc@https://registry.npmjs.org/detect-libc/-/detect-libc-2.1.2.tgz. Extracting by manifest.
3419 silly tarball no local data for tar@https://registry.npmjs.org/tar/-/tar-7.5.11.tgz. Extracting by manifest.
3420 silly tarball no local data for @tanstack/query-core@https://registry.npmjs.org/@tanstack/query-core/-/query-core-5.90.20.tgz. Extracting by manifest.
3421 silly tarball no local data for source-map-js@https://registry.npmjs.org/source-map-js/-/source-map-js-1.2.1.tgz. Extracting by manifest.
3422 silly tarball no local data for lightningcss@https://registry.npmjs.org/lightningcss/-/lightningcss-1.30.1.tgz. Extracting by manifest.
3423 silly tarball no local data for magic-string@https://registry.npmjs.org/magic-string/-/magic-string-0.30.21.tgz. Extracting by manifest.
3424 silly tarball no local data for @tailwindcss/oxide@https://registry.npmjs.org/@tailwindcss/oxide/-/oxide-4.1.12.tgz. Extracting by manifest.
3425 silly tarball no local data for jiti@https://registry.npmjs.org/jiti/-/jiti-2.6.1.tgz. Extracting by manifest.
3426 silly tarball no local data for @tailwindcss/node@https://registry.npmjs.org/@tailwindcss/node/-/node-4.1.12.tgz. Extracting by manifest.
3427 silly tarball no local data for enhanced-resolve@https://registry.npmjs.org/enhanced-resolve/-/enhanced-resolve-5.20.0.tgz. Extracting by manifest.
3428 silly tarball no local data for @jridgewell/remapping@https://registry.npmjs.org/@jridgewell/remapping/-/remapping-2.3.5.tgz. Extracting by manifest.
3429 silly tarball no local data for @types/ws@https://registry.npmjs.org/@types/ws/-/ws-8.18.1.tgz. Extracting by manifest.
3430 silly tarball no local data for @types/phoenix@https://registry.npmjs.org/@types/phoenix/-/phoenix-1.6.7.tgz. Extracting by manifest.
3431 silly tarball no local data for @supabase/storage-js@https://registry.npmjs.org/@supabase/storage-js/-/storage-js-2.99.1.tgz. Extracting by manifest.
3432 silly tarball no local data for ws@https://registry.npmjs.org/ws/-/ws-8.19.0.tgz. Extracting by manifest.
3433 silly tarball no local data for @supabase/realtime-js@https://registry.npmjs.org/@supabase/realtime-js/-/realtime-js-2.99.1.tgz. Extracting by manifest.
3434 silly tarball no local data for iceberg-js@https://registry.npmjs.org/iceberg-js/-/iceberg-js-0.8.1.tgz. Extracting by manifest.
3435 silly tarball no local data for @supabase/postgrest-js@https://registry.npmjs.org/@supabase/postgrest-js/-/postgrest-js-2.99.1.tgz. Extracting by manifest.
3436 silly tarball no local data for @supabase/auth-js@https://registry.npmjs.org/@supabase/auth-js/-/auth-js-2.99.1.tgz. Extracting by manifest.
3437 silly tarball no local data for @supabase/functions-js@https://registry.npmjs.org/@supabase/functions-js/-/functions-js-2.99.1.tgz. Extracting by manifest.
3438 silly tarball no local data for @radix-ui/react-use-rect@https://registry.npmjs.org/@radix-ui/react-use-rect/-/react-use-rect-1.1.0.tgz. Extracting by manifest.
3439 silly tarball no local data for @radix-ui/rect@https://registry.npmjs.org/@radix-ui/rect/-/rect-1.1.0.tgz. Extracting by manifest.
3440 silly tarball no local data for @radix-ui/number@https://registry.npmjs.org/@radix-ui/number/-/number-1.1.0.tgz. Extracting by manifest.
3441 silly tarball no local data for @radix-ui/react-arrow@https://registry.npmjs.org/@radix-ui/react-arrow/-/react-arrow-1.1.2.tgz. Extracting by manifest.
3442 silly tarball no local data for @floating-ui/dom@https://registry.npmjs.org/@floating-ui/dom/-/dom-1.7.6.tgz. Extracting by manifest.
3443 silly tarball no local data for @radix-ui/react-visually-hidden@https://registry.npmjs.org/@radix-ui/react-visually-hidden/-/react-visually-hidden-1.1.2.tgz. Extracting by manifest.
3444 silly tarball no local data for @floating-ui/utils@https://registry.npmjs.org/@floating-ui/utils/-/utils-0.2.11.tgz. Extracting by manifest.
3445 silly tarball no local data for @floating-ui/react-dom@https://registry.npmjs.org/@floating-ui/react-dom/-/react-dom-2.1.8.tgz. Extracting by manifest.
3446 silly tarball no local data for react-remove-scroll@https://registry.npmjs.org/react-remove-scroll/-/react-remove-scroll-2.7.2.tgz. Extracting by manifest.
3447 silly tarball no local data for @radix-ui/react-popper@https://registry.npmjs.org/@radix-ui/react-popper/-/react-popper-1.2.2.tgz. Extracting by manifest.
3448 silly tarball no local data for @floating-ui/core@https://registry.npmjs.org/@floating-ui/core/-/core-1.7.5.tgz. Extracting by manifest.
3449 silly tarball no local data for @radix-ui/react-roving-focus@https://registry.npmjs.org/@radix-ui/react-roving-focus/-/react-roving-focus-1.1.2.tgz. Extracting by manifest.
3450 silly tarball no local data for aria-hidden@https://registry.npmjs.org/aria-hidden/-/aria-hidden-1.2.6.tgz. Extracting by manifest.
3451 silly tarball no local data for @radix-ui/react-focus-scope@https://registry.npmjs.org/@radix-ui/react-focus-scope/-/react-focus-scope-1.1.2.tgz. Extracting by manifest.
3452 silly tarball no local data for @radix-ui/react-focus-guards@https://registry.npmjs.org/@radix-ui/react-focus-guards/-/react-focus-guards-1.1.1.tgz. Extracting by manifest.
3453 silly tarball no local data for @radix-ui/react-menu@https://registry.npmjs.org/@radix-ui/react-menu/-/react-menu-2.1.6.tgz. Extracting by manifest.
3454 silly tarball no local data for @radix-ui/react-use-escape-keydown@https://registry.npmjs.org/@radix-ui/react-use-escape-keydown/-/react-use-escape-keydown-1.1.0.tgz. Extracting by manifest.
3455 silly tarball no local data for @radix-ui/react-dismissable-layer@https://registry.npmjs.org/@radix-ui/react-dismissable-layer/-/react-dismissable-layer-1.1.5.tgz. Extracting by manifest.
3456 silly tarball no local data for @radix-ui/react-portal@https://registry.npmjs.org/@radix-ui/react-portal/-/react-portal-1.1.4.tgz. Extracting by manifest.
3457 silly tarball no local data for @radix-ui/react-use-size@https://registry.npmjs.org/@radix-ui/react-use-size/-/react-use-size-1.1.0.tgz. Extracting by manifest.
3458 silly tarball no local data for @radix-ui/react-presence@https://registry.npmjs.org/@radix-ui/react-presence/-/react-presence-1.1.2.tgz. Extracting by manifest.
3459 silly tarball no local data for @radix-ui/react-use-layout-effect@https://registry.npmjs.org/@radix-ui/react-use-layout-effect/-/react-use-layout-effect-1.1.0.tgz. Extracting by manifest.
3460 silly tarball no local data for @radix-ui/react-use-previous@https://registry.npmjs.org/@radix-ui/react-use-previous/-/react-use-previous-1.1.0.tgz. Extracting by manifest.
3461 silly tarball no local data for @radix-ui/react-use-callback-ref@https://registry.npmjs.org/@radix-ui/react-use-callback-ref/-/react-use-callback-ref-1.1.0.tgz. Extracting by manifest.
3462 silly tarball no local data for @radix-ui/react-primitive@https://registry.npmjs.org/@radix-ui/react-primitive/-/react-primitive-2.0.2.tgz. Extracting by manifest.
3463 silly tarball no local data for @radix-ui/react-use-controllable-state@https://registry.npmjs.org/@radix-ui/react-use-controllable-state/-/react-use-controllable-state-1.1.0.tgz. Extracting by manifest.
3464 silly tarball no local data for @radix-ui/react-direction@https://registry.npmjs.org/@radix-ui/react-direction/-/react-direction-1.1.0.tgz. Extracting by manifest.
3465 silly tarball no local data for @radix-ui/react-id@https://registry.npmjs.org/@radix-ui/react-id/-/react-id-1.1.0.tgz. Extracting by manifest.
3466 silly tarball no local data for @radix-ui/react-compose-refs@https://registry.npmjs.org/@radix-ui/react-compose-refs/-/react-compose-refs-1.1.1.tgz. Extracting by manifest.
3467 silly tarball no local data for @types/prop-types@https://registry.npmjs.org/@types/prop-types/-/prop-types-15.7.15.tgz. Extracting by manifest.
3468 silly tarball no local data for @radix-ui/react-context@https://registry.npmjs.org/@radix-ui/react-context/-/react-context-1.1.1.tgz. Extracting by manifest.
3469 silly tarball no local data for @mui/styled-engine@https://registry.npmjs.org/@mui/styled-engine/-/styled-engine-7.3.9.tgz. Extracting by manifest.
3470 silly tarball no local data for @radix-ui/react-collection@https://registry.npmjs.org/@radix-ui/react-collection/-/react-collection-1.1.2.tgz. Extracting by manifest.
3471 silly tarball no local data for react-transition-group@https://registry.npmjs.org/react-transition-group/-/react-transition-group-4.4.5.tgz. Extracting by manifest.
3472 silly tarball no local data for @mui/private-theming@https://registry.npmjs.org/@mui/private-theming/-/private-theming-7.3.9.tgz. Extracting by manifest.
3473 silly tarball no local data for @radix-ui/primitive@https://registry.npmjs.org/@radix-ui/primitive/-/primitive-1.1.1.tgz. Extracting by manifest.
3474 silly tarball no local data for react-is@https://registry.npmjs.org/react-is/-/react-is-19.2.4.tgz. Extracting by manifest.
3475 silly tarball no local data for @types/react-transition-group@https://registry.npmjs.org/@types/react-transition-group/-/react-transition-group-4.4.12.tgz. Extracting by manifest.
3476 silly tarball no local data for @mui/utils@https://registry.npmjs.org/@mui/utils/-/utils-7.3.9.tgz. Extracting by manifest.
3477 silly tarball no local data for prop-types@https://registry.npmjs.org/prop-types/-/prop-types-15.8.1.tgz. Extracting by manifest.
3478 silly tarball no local data for @jridgewell/resolve-uri@https://registry.npmjs.org/@jridgewell/resolve-uri/-/resolve-uri-3.1.2.tgz. Extracting by manifest.
3479 silly tarball no local data for @jridgewell/sourcemap-codec@https://registry.npmjs.org/@jridgewell/sourcemap-codec/-/sourcemap-codec-1.5.5.tgz. Extracting by manifest.
3480 silly tarball no local data for csstype@https://registry.npmjs.org/csstype/-/csstype-3.2.3.tgz. Extracting by manifest.
3481 silly tarball no local data for @emotion/is-prop-valid@https://registry.npmjs.org/@emotion/is-prop-valid/-/is-prop-valid-1.4.0.tgz. Extracting by manifest.
3482 silly tarball no local data for @mui/types@https://registry.npmjs.org/@mui/types/-/types-7.4.12.tgz. Extracting by manifest.
3483 silly tarball no local data for @mui/system@https://registry.npmjs.org/@mui/system/-/system-7.3.9.tgz. Extracting by manifest.
3484 silly tarball no local data for jsesc@https://registry.npmjs.org/jsesc/-/jsesc-3.1.0.tgz. Extracting by manifest.
3485 silly tarball no local data for @babel/helper-string-parser@https://registry.npmjs.org/@babel/helper-string-parser/-/helper-string-parser-7.27.1.tgz. Extracting by manifest.
3486 silly tarball no local data for @mui/core-downloads-tracker@https://registry.npmjs.org/@mui/core-downloads-tracker/-/core-downloads-tracker-7.3.9.tgz. Extracting by manifest.
3487 silly tarball no local data for @emotion/sheet@https://registry.npmjs.org/@emotion/sheet/-/sheet-1.4.0.tgz. Extracting by manifest.
3488 silly tarball no local data for picocolors@https://registry.npmjs.org/picocolors/-/picocolors-1.1.1.tgz. Extracting by manifest.
3489 silly tarball no local data for @emotion/unitless@https://registry.npmjs.org/@emotion/unitless/-/unitless-0.10.0.tgz. Extracting by manifest.
3490 silly tarball no local data for @jridgewell/trace-mapping@https://registry.npmjs.org/@jridgewell/trace-mapping/-/trace-mapping-0.3.31.tgz. Extracting by manifest.
3491 silly tarball no local data for @jridgewell/gen-mapping@https://registry.npmjs.org/@jridgewell/gen-mapping/-/gen-mapping-0.3.13.tgz. Extracting by manifest.
3492 silly tarball no local data for @babel/helper-validator-identifier@https://registry.npmjs.org/@babel/helper-validator-identifier/-/helper-validator-identifier-7.28.5.tgz. Extracting by manifest.
3493 silly tarball no local data for debug@https://registry.npmjs.org/debug/-/debug-4.4.3.tgz. Extracting by manifest.
3494 silly tarball no local data for js-tokens@https://registry.npmjs.org/js-tokens/-/js-tokens-4.0.0.tgz. Extracting by manifest.
3495 silly tarball no local data for @babel/helper-globals@https://registry.npmjs.org/@babel/helper-globals/-/helper-globals-7.28.0.tgz. Extracting by manifest.
3496 silly tarball no local data for @babel/parser@https://registry.npmjs.org/@babel/parser/-/parser-7.29.0.tgz. Extracting by manifest.
3497 silly tarball no local data for @babel/generator@https://registry.npmjs.org/@babel/generator/-/generator-7.29.1.tgz. Extracting by manifest.
3498 silly tarball no local data for @babel/template@https://registry.npmjs.org/@babel/template/-/template-7.28.6.tgz. Extracting by manifest.
3499 silly tarball no local data for stylis@https://registry.npmjs.org/stylis/-/stylis-4.2.0.tgz. Extracting by manifest.
3500 silly tarball no local data for @babel/code-frame@https://registry.npmjs.org/@babel/code-frame/-/code-frame-7.29.0.tgz. Extracting by manifest.
3501 silly tarball no local data for source-map@https://registry.npmjs.org/source-map/-/source-map-0.5.7.tgz. Extracting by manifest.
3502 silly tarball no local data for @babel/types@https://registry.npmjs.org/@babel/types/-/types-7.29.0.tgz. Extracting by manifest.
3503 silly tarball no local data for @babel/traverse@https://registry.npmjs.org/@babel/traverse/-/traverse-7.29.0.tgz. Extracting by manifest.
3504 silly tarball no local data for find-root@https://registry.npmjs.org/find-root/-/find-root-1.1.0.tgz. Extracting by manifest.
3505 silly tarball no local data for escape-string-regexp@https://registry.npmjs.org/escape-string-regexp/-/escape-string-regexp-4.0.0.tgz. Extracting by manifest.
3506 silly tarball no local data for @emotion/memoize@https://registry.npmjs.org/@emotion/memoize/-/memoize-0.9.0.tgz. Extracting by manifest.
3507 silly tarball no local data for convert-source-map@https://registry.npmjs.org/convert-source-map/-/convert-source-map-1.9.0.tgz. Extracting by manifest.
3508 silly tarball no local data for @emotion/hash@https://registry.npmjs.org/@emotion/hash/-/hash-0.9.2.tgz. Extracting by manifest.
3509 silly tarball no local data for babel-plugin-macros@https://registry.npmjs.org/babel-plugin-macros/-/babel-plugin-macros-3.1.0.tgz. Extracting by manifest.
3510 silly tarball no local data for @babel/helper-module-imports@https://registry.npmjs.org/@babel/helper-module-imports/-/helper-module-imports-7.28.6.tgz. Extracting by manifest.
3511 silly tarball no local data for hoist-non-react-statics@https://registry.npmjs.org/hoist-non-react-statics/-/hoist-non-react-statics-3.3.2.tgz. Extracting by manifest.
3512 silly tarball no local data for @emotion/use-insertion-effect-with-fallbacks@https://registry.npmjs.org/@emotion/use-insertion-effect-with-fallbacks/-/use-insertion-effect-with-fallbacks-1.2.0.tgz. Extracting by manifest.
3513 silly tarball no local data for @emotion/weak-memoize@https://registry.npmjs.org/@emotion/weak-memoize/-/weak-memoize-0.4.0.tgz. Extracting by manifest.
3514 silly tarball no local data for @emotion/utils@https://registry.npmjs.org/@emotion/utils/-/utils-1.4.2.tgz. Extracting by manifest.
3515 silly tarball no local data for @emotion/serialize@https://registry.npmjs.org/@emotion/serialize/-/serialize-1.3.3.tgz. Extracting by manifest.
3516 silly tarball no local data for @babel/runtime@https://registry.npmjs.org/@babel/runtime/-/runtime-7.28.6.tgz. Extracting by manifest.
3517 silly tarball no local data for vaul@https://registry.npmjs.org/vaul/-/vaul-1.1.2.tgz. Extracting by manifest.
3518 silly tarball no local data for @emotion/cache@https://registry.npmjs.org/@emotion/cache/-/cache-11.14.0.tgz. Extracting by manifest.
3519 silly tarball no local data for tslib@https://registry.npmjs.org/tslib/-/tslib-2.8.1.tgz. Extracting by manifest.
3520 silly tarball no local data for @dnd-kit/accessibility@https://registry.npmjs.org/@dnd-kit/accessibility/-/accessibility-3.1.1.tgz. Extracting by manifest.
3521 silly tarball no local data for @emotion/babel-plugin@https://registry.npmjs.org/@emotion/babel-plugin/-/babel-plugin-11.13.5.tgz. Extracting by manifest.
3522 silly tarball no local data for tailwind-merge@https://registry.npmjs.org/tailwind-merge/-/tailwind-merge-3.2.0.tgz. Extracting by manifest.
3523 silly tarball no local data for tw-animate-css@https://registry.npmjs.org/tw-animate-css/-/tw-animate-css-1.3.8.tgz. Extracting by manifest.
3524 silly tarball no local data for tailwindcss@https://registry.npmjs.org/tailwindcss/-/tailwindcss-4.1.12.tgz. Extracting by manifest.
3525 silly tarball no local data for sonner@https://registry.npmjs.org/sonner/-/sonner-2.0.3.tgz. Extracting by manifest.
3526 silly tarball no local data for recharts@https://registry.npmjs.org/recharts/-/recharts-2.15.2.tgz. Extracting by manifest.
3527 silly tarball no local data for react-router-dom@https://registry.npmjs.org/react-router-dom/-/react-router-dom-7.13.1.tgz. Extracting by manifest.
3528 silly tarball no local data for react-slick@https://registry.npmjs.org/react-slick/-/react-slick-0.31.0.tgz. Extracting by manifest.
3529 silly tarball no local data for react-quill@https://registry.npmjs.org/react-quill/-/react-quill-2.0.0.tgz. Extracting by manifest.
3530 silly tarball no local data for react-router@https://registry.npmjs.org/react-router/-/react-router-7.13.1.tgz. Extracting by manifest.
3531 silly tarball no local data for react-responsive-masonry@https://registry.npmjs.org/react-responsive-masonry/-/react-responsive-masonry-2.7.1.tgz. Extracting by manifest.
3532 silly tarball no local data for react-resizable-panels@https://registry.npmjs.org/react-resizable-panels/-/react-resizable-panels-2.1.7.tgz. Extracting by manifest.
3533 silly tarball no local data for @types/react@https://registry.npmjs.org/@types/react/-/react-19.2.14.tgz. Extracting by manifest.
3534 silly tarball no local data for react-popper@https://registry.npmjs.org/react-popper/-/react-popper-2.3.0.tgz. Extracting by manifest.
3535 silly tarball no local data for react-markdown@https://registry.npmjs.org/react-markdown/-/react-markdown-10.1.0.tgz. Extracting by manifest.
3536 silly tarball no local data for react-pageflip@https://registry.npmjs.org/react-pageflip/-/react-pageflip-2.0.3.tgz. Extracting by manifest.
3537 silly tarball no local data for react-helmet-async@https://registry.npmjs.org/react-helmet-async/-/react-helmet-async-2.0.5.tgz. Extracting by manifest.
3538 silly tarball no local data for react-day-picker@https://registry.npmjs.org/react-day-picker/-/react-day-picker-8.10.1.tgz. Extracting by manifest.
3539 silly tarball no local data for react-dnd-html5-backend@https://registry.npmjs.org/react-dnd-html5-backend/-/react-dnd-html5-backend-16.0.1.tgz. Extracting by manifest.
3540 silly tarball no local data for react-hook-form@https://registry.npmjs.org/react-hook-form/-/react-hook-form-7.55.0.tgz. Extracting by manifest.
3541 silly tarball no local data for react-dnd@https://registry.npmjs.org/react-dnd/-/react-dnd-16.0.1.tgz. Extracting by manifest.
3542 silly tarball no local data for quill@https://registry.npmjs.org/quill/-/quill-2.0.3.tgz. Extracting by manifest.
3543 silly tarball no local data for qrcode.react@https://registry.npmjs.org/qrcode.react/-/qrcode.react-4.2.0.tgz. Extracting by manifest.
3544 silly tarball no local data for lucide-react@https://registry.npmjs.org/lucide-react/-/lucide-react-0.487.0.tgz. Extracting by manifest.
3545 silly tarball no local data for next-themes@https://registry.npmjs.org/next-themes/-/next-themes-0.4.6.tgz. Extracting by manifest.
3546 silly tarball no local data for motion@https://registry.npmjs.org/motion/-/motion-12.23.24.tgz. Extracting by manifest.
3547 silly tarball no local data for html5-qrcode@https://registry.npmjs.org/html5-qrcode/-/html5-qrcode-2.3.8.tgz. Extracting by manifest.
3548 silly tarball no local data for input-otp@https://registry.npmjs.org/input-otp/-/input-otp-1.4.2.tgz. Extracting by manifest.
3549 silly tarball no local data for html2canvas@https://registry.npmjs.org/html2canvas/-/html2canvas-1.4.1.tgz. Extracting by manifest.
3550 silly tarball no local data for embla-carousel-react@https://registry.npmjs.org/embla-carousel-react/-/embla-carousel-react-8.6.0.tgz. Extracting by manifest.
3551 silly tarball no local data for html-to-image@https://registry.npmjs.org/html-to-image/-/html-to-image-1.11.13.tgz. Extracting by manifest.
3552 silly tarball no local data for date-fns@https://registry.npmjs.org/date-fns/-/date-fns-3.6.0.tgz. Extracting by manifest.
3553 silly tarball no local data for @vitejs/plugin-react@https://registry.npmjs.org/@vitejs/plugin-react/-/plugin-react-4.7.0.tgz. Extracting by manifest.
3554 silly tarball no local data for cmdk@https://registry.npmjs.org/cmdk/-/cmdk-1.1.1.tgz. Extracting by manifest.
3555 silly tarball no local data for clsx@https://registry.npmjs.org/clsx/-/clsx-2.1.1.tgz. Extracting by manifest.
3556 silly tarball no local data for @tailwindcss/vite@https://registry.npmjs.org/@tailwindcss/vite/-/vite-4.1.12.tgz. Extracting by manifest.
3557 silly tarball no local data for @tanstack/react-query@https://registry.npmjs.org/@tanstack/react-query/-/react-query-5.90.21.tgz. Extracting by manifest.
3558 silly tarball no local data for @radix-ui/react-tooltip@https://registry.npmjs.org/@radix-ui/react-tooltip/-/react-tooltip-1.1.8.tgz. Extracting by manifest.
3559 silly tarball no local data for vite@https://registry.npmjs.org/vite/-/vite-6.3.5.tgz. Extracting by manifest.
3560 silly tarball no local data for class-variance-authority@https://registry.npmjs.org/class-variance-authority/-/class-variance-authority-0.7.1.tgz. Extracting by manifest.
3561 silly tarball no local data for @supabase/supabase-js@https://registry.npmjs.org/@supabase/supabase-js/-/supabase-js-2.99.1.tgz. Extracting by manifest.
3562 silly tarball no local data for @radix-ui/react-switch@https://registry.npmjs.org/@radix-ui/react-switch/-/react-switch-1.1.3.tgz. Extracting by manifest.
3563 silly tarball no local data for @radix-ui/react-toggle@https://registry.npmjs.org/@radix-ui/react-toggle/-/react-toggle-1.1.2.tgz. Extracting by manifest.
3564 silly tarball no local data for @radix-ui/react-tabs@https://registry.npmjs.org/@radix-ui/react-tabs/-/react-tabs-1.1.3.tgz. Extracting by manifest.
3565 silly tarball no local data for @radix-ui/react-slider@https://registry.npmjs.org/@radix-ui/react-slider/-/react-slider-1.2.3.tgz. Extracting by manifest.
3566 silly tarball no local data for @radix-ui/react-toggle-group@https://registry.npmjs.org/@radix-ui/react-toggle-group/-/react-toggle-group-1.1.2.tgz. Extracting by manifest.
3567 silly tarball no local data for @radix-ui/react-slot@https://registry.npmjs.org/@radix-ui/react-slot/-/react-slot-1.1.2.tgz. Extracting by manifest.
3568 silly tarball no local data for @radix-ui/react-select@https://registry.npmjs.org/@radix-ui/react-select/-/react-select-2.1.6.tgz. Extracting by manifest.
3569 silly tarball no local data for @radix-ui/react-progress@https://registry.npmjs.org/@radix-ui/react-progress/-/react-progress-1.1.2.tgz. Extracting by manifest.
3570 silly tarball no local data for @radix-ui/react-radio-group@https://registry.npmjs.org/@radix-ui/react-radio-group/-/react-radio-group-1.2.3.tgz. Extracting by manifest.
3571 silly tarball no local data for @radix-ui/react-scroll-area@https://registry.npmjs.org/@radix-ui/react-scroll-area/-/react-scroll-area-1.2.3.tgz. Extracting by manifest.
3572 silly tarball no local data for @radix-ui/react-popover@https://registry.npmjs.org/@radix-ui/react-popover/-/react-popover-1.1.6.tgz. Extracting by manifest.
3573 silly tarball no local data for @radix-ui/react-navigation-menu@https://registry.npmjs.org/@radix-ui/react-navigation-menu/-/react-navigation-menu-1.2.5.tgz. Extracting by manifest.
3574 silly tarball no local data for @radix-ui/react-menubar@https://registry.npmjs.org/@radix-ui/react-menubar/-/react-menubar-1.1.6.tgz. Extracting by manifest.
3575 silly tarball no local data for @radix-ui/react-separator@https://registry.npmjs.org/@radix-ui/react-separator/-/react-separator-1.1.2.tgz. Extracting by manifest.
3576 silly tarball no local data for @radix-ui/react-hover-card@https://registry.npmjs.org/@radix-ui/react-hover-card/-/react-hover-card-1.1.6.tgz. Extracting by manifest.
3577 silly tarball no local data for @radix-ui/react-label@https://registry.npmjs.org/@radix-ui/react-label/-/react-label-2.1.2.tgz. Extracting by manifest.
3578 silly tarball no local data for @radix-ui/react-dropdown-menu@https://registry.npmjs.org/@radix-ui/react-dropdown-menu/-/react-dropdown-menu-2.1.6.tgz. Extracting by manifest.
3579 silly tarball no local data for @radix-ui/react-dialog@https://registry.npmjs.org/@radix-ui/react-dialog/-/react-dialog-1.1.6.tgz. Extracting by manifest.
3580 silly tarball no local data for @radix-ui/react-collapsible@https://registry.npmjs.org/@radix-ui/react-collapsible/-/react-collapsible-1.1.3.tgz. Extracting by manifest.
3581 silly tarball no local data for @radix-ui/react-checkbox@https://registry.npmjs.org/@radix-ui/react-checkbox/-/react-checkbox-1.1.4.tgz. Extracting by manifest.
3582 silly tarball no local data for @radix-ui/react-context-menu@https://registry.npmjs.org/@radix-ui/react-context-menu/-/react-context-menu-2.2.6.tgz. Extracting by manifest.
3583 silly tarball no local data for @radix-ui/react-avatar@https://registry.npmjs.org/@radix-ui/react-avatar/-/react-avatar-1.1.3.tgz. Extracting by manifest.
3584 silly tarball no local data for @radix-ui/react-aspect-ratio@https://registry.npmjs.org/@radix-ui/react-aspect-ratio/-/react-aspect-ratio-1.1.2.tgz. Extracting by manifest.
3585 silly tarball no local data for @radix-ui/react-alert-dialog@https://registry.npmjs.org/@radix-ui/react-alert-dialog/-/react-alert-dialog-1.1.6.tgz. Extracting by manifest.
3586 silly tarball no local data for @popperjs/core@https://registry.npmjs.org/@popperjs/core/-/core-2.11.8.tgz. Extracting by manifest.
3587 silly tarball no local data for @radix-ui/react-accordion@https://registry.npmjs.org/@radix-ui/react-accordion/-/react-accordion-1.2.3.tgz. Extracting by manifest.
3588 silly tarball no local data for @mui/material@https://registry.npmjs.org/@mui/material/-/material-7.3.5.tgz. Extracting by manifest.
3589 silly tarball no local data for @mui/icons-material@https://registry.npmjs.org/@mui/icons-material/-/icons-material-7.3.5.tgz. Extracting by manifest.
3590 silly tarball no local data for @emotion/styled@https://registry.npmjs.org/@emotion/styled/-/styled-11.14.1.tgz. Extracting by manifest.
3591 silly tarball no local data for @dnd-kit/utilities@https://registry.npmjs.org/@dnd-kit/utilities/-/utilities-3.2.2.tgz. Extracting by manifest.
3592 silly tarball no local data for react@https://registry.npmjs.org/react/-/react-18.3.1.tgz. Extracting by manifest.
3593 silly tarball no local data for @emotion/react@https://registry.npmjs.org/@emotion/react/-/react-11.14.0.tgz. Extracting by manifest.
3594 silly tarball no local data for @dnd-kit/core@https://registry.npmjs.org/@dnd-kit/core/-/core-6.3.1.tgz. Extracting by manifest.
3595 silly tarball no local data for @dnd-kit/sortable@https://registry.npmjs.org/@dnd-kit/sortable/-/sortable-10.0.0.tgz. Extracting by manifest.
3596 silly tarball no local data for react-dom@https://registry.npmjs.org/react-dom/-/react-dom-18.3.1.tgz. Extracting by manifest.
3597 silly tarball no local data for parchment@https://registry.npmjs.org/parchment/-/parchment-1.1.4.tgz. Extracting by manifest.
3598 silly tarball no local data for yaml@https://registry.npmjs.org/yaml/-/yaml-1.10.2.tgz. Extracting by manifest.
3599 silly tarball no local data for convert-source-map@https://registry.npmjs.org/convert-source-map/-/convert-source-map-2.0.0.tgz. Extracting by manifest.
3600 silly tarball no local data for fast-diff@https://registry.npmjs.org/fast-diff/-/fast-diff-1.1.2.tgz. Extracting by manifest.
3601 silly tarball no local data for yallist@https://registry.npmjs.org/yallist/-/yallist-5.0.0.tgz. Extracting by manifest.
3602 silly tarball no local data for @types/unist@https://registry.npmjs.org/@types/unist/-/unist-2.0.11.tgz. Extracting by manifest.
3603 silly tarball no local data for parchment@https://registry.npmjs.org/parchment/-/parchment-1.1.4.tgz. Extracting by manifest.
3604 silly tarball no local data for react-is@https://registry.npmjs.org/react-is/-/react-is-16.13.1.tgz. Extracting by manifest.
3605 silly tarball no local data for quill-delta@https://registry.npmjs.org/quill-delta/-/quill-delta-3.6.3.tgz. Extracting by manifest.
3606 silly tarball no local data for react-is@https://registry.npmjs.org/react-is/-/react-is-16.13.1.tgz. Extracting by manifest.
3607 silly tarball no local data for eventemitter3@https://registry.npmjs.org/eventemitter3/-/eventemitter3-4.0.7.tgz. Extracting by manifest.
3608 silly tarball no local data for quill@https://registry.npmjs.org/quill/-/quill-1.3.7.tgz. Extracting by manifest.
3609 silly tarball no local data for react-is@https://registry.npmjs.org/react-is/-/react-is-18.3.1.tgz. Extracting by manifest.
3610 silly tarball no local data for eventemitter3@https://registry.npmjs.org/eventemitter3/-/eventemitter3-2.0.3.tgz. Extracting by manifest.
3611 http fetch POST 200 https://registry.npmjs.org/-/npm/v1/security/advisories/bulk 462ms
3612 silly audit report {
3612 silly audit report   vite: [
3612 silly audit report     {
3612 silly audit report       id: 1107324,
3612 silly audit report       url: 'https://github.com/advisories/GHSA-g4jq-h2w9-997c',
3612 silly audit report       title: 'Vite middleware may serve files starting with the same name with the public directory',
3612 silly audit report       severity: 'low',
3612 silly audit report       vulnerable_versions: '>=6.0.0 <=6.3.5',
3612 silly audit report       cwe: [Array],
3612 silly audit report       cvss: [Object]
3612 silly audit report     },
3612 silly audit report     {
3612 silly audit report       id: 1107328,
3612 silly audit report       url: 'https://github.com/advisories/GHSA-jqfw-vq24-v9c3',
3612 silly audit report       title: "Vite's `server.fs` settings were not applied to HTML files",
3612 silly audit report       severity: 'low',
3612 silly audit report       vulnerable_versions: '>=6.0.0 <=6.3.5',
3612 silly audit report       cwe: [Array],
3612 silly audit report       cvss: [Object]
3612 silly audit report     },
3612 silly audit report     {
3612 silly audit report       id: 1109135,
3612 silly audit report       url: 'https://github.com/advisories/GHSA-93m4-6634-74q7',
3612 silly audit report       title: 'vite allows server.fs.deny bypass via backslash on Windows',
3612 silly audit report       severity: 'moderate',
3612 silly audit report       vulnerable_versions: '>=6.0.0 <=6.4.0',
3612 silly audit report       cwe: [Array],
3612 silly audit report       cvss: [Object]
3612 silly audit report     }
3612 silly audit report   ],
3612 silly audit report   quill: [
3612 silly audit report     {
3612 silly audit report       id: 1112197,
3612 silly audit report       url: 'https://github.com/advisories/GHSA-v3m3-f69x-jf25',
3612 silly audit report       title: 'Quill is vulnerable to XSS via HTML export feature',
3612 silly audit report       severity: 'low',
3612 silly audit report       vulnerable_versions: '=2.0.3',
3612 silly audit report       cwe: [Array],
3612 silly audit report       cvss: [Object]
3612 silly audit report     },
3612 silly audit report     {
3612 silly audit report       id: 1098574,
3612 silly audit report       url: 'https://github.com/advisories/GHSA-4943-9vgg-gr5r',
3612 silly audit report       title: 'Cross-site Scripting in quill',
3612 silly audit report       severity: 'moderate',
3612 silly audit report       vulnerable_versions: '<=1.3.7',
3612 silly audit report       cwe: [Array],
3612 silly audit report       cvss: [Object]
3612 silly audit report     }
3612 silly audit report   ]
3612 silly audit report }
3613 silly packumentCache corgi:https://registry.npmjs.org/vite cache-miss
3614 silly packumentCache corgi:https://registry.npmjs.org/quill cache-miss
3615 http fetch GET 200 https://registry.npmjs.org/has-property-descriptors/-/has-property-descriptors-1.0.2.tgz 402ms (cache miss)
3616 http fetch GET 200 https://registry.npmjs.org/set-function-name/-/set-function-name-2.0.2.tgz 404ms (cache miss)
3617 http fetch GET 200 https://registry.npmjs.org/functions-have-names/-/functions-have-names-1.2.3.tgz 403ms (cache miss)
3618 http fetch GET 200 https://registry.npmjs.org/call-bind/-/call-bind-1.0.8.tgz 406ms (cache miss)
3619 http fetch GET 200 https://registry.npmjs.org/has-symbols/-/has-symbols-1.1.0.tgz 407ms (cache miss)
3620 http fetch GET 200 https://registry.npmjs.org/define-data-property/-/define-data-property-1.1.4.tgz 408ms (cache miss)
3621 http fetch GET 200 https://registry.npmjs.org/get-proto/-/get-proto-1.0.1.tgz 413ms (cache miss)
3622 http fetch GET 200 https://registry.npmjs.org/has-tostringtag/-/has-tostringtag-1.0.2.tgz 423ms (cache miss)
3623 http fetch GET 200 https://registry.npmjs.org/call-bind-apply-helpers/-/call-bind-apply-helpers-1.0.2.tgz 424ms (cache miss)
3624 http fetch GET 200 https://registry.npmjs.org/call-bound/-/call-bound-1.0.4.tgz 438ms (cache miss)
3625 http fetch GET 200 https://registry.npmjs.org/es-errors/-/es-errors-1.3.0.tgz 439ms (cache miss)
3626 http fetch GET 200 https://registry.npmjs.org/object-is/-/object-is-1.1.6.tgz 439ms (cache miss)
3627 http fetch GET 200 https://registry.npmjs.org/is-date-object/-/is-date-object-1.1.0.tgz 446ms (cache miss)
3628 http fetch GET 200 https://registry.npmjs.org/is-regex/-/is-regex-1.2.1.tgz 455ms (cache miss)
3629 http fetch GET 200 https://registry.npmjs.org/clone/-/clone-2.1.2.tgz 489ms (cache miss)
3630 http fetch GET 200 https://registry.npmjs.org/define-properties/-/define-properties-1.2.1.tgz 589ms (cache miss)
3631 http fetch GET 200 https://registry.npmjs.org/tinyglobby/-/tinyglobby-0.2.15.tgz 618ms (cache miss)
3632 http fetch GET 200 https://registry.npmjs.org/fdir/-/fdir-6.5.0.tgz 624ms (cache miss)
3633 http fetch GET 200 https://registry.npmjs.org/get-intrinsic/-/get-intrinsic-1.3.0.tgz 635ms (cache miss)
3634 http fetch GET 200 https://registry.npmjs.org/d3-format/-/d3-format-3.1.2.tgz 639ms (cache miss)
3635 http fetch GET 200 https://registry.npmjs.org/d3-path/-/d3-path-3.1.0.tgz 641ms (cache miss)
3636 http fetch GET 200 https://registry.npmjs.org/d3-color/-/d3-color-3.1.0.tgz 650ms (cache miss)
3637 http fetch GET 200 https://registry.npmjs.org/internmap/-/internmap-2.0.3.tgz 656ms (cache miss)
3638 http fetch GET 200 https://registry.npmjs.org/@types/d3-color/-/d3-color-3.1.3.tgz 681ms (cache miss)
3639 http fetch GET 200 https://registry.npmjs.org/@types/d3-time/-/d3-time-3.0.4.tgz 682ms (cache miss)
3640 http fetch GET 200 https://registry.npmjs.org/@types/d3-path/-/d3-path-3.1.1.tgz 688ms (cache miss)
3641 http fetch GET 200 https://registry.npmjs.org/set-function-length/-/set-function-length-1.2.2.tgz 720ms (cache miss)
3642 http fetch GET 200 https://registry.npmjs.org/@types/d3-timer/-/d3-timer-3.0.2.tgz 1045ms (cache miss)
3643 http fetch GET 200 https://registry.npmjs.org/object-keys/-/object-keys-1.1.1.tgz 1055ms (cache miss)
3644 http fetch GET 200 https://registry.npmjs.org/d3-ease/-/d3-ease-3.0.1.tgz 1080ms (cache miss)
3645 http fetch GET 200 https://registry.npmjs.org/detect-node-es/-/detect-node-es-1.1.0.tgz 1241ms (cache miss)
3646 http fetch GET 200 https://registry.npmjs.org/dunder-proto/-/dunder-proto-1.0.1.tgz 1438ms (cache miss)
3647 http fetch GET 200 https://registry.npmjs.org/is-arguments/-/is-arguments-1.2.0.tgz 1539ms (cache miss)
3648 http fetch GET 200 https://registry.npmjs.org/@types/d3-interpolate/-/d3-interpolate-3.0.4.tgz 1532ms (cache miss)
3649 http fetch GET 200 https://registry.npmjs.org/bail/-/bail-2.0.2.tgz 1637ms (cache miss)
3650 http fetch GET 200 https://registry.npmjs.org/unist-util-visit-parents/-/unist-util-visit-parents-6.0.2.tgz 1637ms (cache miss)
3651 http fetch GET 200 https://registry.npmjs.org/esbuild/-/esbuild-0.25.12.tgz 1658ms (cache miss)
3652 http fetch GET 200 https://registry.npmjs.org/@types/d3-ease/-/d3-ease-3.0.2.tgz 1705ms (cache miss)
3653 http fetch GET 200 https://registry.npmjs.org/extend/-/extend-3.0.2.tgz 1705ms (cache miss)
3654 http fetch GET 200 https://registry.npmjs.org/inline-style-parser/-/inline-style-parser-0.2.7.tgz 1709ms (cache miss)
3655 http fetch GET 200 https://registry.npmjs.org/function-bind/-/function-bind-1.1.2.tgz 1717ms (cache miss)
3656 http fetch GET 200 https://registry.npmjs.org/chownr/-/chownr-3.0.0.tgz 1780ms (cache miss)
3657 http fetch GET 200 https://registry.npmjs.org/character-entities-html4/-/character-entities-html4-2.1.0.tgz 1785ms (cache miss)
3658 http fetch GET 200 https://registry.npmjs.org/@types/d3-scale/-/d3-scale-4.0.9.tgz 1795ms (cache miss)
3659 http fetch GET 200 https://registry.npmjs.org/@types/d3-array/-/d3-array-3.2.2.tgz 1841ms (cache miss)
3660 http fetch GET 200 https://registry.npmjs.org/is-plain-obj/-/is-plain-obj-4.1.0.tgz 1919ms (cache miss)
3661 http fetch GET 200 https://registry.npmjs.org/string-convert/-/string-convert-0.2.1.tgz 1927ms (cache miss)
3662 http fetch GET 200 https://registry.npmjs.org/json2mq/-/json2mq-0.2.0.tgz 1927ms (cache miss)
3663 http fetch GET 200 https://registry.npmjs.org/classnames/-/classnames-2.5.1.tgz 1928ms (cache miss)
3664 http fetch GET 200 https://registry.npmjs.org/get-nonce/-/get-nonce-1.0.1.tgz 1930ms (cache miss)
3665 http fetch GET 200 https://registry.npmjs.org/use-sidecar/-/use-sidecar-1.1.3.tgz 1930ms (cache miss)
3666 http fetch GET 200 https://registry.npmjs.org/react-remove-scroll-bar/-/react-remove-scroll-bar-2.3.8.tgz 1930ms (cache miss)
3667 http fetch GET 200 https://registry.npmjs.org/is-alphabetical/-/is-alphabetical-2.0.1.tgz 1930ms (cache miss)
3668 http fetch GET 200 https://registry.npmjs.org/is-alphanumerical/-/is-alphanumerical-2.0.1.tgz 1930ms (cache miss)
3669 http fetch GET 200 https://registry.npmjs.org/@types/quill/-/quill-1.3.10.tgz 1931ms (cache miss)
3670 http fetch GET 200 https://registry.npmjs.org/is-decimal/-/is-decimal-2.0.1.tgz 1931ms (cache miss)
3671 http fetch GET 200 https://registry.npmjs.org/micromark-factory-label/-/micromark-factory-label-2.0.1.tgz 1931ms (cache miss)
3672 http fetch GET 200 https://registry.npmjs.org/character-reference-invalid/-/character-reference-invalid-2.0.1.tgz 1932ms (cache miss)
3673 http fetch GET 200 https://registry.npmjs.org/micromark-util-html-tag-name/-/micromark-util-html-tag-name-2.0.1.tgz 1932ms (cache miss)
3674 http fetch GET 200 https://registry.npmjs.org/character-entities-legacy/-/character-entities-legacy-3.0.0.tgz 1932ms (cache miss)
3675 http fetch GET 200 https://registry.npmjs.org/micromark-factory-whitespace/-/micromark-factory-whitespace-2.0.1.tgz 1932ms (cache miss)
3676 http fetch GET 200 https://registry.npmjs.org/@types/ms/-/ms-2.1.0.tgz 1933ms (cache miss)
3677 http fetch GET 200 https://registry.npmjs.org/path-parse/-/path-parse-1.0.7.tgz 1942ms (cache miss)
3678 http fetch GET 200 https://registry.npmjs.org/micromark-util-encode/-/micromark-util-encode-2.0.1.tgz 2002ms (cache miss)
3679 http fetch GET 200 https://registry.npmjs.org/picomatch/-/picomatch-4.0.3.tgz 2087ms (cache miss)
3680 http fetch GET 200 https://registry.npmjs.org/micromark-util-character/-/micromark-util-character-2.1.1.tgz 2073ms (cache miss)
3681 http fetch GET 200 https://registry.npmjs.org/micromark-util-chunked/-/micromark-util-chunked-2.0.1.tgz 2075ms (cache miss)
3682 http fetch GET 200 https://registry.npmjs.org/lodash.debounce/-/lodash.debounce-4.0.8.tgz 2091ms (cache miss)
3683 http fetch GET 200 https://registry.npmjs.org/set-cookie-parser/-/set-cookie-parser-2.7.2.tgz 2092ms (cache miss)
3684 http fetch GET 200 https://registry.npmjs.org/is-hexadecimal/-/is-hexadecimal-2.0.1.tgz 2092ms (cache miss)
3685 http fetch GET 200 https://registry.npmjs.org/micromark-util-subtokenize/-/micromark-util-subtokenize-2.1.0.tgz 2092ms (cache miss)
3686 http fetch GET 200 https://registry.npmjs.org/d3-timer/-/d3-timer-3.0.1.tgz 2111ms (cache miss)
3687 http fetch GET 200 https://registry.npmjs.org/@types/debug/-/debug-4.1.12.tgz 2153ms (cache miss)
3688 http fetch GET 200 https://registry.npmjs.org/zwitch/-/zwitch-2.0.4.tgz 2155ms (cache miss)
3689 http fetch GET 200 https://registry.npmjs.org/es-define-property/-/es-define-property-1.0.1.tgz 2203ms (cache miss)
3690 http fetch GET 200 https://registry.npmjs.org/@types/d3-shape/-/d3-shape-3.1.8.tgz 2264ms (cache miss)
3691 http fetch GET 200 https://registry.npmjs.org/longest-streak/-/longest-streak-3.1.0.tgz 2249ms (cache miss)
3692 http fetch GET 200 https://registry.npmjs.org/trim-lines/-/trim-lines-3.0.1.tgz 2250ms (cache miss)
3693 http fetch GET 200 https://registry.npmjs.org/@ungap/structured-clone/-/structured-clone-1.3.0.tgz 2249ms (cache miss)
3694 http fetch GET 200 https://registry.npmjs.org/ccount/-/ccount-2.0.1.tgz 2250ms (cache miss)
3695 http fetch GET 200 https://registry.npmjs.org/stringify-entities/-/stringify-entities-4.0.4.tgz 2251ms (cache miss)
3696 http fetch GET 200 https://registry.npmjs.org/unist-util-stringify-position/-/unist-util-stringify-position-4.0.0.tgz 2250ms (cache miss)
3697 http fetch GET 200 https://registry.npmjs.org/micromark-util-symbol/-/micromark-util-symbol-2.0.1.tgz 2330ms (cache miss)
3698 http fetch GET 200 https://registry.npmjs.org/micromark-util-types/-/micromark-util-types-2.0.2.tgz 2388ms (cache miss)
3699 http fetch GET 200 https://registry.npmjs.org/micromark-util-sanitize-uri/-/micromark-util-sanitize-uri-2.0.1.tgz 2392ms (cache miss)
3700 http fetch GET 200 https://registry.npmjs.org/warning/-/warning-4.0.3.tgz 2400ms (cache miss)
3701 http fetch GET 200 https://registry.npmjs.org/micromark-util-decode-string/-/micromark-util-decode-string-2.0.1.tgz 2448ms (cache miss)
3702 http fetch GET 200 https://registry.npmjs.org/@types/estree-jsx/-/estree-jsx-1.0.5.tgz 2518ms (cache miss)
3703 http fetch GET 200 https://registry.npmjs.org/decode-named-character-reference/-/decode-named-character-reference-1.3.0.tgz 2518ms (cache miss)
3704 http fetch GET 200 https://registry.npmjs.org/space-separated-tokens/-/space-separated-tokens-2.0.2.tgz 2521ms (cache miss)
3705 http fetch GET 200 https://registry.npmjs.org/mdast-util-to-string/-/mdast-util-to-string-4.0.0.tgz 2524ms (cache miss)
3706 http fetch GET 200 https://registry.npmjs.org/micromark-util-resolve-all/-/micromark-util-resolve-all-2.0.1.tgz 2534ms (cache miss)
3707 http fetch GET 200 https://registry.npmjs.org/gopd/-/gopd-1.2.0.tgz 2564ms (cache miss)
3708 http fetch GET 200 https://registry.npmjs.org/unist-util-position/-/unist-util-position-5.0.0.tgz 2589ms (cache miss)
3709 http fetch GET 200 https://registry.npmjs.org/mdast-util-mdx-expression/-/mdast-util-mdx-expression-2.0.1.tgz 2589ms (cache miss)
3710 http fetch GET 200 https://registry.npmjs.org/dequal/-/dequal-2.0.3.tgz 2602ms (cache miss)
3711 http fetch GET 200 https://registry.npmjs.org/hast-util-whitespace/-/hast-util-whitespace-3.0.0.tgz 2648ms (cache miss)
3712 http fetch GET 200 https://registry.npmjs.org/micromark-util-combine-extensions/-/micromark-util-combine-extensions-2.0.1.tgz 2675ms (cache miss)
3713 http fetch GET 200 https://registry.npmjs.org/regexp.prototype.flags/-/regexp.prototype.flags-1.5.4.tgz 2706ms (cache miss)
3714 http fetch GET 200 https://registry.npmjs.org/remark-rehype/-/remark-rehype-11.1.2.tgz 2673ms (cache miss)
3715 http fetch GET 200 https://registry.npmjs.org/remark-parse/-/remark-parse-11.0.0.tgz 2715ms (cache miss)
3716 http fetch GET 200 https://registry.npmjs.org/unist-util-visit/-/unist-util-visit-5.1.0.tgz 2718ms (cache miss)
3717 http fetch GET 200 https://registry.npmjs.org/character-entities/-/character-entities-2.0.2.tgz 2753ms (cache miss)
3718 http fetch GET 200 https://registry.npmjs.org/html-url-attributes/-/html-url-attributes-3.0.1.tgz 2794ms (cache miss)
3719 http fetch GET 200 https://registry.npmjs.org/invariant/-/invariant-2.2.4.tgz 2794ms (cache miss)
3720 http fetch GET 200 https://registry.npmjs.org/@types/hast/-/hast-3.0.4.tgz 2797ms (cache miss)
3721 http fetch GET 200 https://registry.npmjs.org/shallowequal/-/shallowequal-1.1.0.tgz 2799ms (cache miss)
3722 http fetch GET 200 https://registry.npmjs.org/fast-deep-equal/-/fast-deep-equal-3.1.3.tgz 2877ms (cache miss)
3723 http fetch GET 200 https://registry.npmjs.org/lodash.clonedeep/-/lodash.clonedeep-4.5.0.tgz 2879ms (cache miss)
3724 http fetch GET 200 https://registry.npmjs.org/lodash.isequal/-/lodash.isequal-4.5.0.tgz 2883ms (cache miss)
3725 http fetch GET 200 https://registry.npmjs.org/cookie/-/cookie-1.1.1.tgz 2931ms (cache miss)
3726 http fetch GET 200 https://registry.npmjs.org/@types/estree/-/estree-1.0.8.tgz 2924ms (cache miss)
3727 http fetch GET 200 https://registry.npmjs.org/comma-separated-tokens/-/comma-separated-tokens-2.0.3.tgz 2920ms (cache miss)
3728 http fetch GET 200 https://registry.npmjs.org/@types/unist/-/unist-3.0.3.tgz 2966ms (cache miss)
3729 http fetch GET 200 https://registry.npmjs.org/@react-dnd/shallowequal/-/shallowequal-4.0.2.tgz 2962ms (cache miss)
3730 http fetch GET 200 https://registry.npmjs.org/@react-dnd/invariant/-/invariant-4.0.2.tgz 2963ms (cache miss)
3731 http fetch GET 200 https://registry.npmjs.org/is-arrayish/-/is-arrayish-0.2.1.tgz 2964ms (cache miss)
3732 http fetch GET 200 https://registry.npmjs.org/@types/mdast/-/mdast-4.0.4.tgz 3033ms (cache miss)
3733 http fetch GET 200 https://registry.npmjs.org/react-fast-compare/-/react-fast-compare-3.2.2.tgz 3037ms (cache miss)
3734 http fetch GET 200 https://registry.npmjs.org/hast-util-to-jsx-runtime/-/hast-util-to-jsx-runtime-2.3.6.tgz 3038ms (cache miss)
3735 http fetch GET 200 https://registry.npmjs.org/object-assign/-/object-assign-4.1.1.tgz 3038ms (cache miss)
3736 http fetch GET 200 https://registry.npmjs.org/loose-envify/-/loose-envify-1.4.0.tgz 3038ms (cache miss)
3737 http fetch GET 200 https://registry.npmjs.org/callsites/-/callsites-3.1.0.tgz 3038ms (cache miss)
3738 http fetch GET 200 https://registry.npmjs.org/error-ex/-/error-ex-1.3.4.tgz 3039ms (cache miss)
3739 http fetch GET 200 https://registry.npmjs.org/fast-diff/-/fast-diff-1.3.0.tgz 3126ms (cache miss)
3740 http fetch GET 200 https://registry.npmjs.org/parent-module/-/parent-module-1.0.1.tgz 3125ms (cache miss)
3741 http fetch GET 200 https://registry.npmjs.org/resolve-from/-/resolve-from-4.0.0.tgz 3126ms (cache miss)
3742 http fetch GET 200 https://registry.npmjs.org/json-parse-even-better-errors/-/json-parse-even-better-errors-2.3.1.tgz 3207ms (cache miss)
3743 http fetch GET 200 https://registry.npmjs.org/embla-carousel-reactive-utils/-/embla-carousel-reactive-utils-8.6.0.tgz 3205ms (cache miss)
3744 http fetch GET 200 https://registry.npmjs.org/ms/-/ms-2.1.3.tgz 3204ms (cache miss)
3745 http fetch GET 200 https://registry.npmjs.org/graceful-fs/-/graceful-fs-4.2.11.tgz 3206ms (cache miss)
3746 http fetch GET 200 https://registry.npmjs.org/@types/parse-json/-/parse-json-4.0.2.tgz 3207ms (cache miss)
3747 http fetch GET 200 https://registry.npmjs.org/mdast-util-phrasing/-/mdast-util-phrasing-4.1.0.tgz 3232ms (cache miss)
3748 warn deprecated lodash.isequal@4.5.0: This package is deprecated. Use require('node:util').isDeepStrictEqual instead.
3749 http fetch GET 200 https://registry.npmjs.org/parse-json/-/parse-json-5.2.0.tgz 3273ms (cache miss)
3750 http fetch GET 200 https://registry.npmjs.org/path-type/-/path-type-4.0.0.tgz 3273ms (cache miss)
3751 http fetch GET 200 https://registry.npmjs.org/node-releases/-/node-releases-2.0.36.tgz 3275ms (cache miss)
3752 http fetch GET 200 https://registry.npmjs.org/import-fresh/-/import-fresh-3.3.1.tgz 3274ms (cache miss)
3753 http fetch GET 200 https://registry.npmjs.org/update-browserslist-db/-/update-browserslist-db-1.2.3.tgz 3274ms (cache miss)
3754 http fetch GET 200 https://registry.npmjs.org/lines-and-columns/-/lines-and-columns-1.2.4.tgz 3344ms (cache miss)
3755 http fetch GET 200 https://registry.npmjs.org/tapable/-/tapable-2.3.0.tgz 3342ms (cache miss)
3756 http fetch GET 200 https://registry.npmjs.org/lru-cache/-/lru-cache-5.1.1.tgz 3340ms (cache miss)
3757 http fetch GET 200 https://registry.npmjs.org/@babel/helper-plugin-utils/-/helper-plugin-utils-7.28.6.tgz 3340ms (cache miss)
3758 http fetch GET 200 https://registry.npmjs.org/deep-equal/-/deep-equal-1.1.2.tgz 3394ms (cache miss)
3759 http fetch GET 200 https://registry.npmjs.org/@types/babel__template/-/babel__template-7.4.4.tgz 3376ms (cache miss)
3760 http fetch GET 200 https://registry.npmjs.org/@babel/compat-data/-/compat-data-7.29.0.tgz 3375ms (cache miss)
3761 http fetch GET 200 https://registry.npmjs.org/gensync/-/gensync-1.0.0-beta.2.tgz 3377ms (cache miss)
3762 http fetch GET 200 https://registry.npmjs.org/react-refresh/-/react-refresh-0.17.0.tgz 3378ms (cache miss)
3763 http fetch GET 200 https://registry.npmjs.org/devlop/-/devlop-1.1.0.tgz 3415ms (cache miss)
3764 http fetch GET 200 https://registry.npmjs.org/@rolldown/pluginutils/-/pluginutils-1.0.0-beta.27.tgz 3401ms (cache miss)
3765 http fetch GET 200 https://registry.npmjs.org/yallist/-/yallist-3.1.1.tgz 3410ms (cache miss)
3766 http fetch GET 200 https://registry.npmjs.org/trough/-/trough-2.2.0.tgz 3446ms (cache miss)
3767 http fetch GET 200 https://registry.npmjs.org/parse-entities/-/parse-entities-4.0.2.tgz 3431ms (cache miss)
3768 http fetch GET 200 https://registry.npmjs.org/@babel/plugin-transform-react-jsx-source/-/plugin-transform-react-jsx-source-7.27.1.tgz 3433ms (cache miss)
3769 http fetch GET 200 https://registry.npmjs.org/detect-libc/-/detect-libc-2.1.2.tgz 3432ms (cache miss)
3770 http fetch GET 200 https://registry.npmjs.org/@babel/plugin-transform-react-jsx-self/-/plugin-transform-react-jsx-self-7.27.1.tgz 3433ms (cache miss)
3771 http fetch GET 200 https://registry.npmjs.org/es-object-atoms/-/es-object-atoms-1.1.1.tgz 3490ms (cache miss)
3772 http fetch GET 200 https://registry.npmjs.org/@babel/helper-validator-option/-/helper-validator-option-7.27.1.tgz 3441ms (cache miss)
3773 http fetch GET 200 https://registry.npmjs.org/mdast-util-mdxjs-esm/-/mdast-util-mdxjs-esm-2.0.1.tgz 3461ms (cache miss)
3774 http fetch GET 200 https://registry.npmjs.org/@types/babel__core/-/babel__core-7.20.5.tgz 3440ms (cache miss)
3775 http fetch GET 200 https://registry.npmjs.org/micromark-factory-title/-/micromark-factory-title-2.0.1.tgz 3472ms (cache miss)
3776 http fetch GET 200 https://registry.npmjs.org/micromark-factory-destination/-/micromark-factory-destination-2.0.1.tgz 3471ms (cache miss)
3777 http fetch GET 200 https://registry.npmjs.org/is-core-module/-/is-core-module-2.16.1.tgz 3478ms (cache miss)
3778 http fetch GET 200 https://registry.npmjs.org/@tailwindcss/oxide/-/oxide-4.1.12.tgz 3441ms (cache miss)
3779 http fetch GET 200 https://registry.npmjs.org/vfile-message/-/vfile-message-4.0.3.tgz 3494ms (cache miss)
3780 http fetch GET 200 https://registry.npmjs.org/@types/babel__generator/-/babel__generator-7.27.0.tgz 3474ms (cache miss)
3781 http fetch GET 200 https://registry.npmjs.org/estree-util-is-identifier-name/-/estree-util-is-identifier-name-3.0.0.tgz 3493ms (cache miss)
3782 http fetch GET 200 https://registry.npmjs.org/@types/phoenix/-/phoenix-1.6.7.tgz 3475ms (cache miss)
3783 http fetch GET 200 https://registry.npmjs.org/@types/ws/-/ws-8.18.1.tgz 3477ms (cache miss)
3784 http fetch GET 200 https://registry.npmjs.org/micromark-factory-space/-/micromark-factory-space-2.0.1.tgz 3533ms (cache miss)
3785 http fetch GET 200 https://registry.npmjs.org/base64-arraybuffer/-/base64-arraybuffer-1.0.2.tgz 3550ms (cache miss)
3786 http fetch GET 200 https://registry.npmjs.org/hasown/-/hasown-2.0.2.tgz 3546ms (cache miss)
3787 http fetch GET 200 https://registry.npmjs.org/@radix-ui/react-use-rect/-/react-use-rect-1.1.0.tgz 3506ms (cache miss)
3788 http fetch GET 200 https://registry.npmjs.org/@types/babel__traverse/-/babel__traverse-7.28.0.tgz 3541ms (cache miss)
3789 http fetch GET 200 https://registry.npmjs.org/micromark-util-classify-character/-/micromark-util-classify-character-2.0.1.tgz 3566ms (cache miss)
3790 http fetch GET 200 https://registry.npmjs.org/unist-util-is/-/unist-util-is-6.0.1.tgz 3568ms (cache miss)
3791 http fetch GET 200 https://registry.npmjs.org/@radix-ui/rect/-/rect-1.1.0.tgz 3543ms (cache miss)
3792 http fetch GET 200 https://registry.npmjs.org/@radix-ui/number/-/number-1.1.0.tgz 3543ms (cache miss)
3793 http fetch GET 200 https://registry.npmjs.org/@radix-ui/react-arrow/-/react-arrow-1.1.2.tgz 3544ms (cache miss)
3794 http fetch GET 200 https://registry.npmjs.org/supports-preserve-symlinks-flag/-/supports-preserve-symlinks-flag-1.0.0.tgz 3642ms (cache miss)
3795 http fetch GET 200 https://registry.npmjs.org/@radix-ui/react-focus-scope/-/react-focus-scope-1.1.2.tgz 3604ms (cache miss)
3796 http fetch GET 200 https://registry.npmjs.org/@radix-ui/react-roving-focus/-/react-roving-focus-1.1.2.tgz 3604ms (cache miss)
3797 http fetch GET 200 https://registry.npmjs.org/aria-hidden/-/aria-hidden-1.2.6.tgz 3606ms (cache miss)
3798 http fetch GET 200 https://registry.npmjs.org/escalade/-/escalade-3.2.0.tgz 3697ms (cache miss)
3799 http fetch GET 200 https://registry.npmjs.org/@radix-ui/react-use-escape-keydown/-/react-use-escape-keydown-1.1.0.tgz 3648ms (cache miss)
3800 http fetch GET 200 https://registry.npmjs.org/@radix-ui/react-portal/-/react-portal-1.1.4.tgz 3648ms (cache miss)
3801 http fetch GET 200 https://registry.npmjs.org/@radix-ui/react-use-size/-/react-use-size-1.1.0.tgz 3648ms (cache miss)
3802 http fetch GET 200 https://registry.npmjs.org/@radix-ui/react-focus-guards/-/react-focus-guards-1.1.1.tgz 3652ms (cache miss)
3803 http fetch GET 200 https://registry.npmjs.org/micromark-util-normalize-identifier/-/micromark-util-normalize-identifier-2.0.1.tgz 3708ms (cache miss)
3804 http fetch GET 200 https://registry.npmjs.org/@radix-ui/react-visually-hidden/-/react-visually-hidden-1.1.2.tgz 3681ms (cache miss)
3805 http fetch GET 200 https://registry.npmjs.org/@radix-ui/react-presence/-/react-presence-1.1.2.tgz 3678ms (cache miss)
3806 http fetch GET 200 https://registry.npmjs.org/@radix-ui/react-use-previous/-/react-use-previous-1.1.0.tgz 3678ms (cache miss)
3807 http fetch GET 200 https://registry.npmjs.org/@radix-ui/react-use-layout-effect/-/react-use-layout-effect-1.1.0.tgz 3678ms (cache miss)
3808 http fetch GET 200 https://registry.npmjs.org/@radix-ui/react-primitive/-/react-primitive-2.0.2.tgz 3678ms (cache miss)
3809 http fetch GET 200 https://registry.npmjs.org/@radix-ui/react-direction/-/react-direction-1.1.0.tgz 3678ms (cache miss)
3810 http fetch GET 200 https://registry.npmjs.org/micromark-util-decode-numeric-character-reference/-/micromark-util-decode-numeric-character-reference-2.0.2.tgz 3733ms (cache miss)
3811 http fetch GET 200 https://registry.npmjs.org/mdast-util-mdx-jsx/-/mdast-util-mdx-jsx-3.2.0.tgz 3728ms (cache miss)
3812 http fetch GET 200 https://registry.npmjs.org/@types/prop-types/-/prop-types-15.7.15.tgz 3704ms (cache miss)
3813 http fetch GET 200 https://registry.npmjs.org/@radix-ui/react-context/-/react-context-1.1.1.tgz 3704ms (cache miss)
3814 http fetch GET 200 https://registry.npmjs.org/@radix-ui/react-compose-refs/-/react-compose-refs-1.1.1.tgz 3704ms (cache miss)
3815 http fetch GET 200 https://registry.npmjs.org/@radix-ui/react-collection/-/react-collection-1.1.2.tgz 3703ms (cache miss)
3816 http fetch GET 200 https://registry.npmjs.org/@radix-ui/react-use-callback-ref/-/react-use-callback-ref-1.1.0.tgz 3724ms (cache miss)
3817 http fetch GET 200 https://registry.npmjs.org/@radix-ui/react-id/-/react-id-1.1.0.tgz 3723ms (cache miss)
3818 http fetch GET 200 https://registry.npmjs.org/@radix-ui/react-use-controllable-state/-/react-use-controllable-state-1.1.0.tgz 3724ms (cache miss)
3819 http fetch GET 200 https://registry.npmjs.org/react-is/-/react-is-19.2.4.tgz 3722ms (cache miss)
3820 http fetch GET 200 https://registry.npmjs.org/@types/react-transition-group/-/react-transition-group-4.4.12.tgz 3722ms (cache miss)
3821 http fetch GET 200 https://registry.npmjs.org/@jridgewell/resolve-uri/-/resolve-uri-3.1.2.tgz 3723ms (cache miss)
3822 http fetch GET 200 https://registry.npmjs.org/@emotion/is-prop-valid/-/is-prop-valid-1.4.0.tgz 3803ms (cache miss)
3823 http fetch GET 200 https://registry.npmjs.org/@babel/helper-string-parser/-/helper-string-parser-7.27.1.tgz 3802ms (cache miss)
3824 http fetch GET 200 https://registry.npmjs.org/@mui/core-downloads-tracker/-/core-downloads-tracker-7.3.9.tgz 3803ms (cache miss)
3825 http fetch GET 200 https://registry.npmjs.org/@radix-ui/primitive/-/primitive-1.1.1.tgz 3827ms (cache miss)
3826 http fetch GET 200 https://registry.npmjs.org/debug/-/debug-4.4.3.tgz 3823ms (cache miss)
3827 http fetch GET 200 https://registry.npmjs.org/@emotion/unitless/-/unitless-0.10.0.tgz 3825ms (cache miss)
3828 http fetch GET 200 https://registry.npmjs.org/picocolors/-/picocolors-1.1.1.tgz 3825ms (cache miss)
3829 http fetch GET 200 https://registry.npmjs.org/@emotion/sheet/-/sheet-1.4.0.tgz 3827ms (cache miss)
3830 http fetch GET 200 https://registry.npmjs.org/js-tokens/-/js-tokens-4.0.0.tgz 3859ms (cache miss)
3831 http fetch GET 200 https://registry.npmjs.org/@babel/helper-validator-identifier/-/helper-validator-identifier-7.28.5.tgz 3897ms (cache miss)
3832 http fetch GET 200 https://registry.npmjs.org/escape-string-regexp/-/escape-string-regexp-4.0.0.tgz 3892ms (cache miss)
3833 http fetch GET 200 https://registry.npmjs.org/find-root/-/find-root-1.1.0.tgz 3896ms (cache miss)
3834 http fetch GET 200 https://registry.npmjs.org/@emotion/hash/-/hash-0.9.2.tgz 3892ms (cache miss)
3835 http fetch GET 200 https://registry.npmjs.org/@emotion/memoize/-/memoize-0.9.0.tgz 3893ms (cache miss)
3836 http fetch GET 200 https://registry.npmjs.org/convert-source-map/-/convert-source-map-1.9.0.tgz 3914ms (cache miss)
3837 http fetch GET 200 https://registry.npmjs.org/@babel/code-frame/-/code-frame-7.29.0.tgz 3921ms (cache miss)
3838 http fetch GET 200 https://registry.npmjs.org/babel-plugin-macros/-/babel-plugin-macros-3.1.0.tgz 3921ms (cache miss)
3839 http fetch GET 200 https://registry.npmjs.org/semver/-/semver-6.3.1.tgz 3959ms (cache miss)
3840 http fetch GET 200 https://registry.npmjs.org/@babel/helper-module-imports/-/helper-module-imports-7.28.6.tgz 3972ms (cache miss)
3841 http fetch GET 200 https://registry.npmjs.org/@emotion/utils/-/utils-1.4.2.tgz 3973ms (cache miss)
3842 http fetch GET 200 https://registry.npmjs.org/@emotion/serialize/-/serialize-1.3.3.tgz 4082ms (cache miss)
3843 http fetch GET 200 https://registry.npmjs.org/@emotion/weak-memoize/-/weak-memoize-0.4.0.tgz 4085ms (cache miss)
3844 http fetch GET 200 https://registry.npmjs.org/decimal.js-light/-/decimal.js-light-2.5.1.tgz 4183ms (cache miss)
3845 http fetch GET 200 https://registry.npmjs.org/@emotion/use-insertion-effect-with-fallbacks/-/use-insertion-effect-with-fallbacks-1.2.0.tgz 4170ms (cache miss)
3846 http fetch GET 200 https://registry.npmjs.org/@dnd-kit/accessibility/-/accessibility-3.1.1.tgz 4169ms (cache miss)
3847 http fetch GET 200 https://registry.npmjs.org/tw-animate-css/-/tw-animate-css-1.3.8.tgz 4168ms (cache miss)
3848 http fetch GET 200 https://registry.npmjs.org/react-router-dom/-/react-router-dom-7.13.1.tgz 4289ms (cache miss)
3849 http fetch GET 200 https://registry.npmjs.org/react-pageflip/-/react-pageflip-2.0.3.tgz 4452ms (cache miss)
3850 http fetch GET 200 https://registry.npmjs.org/tiny-invariant/-/tiny-invariant-1.3.3.tgz 4529ms (cache miss)
3851 http fetch GET 200 https://registry.npmjs.org/@babel/helper-globals/-/helper-globals-7.28.0.tgz 4520ms (cache miss)
3852 http fetch GET 200 https://registry.npmjs.org/jsesc/-/jsesc-3.1.0.tgz 4522ms (cache miss)
3853 http fetch GET 200 https://registry.npmjs.org/@isaacs/fs-minipass/-/fs-minipass-4.0.1.tgz 4596ms (cache miss)
3854 http fetch GET 200 https://registry.npmjs.org/embla-carousel-react/-/embla-carousel-react-8.6.0.tgz 4626ms (cache miss)
3855 http fetch GET 200 https://registry.npmjs.org/clsx/-/clsx-2.1.1.tgz 4628ms (cache miss)
3856 http fetch GET 200 https://registry.npmjs.org/next-themes/-/next-themes-0.4.6.tgz 4639ms (cache miss)
3857 http fetch GET 200 https://registry.npmjs.org/@tailwindcss/vite/-/vite-4.1.12.tgz 4683ms (cache miss)
3858 http fetch GET 200 https://registry.npmjs.org/@radix-ui/react-dismissable-layer/-/react-dismissable-layer-1.1.5.tgz 4746ms (cache miss)
3859 http fetch GET 200 https://registry.npmjs.org/class-variance-authority/-/class-variance-authority-0.7.1.tgz 4753ms (cache miss)
3860 http fetch GET 200 https://registry.npmjs.org/@radix-ui/react-switch/-/react-switch-1.1.3.tgz 4754ms (cache miss)
3861 http fetch GET 200 https://registry.npmjs.org/@radix-ui/react-popper/-/react-popper-1.2.2.tgz 4797ms (cache miss)
3862 http fetch GET 200 https://registry.npmjs.org/@radix-ui/react-tabs/-/react-tabs-1.1.3.tgz 4776ms (cache miss)
3863 http fetch GET 200 https://registry.npmjs.org/@radix-ui/react-toggle/-/react-toggle-1.1.2.tgz 4778ms (cache miss)
3864 http fetch GET 200 https://registry.npmjs.org/@radix-ui/react-progress/-/react-progress-1.1.2.tgz 4776ms (cache miss)
3865 http fetch GET 200 https://registry.npmjs.org/@radix-ui/react-toggle-group/-/react-toggle-group-1.1.2.tgz 4785ms (cache miss)
3866 http fetch GET 200 https://registry.npmjs.org/@floating-ui/react-dom/-/react-dom-2.1.8.tgz 4845ms (cache miss)
3867 http fetch GET 200 https://registry.npmjs.org/unified/-/unified-11.0.5.tgz 4905ms (cache miss)
3868 http fetch GET 200 https://registry.npmjs.org/eventemitter3/-/eventemitter3-5.0.4.tgz 4980ms (cache miss)
3869 http fetch GET 200 https://registry.npmjs.org/@radix-ui/react-separator/-/react-separator-1.1.2.tgz 4933ms (cache miss)
3870 http fetch GET 200 https://registry.npmjs.org/@radix-ui/react-collapsible/-/react-collapsible-1.1.3.tgz 4933ms (cache miss)
3871 http fetch GET 200 https://registry.npmjs.org/@radix-ui/react-label/-/react-label-2.1.2.tgz 4936ms (cache miss)
3872 http fetch GET 200 https://registry.npmjs.org/@radix-ui/react-aspect-ratio/-/react-aspect-ratio-1.1.2.tgz 4940ms (cache miss)
3873 http fetch GET 200 https://registry.npmjs.org/d3-time/-/d3-time-3.1.0.tgz 5072ms (cache miss)
3874 http fetch GET 200 https://registry.npmjs.org/baseline-browser-mapping/-/baseline-browser-mapping-2.10.8.tgz 5061ms (cache miss)
3875 http fetch GET 200 https://registry.npmjs.org/browserslist/-/browserslist-4.28.1.tgz 5060ms (cache miss)
3876 http fetch GET 200 https://registry.npmjs.org/@radix-ui/react-checkbox/-/react-checkbox-1.1.4.tgz 5019ms (cache miss)
3877 http fetch GET 200 https://registry.npmjs.org/@radix-ui/react-avatar/-/react-avatar-1.1.3.tgz 5019ms (cache miss)
3878 http fetch GET 200 https://registry.npmjs.org/hoist-non-react-statics/-/hoist-non-react-statics-3.3.2.tgz 5061ms (cache miss)
3879 http fetch GET 200 https://registry.npmjs.org/convert-source-map/-/convert-source-map-2.0.0.tgz 5058ms (cache miss)
3880 http fetch GET 200 https://registry.npmjs.org/fast-diff/-/fast-diff-1.1.2.tgz 5058ms (cache miss)
3881 http fetch GET 200 https://registry.npmjs.org/yallist/-/yallist-5.0.0.tgz 5059ms (cache miss)
3882 http fetch GET 200 https://registry.npmjs.org/iceberg-js/-/iceberg-js-0.8.1.tgz 5146ms (cache miss)
3883 http fetch GET 200 https://registry.npmjs.org/react-is/-/react-is-16.13.1.tgz 5102ms (cache miss)
3884 http fetch GET 200 https://registry.npmjs.org/@types/unist/-/unist-2.0.11.tgz 5103ms (cache miss)
3885 http fetch GET 200 https://registry.npmjs.org/quill-delta/-/quill-delta-3.6.3.tgz 5104ms (cache miss)
3886 http fetch GET 200 https://registry.npmjs.org/eventemitter3/-/eventemitter3-4.0.7.tgz 5111ms (cache miss)
3887 http fetch GET 200 https://registry.npmjs.org/eventemitter3/-/eventemitter3-2.0.3.tgz 5143ms (cache miss)
3888 http fetch GET 200 https://registry.npmjs.org/nanoid/-/nanoid-3.3.11.tgz 5277ms (cache miss)
3889 http fetch GET 200 https://registry.npmjs.org/@tailwindcss/node/-/node-4.1.12.tgz 5262ms (cache miss)
3890 http fetch GET 200 https://registry.npmjs.org/react-is/-/react-is-18.3.1.tgz 5218ms (cache miss)
3891 http fetch GET 200 https://registry.npmjs.org/react-is/-/react-is-16.13.1.tgz 5248ms (cache miss)
3892 http fetch GET 200 https://registry.npmjs.org/electron-to-chromium/-/electron-to-chromium-1.5.313.tgz 5335ms (cache miss)
3893 http fetch GET 200 https://registry.npmjs.org/@radix-ui/react-menu/-/react-menu-2.1.6.tgz 5333ms (cache miss)
3894 http fetch GET 200 https://registry.npmjs.org/style-to-object/-/style-to-object-1.0.14.tgz 5409ms (cache miss)
3895 http fetch GET 200 https://registry.npmjs.org/minipass/-/minipass-7.1.3.tgz 5452ms (cache miss)
3896 http fetch GET 200 https://registry.npmjs.org/vaul/-/vaul-1.1.2.tgz 5436ms (cache miss)
3897 http fetch GET 200 https://registry.npmjs.org/react-markdown/-/react-markdown-10.1.0.tgz 5432ms (cache miss)
3898 http fetch GET 200 https://registry.npmjs.org/@floating-ui/dom/-/dom-1.7.6.tgz 5470ms (cache miss)
3899 http fetch GET 200 https://registry.npmjs.org/@vitejs/plugin-react/-/plugin-react-4.7.0.tgz 5450ms (cache miss)
3900 http fetch GET 200 https://registry.npmjs.org/@radix-ui/react-slot/-/react-slot-1.1.2.tgz 5478ms (cache miss)
3901 http fetch GET 200 https://registry.npmjs.org/sonner/-/sonner-2.0.3.tgz 5533ms (cache miss)
3902 http fetch GET 200 https://registry.npmjs.org/mdast-util-from-markdown/-/mdast-util-from-markdown-2.0.3.tgz 5594ms (cache miss)
3903 http fetch GET 200 https://registry.npmjs.org/quill 5332ms (cache miss)
3904 silly packumentCache corgi:https://registry.npmjs.org/quill set size:undefined disposed:false
3905 http fetch GET 200 https://registry.npmjs.org/@radix-ui/react-radio-group/-/react-radio-group-1.2.3.tgz 5581ms (cache miss)
3906 http fetch GET 200 https://registry.npmjs.org/input-otp/-/input-otp-1.4.2.tgz 5592ms (cache miss)
3907 http fetch GET 200 https://registry.npmjs.org/@floating-ui/core/-/core-1.7.5.tgz 5630ms (cache miss)
3908 http fetch GET 200 https://registry.npmjs.org/prop-types/-/prop-types-15.8.1.tgz 5626ms (cache miss)
3909 http fetch GET 200 https://registry.npmjs.org/scheduler/-/scheduler-0.23.2.tgz 5665ms (cache miss)
3910 http fetch GET 200 https://registry.npmjs.org/@radix-ui/react-tooltip/-/react-tooltip-1.1.8.tgz 5637ms (cache miss)
3911 http fetch GET 200 https://registry.npmjs.org/@radix-ui/react-hover-card/-/react-hover-card-1.1.6.tgz 5699ms (cache miss)
3912 http fetch GET 200 https://registry.npmjs.org/@radix-ui/react-popover/-/react-popover-1.1.6.tgz 5704ms (cache miss)
3913 http fetch GET 200 https://registry.npmjs.org/@mui/types/-/types-7.4.12.tgz 5740ms (cache miss)
3914 http fetch GET 200 https://registry.npmjs.org/qrcode.react/-/qrcode.react-4.2.0.tgz 5729ms (cache miss)
3915 http fetch GET 200 https://registry.npmjs.org/@babel/helper-compilation-targets/-/helper-compilation-targets-7.28.6.tgz 5771ms (cache miss)
3916 http fetch GET 200 https://registry.npmjs.org/@radix-ui/react-dialog/-/react-dialog-1.1.6.tgz 5724ms (cache miss)
3917 http fetch GET 200 https://registry.npmjs.org/@radix-ui/react-dropdown-menu/-/react-dropdown-menu-2.1.6.tgz 5728ms (cache miss)
3918 http fetch GET 200 https://registry.npmjs.org/minizlib/-/minizlib-3.1.0.tgz 5841ms (cache miss)
3919 http fetch GET 200 https://registry.npmjs.org/style-to-js/-/style-to-js-1.1.21.tgz 5826ms (cache miss)
3920 http fetch GET 200 https://registry.npmjs.org/@radix-ui/react-context-menu/-/react-context-menu-2.2.6.tgz 5761ms (cache miss)
3921 http fetch GET 200 https://registry.npmjs.org/@radix-ui/react-accordion/-/react-accordion-1.2.3.tgz 5761ms (cache miss)
3922 http fetch GET 200 https://registry.npmjs.org/@radix-ui/react-slider/-/react-slider-1.2.3.tgz 5775ms (cache miss)
3923 http fetch GET 200 https://registry.npmjs.org/@radix-ui/react-menubar/-/react-menubar-1.1.6.tgz 5786ms (cache miss)
3924 http fetch GET 200 https://registry.npmjs.org/magic-string/-/magic-string-0.30.21.tgz 5863ms (cache miss)
3925 http fetch GET 200 https://registry.npmjs.org/@radix-ui/react-scroll-area/-/react-scroll-area-1.2.3.tgz 5906ms (cache miss)
3926 http fetch GET 200 https://registry.npmjs.org/@radix-ui/react-navigation-menu/-/react-navigation-menu-1.2.5.tgz 5948ms (cache miss)
3927 http fetch GET 200 https://registry.npmjs.org/tslib/-/tslib-2.8.1.tgz 5969ms (cache miss)
3928 http fetch GET 200 https://registry.npmjs.org/react-responsive-masonry/-/react-responsive-masonry-2.7.1.tgz 5995ms (cache miss)
3929 http fetch GET 200 https://registry.npmjs.org/quill-delta/-/quill-delta-5.1.0.tgz 6041ms (cache miss)
3930 http fetch GET 200 https://registry.npmjs.org/@babel/helper-module-transforms/-/helper-module-transforms-7.28.6.tgz 6048ms (cache miss)
3931 http fetch GET 200 https://registry.npmjs.org/source-map-js/-/source-map-js-1.2.1.tgz 6058ms (cache miss)
3932 http fetch GET 200 https://registry.npmjs.org/cmdk/-/cmdk-1.1.1.tgz 6065ms (cache miss)
3933 http fetch GET 200 https://registry.npmjs.org/react-helmet-async/-/react-helmet-async-2.0.5.tgz 6074ms (cache miss)
3934 http fetch GET 200 https://registry.npmjs.org/@floating-ui/utils/-/utils-0.2.11.tgz 6139ms (cache miss)
3935 http fetch GET 200 https://registry.npmjs.org/resize-observer-polyfill/-/resize-observer-polyfill-1.5.1.tgz 6191ms (cache miss)
3936 http fetch GET 200 https://registry.npmjs.org/@radix-ui/react-select/-/react-select-2.1.6.tgz 6130ms (cache miss)
3937 http fetch GET 200 https://registry.npmjs.org/ws/-/ws-8.19.0.tgz 6222ms (cache miss)
3938 http fetch GET 200 https://registry.npmjs.org/d3-interpolate/-/d3-interpolate-3.0.1.tgz 6299ms (cache miss)
3939 http fetch GET 200 https://registry.npmjs.org/lightningcss/-/lightningcss-1.30.1.tgz 6287ms (cache miss)
3940 http fetch GET 200 https://registry.npmjs.org/@babel/template/-/template-7.28.6.tgz 6271ms (cache miss)
3941 http fetch GET 200 https://registry.npmjs.org/stylis/-/stylis-4.2.0.tgz 6274ms (cache miss)
3942 http fetch GET 200 https://registry.npmjs.org/@radix-ui/react-alert-dialog/-/react-alert-dialog-1.1.6.tgz 6272ms (cache miss)
3943 http fetch GET 200 https://registry.npmjs.org/react-quill/-/react-quill-2.0.0.tgz 6312ms (cache miss)
3944 http fetch GET 200 https://registry.npmjs.org/recharts-scale/-/recharts-scale-0.4.5.tgz 6387ms (cache miss)
3945 http fetch GET 200 https://registry.npmjs.org/text-segmentation/-/text-segmentation-1.0.3.tgz 6401ms (cache miss)
3946 http fetch GET 200 https://registry.npmjs.org/json5/-/json5-2.2.3.tgz 6446ms (cache miss)
3947 http fetch GET 200 https://registry.npmjs.org/fast-equals/-/fast-equals-5.4.0.tgz 6583ms (cache miss)
3948 http fetch GET 200 https://registry.npmjs.org/@rollup/rollup-win32-x64-gnu/-/rollup-win32-x64-gnu-4.59.0.tgz 6623ms (cache miss)
3949 http fetch GET 200 https://registry.npmjs.org/redux/-/redux-4.2.1.tgz 6599ms (cache miss)
3950 http fetch GET 200 https://registry.npmjs.org/react-style-singleton/-/react-style-singleton-2.2.3.tgz 6643ms (cache miss)
3951 http fetch GET 200 https://registry.npmjs.org/utrie/-/utrie-1.0.2.tgz 6631ms (cache miss)
3952 http fetch GET 200 https://registry.npmjs.org/d3-scale/-/d3-scale-4.0.2.tgz 6762ms (cache miss)
3953 http fetch GET 200 https://registry.npmjs.org/csstype/-/csstype-3.2.3.tgz 6709ms (cache miss)
3954 http fetch GET 200 https://registry.npmjs.org/math-intrinsics/-/math-intrinsics-1.1.0.tgz 6785ms (cache miss)
3955 http fetch GET 200 https://registry.npmjs.org/@types/react/-/react-19.2.14.tgz 6713ms (cache miss)
3956 http fetch GET 200 https://registry.npmjs.org/vfile/-/vfile-6.0.3.tgz 6770ms (cache miss)
3957 http fetch GET 200 https://registry.npmjs.org/css-line-break/-/css-line-break-2.1.0.tgz 6797ms (cache miss)
3958 http fetch GET 200 https://registry.npmjs.org/@mui/styled-engine/-/styled-engine-7.3.9.tgz 6785ms (cache miss)
3959 http fetch GET 200 https://registry.npmjs.org/@react-dnd/asap/-/asap-5.0.2.tgz 6854ms (cache miss)
3960 http fetch GET 200 https://registry.npmjs.org/@jridgewell/sourcemap-codec/-/sourcemap-codec-1.5.5.tgz 6830ms (cache miss)
3961 http fetch GET 200 https://registry.npmjs.org/@emotion/babel-plugin/-/babel-plugin-11.13.5.tgz 6840ms (cache miss)
3962 http fetch GET 200 https://registry.npmjs.org/react-smooth/-/react-smooth-4.0.4.tgz 6922ms (cache miss)
3963 http fetch GET 200 https://registry.npmjs.org/react/-/react-18.3.1.tgz 6866ms (cache miss)
3964 http fetch GET 200 https://registry.npmjs.org/@jridgewell/remapping/-/remapping-2.3.5.tgz 6924ms (cache miss)
3965 http fetch GET 200 https://registry.npmjs.org/d3-time-format/-/d3-time-format-4.1.0.tgz 6980ms (cache miss)
3966 http fetch GET 200 https://registry.npmjs.org/parchment/-/parchment-3.0.0.tgz 6954ms (cache miss)
3967 http fetch GET 200 https://registry.npmjs.org/react-slick/-/react-slick-0.31.0.tgz 6934ms (cache miss)
3968 http fetch GET 200 https://registry.npmjs.org/@jridgewell/gen-mapping/-/gen-mapping-0.3.13.tgz 6966ms (cache miss)
3969 http fetch GET 200 https://registry.npmjs.org/source-map/-/source-map-0.5.7.tgz 6966ms (cache miss)
3970 http fetch GET 200 https://registry.npmjs.org/@mui/private-theming/-/private-theming-7.3.9.tgz 7036ms (cache miss)
3971 http fetch GET 200 https://registry.npmjs.org/react-popper/-/react-popper-2.3.0.tgz 7021ms (cache miss)
3972 http fetch GET 200 https://registry.npmjs.org/@rollup/rollup-win32-x64-msvc/-/rollup-win32-x64-msvc-4.59.0.tgz 7125ms (cache miss)
3973 http fetch GET 200 https://registry.npmjs.org/cosmiconfig/-/cosmiconfig-7.1.0.tgz 7290ms (cache miss)
3974 http fetch GET 200 https://registry.npmjs.org/jiti/-/jiti-2.6.1.tgz 7297ms (cache miss)
3975 http fetch GET 200 https://registry.npmjs.org/motion/-/motion-12.23.24.tgz 7266ms (cache miss)
3976 http fetch GET 200 https://registry.npmjs.org/@babel/parser/-/parser-7.29.0.tgz 7307ms (cache miss)
3977 http fetch GET 200 https://registry.npmjs.org/postcss/-/postcss-8.5.8.tgz 7380ms (cache miss)
3978 http fetch GET 200 https://registry.npmjs.org/@supabase/postgrest-js/-/postgrest-js-2.99.1.tgz 7328ms (cache miss)
3979 http fetch GET 200 https://registry.npmjs.org/react-transition-group/-/react-transition-group-4.4.5.tgz 7327ms (cache miss)
3980 http fetch GET 200 https://registry.npmjs.org/@supabase/storage-js/-/storage-js-2.99.1.tgz 7370ms (cache miss)
3981 http fetch GET 200 https://registry.npmjs.org/undici-types/-/undici-types-7.18.2.tgz 7376ms (cache miss)
3982 http fetch GET 200 https://registry.npmjs.org/@supabase/supabase-js/-/supabase-js-2.99.1.tgz 7332ms (cache miss)
3983 http fetch GET 200 https://registry.npmjs.org/tailwind-merge/-/tailwind-merge-3.2.0.tgz 7369ms (cache miss)
3984 http fetch GET 200 https://registry.npmjs.org/@emotion/cache/-/cache-11.14.0.tgz 7376ms (cache miss)
3985 http fetch GET 200 https://registry.npmjs.org/vite 7175ms (cache miss)
3986 silly packumentCache corgi:https://registry.npmjs.org/vite set size:undefined disposed:false
3987 http fetch GET 200 https://registry.npmjs.org/tailwindcss/-/tailwindcss-4.1.12.tgz 7553ms (cache miss)
3988 silly packumentCache corgi:https://registry.npmjs.org/@tailwindcss%2fvite cache-miss
3989 silly packumentCache corgi:https://registry.npmjs.org/@vitejs%2fplugin-react cache-miss
3990 http fetch GET 200 https://registry.npmjs.org/property-information/-/property-information-7.1.0.tgz 7833ms (cache miss)
3991 http fetch GET 200 https://registry.npmjs.org/@dnd-kit/sortable/-/sortable-10.0.0.tgz 7762ms (cache miss)
3992 http fetch GET 200 https://registry.npmjs.org/@supabase/functions-js/-/functions-js-2.99.1.tgz 7884ms (cache miss)
3993 http fetch GET 200 https://registry.npmjs.org/@dnd-kit/utilities/-/utilities-3.2.2.tgz 7836ms (cache miss)
3994 http fetch GET 200 https://registry.npmjs.org/@jridgewell/trace-mapping/-/trace-mapping-0.3.31.tgz 8051ms (cache miss)
3995 http fetch GET 200 https://registry.npmjs.org/@babel/generator/-/generator-7.29.1.tgz 8052ms (cache miss)
3996 http fetch GET 200 https://registry.npmjs.org/enhanced-resolve/-/enhanced-resolve-5.20.0.tgz 8106ms (cache miss)
3997 http fetch GET 200 https://registry.npmjs.org/use-callback-ref/-/use-callback-ref-1.3.3.tgz 8190ms (cache miss)
3998 http fetch GET 200 https://registry.npmjs.org/parchment/-/parchment-1.1.4.tgz 8198ms (cache miss)
3999 http fetch GET 200 https://registry.npmjs.org/parchment/-/parchment-1.1.4.tgz 8201ms (cache miss)
4000 http fetch GET 200 https://registry.npmjs.org/d3-array/-/d3-array-3.2.4.tgz 8310ms (cache miss)
4001 http fetch GET 200 https://registry.npmjs.org/rollup/-/rollup-4.59.0.tgz 8320ms (cache miss)
4002 http fetch GET 200 https://registry.npmjs.org/@tailwindcss/oxide-win32-x64-msvc/-/oxide-win32-x64-msvc-4.1.12.tgz 8301ms (cache miss)
4003 http fetch GET 200 https://registry.npmjs.org/@vitejs%2fplugin-react 603ms (cache miss)
4004 silly packumentCache corgi:https://registry.npmjs.org/@vitejs%2fplugin-react set size:undefined disposed:false
4005 http fetch GET 200 https://registry.npmjs.org/d3-shape/-/d3-shape-3.2.0.tgz 8571ms (cache miss)
4006 http fetch GET 200 https://registry.npmjs.org/motion-utils/-/motion-utils-12.36.0.tgz 8601ms (cache miss)
4007 http fetch GET 200 https://registry.npmjs.org/react-resizable-panels/-/react-resizable-panels-2.1.7.tgz 8600ms (cache miss)
4008 http fetch GET 200 https://registry.npmjs.org/react-remove-scroll/-/react-remove-scroll-2.7.2.tgz 8685ms (cache miss)
4009 http fetch GET 200 https://registry.npmjs.org/@tailwindcss%2fvite 1045ms (cache miss)
4010 silly packumentCache corgi:https://registry.npmjs.org/@tailwindcss%2fvite set size:undefined disposed:false
4011 http fetch GET 200 https://registry.npmjs.org/react-dnd-html5-backend/-/react-dnd-html5-backend-16.0.1.tgz 8944ms (cache miss)
4012 http fetch GET 200 https://registry.npmjs.org/yaml/-/yaml-1.10.2.tgz 8926ms (cache miss)
4013 http fetch GET 200 https://registry.npmjs.org/micromark/-/micromark-4.0.2.tgz 9013ms (cache miss)
4014 silly packumentCache corgi:https://registry.npmjs.org/react-quill cache-miss
4015 http fetch GET 200 https://registry.npmjs.org/@babel/traverse/-/traverse-7.29.0.tgz 9143ms (cache miss)
4016 http fetch GET 200 https://registry.npmjs.org/mdast-util-to-hast/-/mdast-util-to-hast-13.2.1.tgz 9436ms (cache miss)
4017 http fetch GET 200 https://registry.npmjs.org/vite/-/vite-6.3.5.tgz 9405ms (cache miss)
4018 http fetch GET 200 https://registry.npmjs.org/react-quill 357ms (cache miss)
4019 silly packumentCache corgi:https://registry.npmjs.org/react-quill set size:undefined disposed:false
4020 http fetch GET 200 https://registry.npmjs.org/@emotion/styled/-/styled-11.14.1.tgz 9472ms (cache miss)
4021 http fetch GET 200 https://registry.npmjs.org/html-to-image/-/html-to-image-1.11.13.tgz 9596ms (cache miss)
4022 http fetch GET 200 https://registry.npmjs.org/react-dom/-/react-dom-18.3.1.tgz 10029ms (cache miss)
4023 http fetch GET 200 https://registry.npmjs.org/@supabase/realtime-js/-/realtime-js-2.99.1.tgz 10127ms (cache miss)
4024 http fetch GET 200 https://registry.npmjs.org/resolve/-/resolve-1.22.11.tgz 10174ms (cache miss)
4025 http fetch GET 200 https://registry.npmjs.org/dnd-core/-/dnd-core-16.0.1.tgz 10241ms (cache miss)
4026 http fetch GET 200 https://registry.npmjs.org/embla-carousel/-/embla-carousel-8.6.0.tgz 10350ms (cache miss)
4027 http fetch GET 200 https://registry.npmjs.org/@types/node/-/node-25.5.0.tgz 10379ms (cache miss)
4028 http fetch GET 200 https://registry.npmjs.org/micromark-core-commonmark/-/micromark-core-commonmark-2.0.3.tgz 10493ms (cache miss)
4029 http fetch GET 200 https://registry.npmjs.org/@babel/core/-/core-7.29.0.tgz 10493ms (cache miss)
4030 http fetch GET 200 https://registry.npmjs.org/mdast-util-to-markdown/-/mdast-util-to-markdown-2.1.2.tgz 10816ms (cache miss)
4031 http fetch GET 200 https://registry.npmjs.org/react-router/-/react-router-7.13.1.tgz 10769ms (cache miss)
4032 http fetch GET 200 https://registry.npmjs.org/lightningcss-win32-x64-msvc/-/lightningcss-win32-x64-msvc-1.30.1.tgz 10945ms (cache miss)
4033 http fetch GET 200 https://registry.npmjs.org/page-flip/-/page-flip-2.0.7.tgz 11249ms (cache miss)
4034 http fetch GET 200 https://registry.npmjs.org/@emotion/react/-/react-11.14.0.tgz 11297ms (cache miss)
4035 http fetch GET 200 https://registry.npmjs.org/@esbuild/win32-x64/-/win32-x64-0.25.12.tgz 11502ms (cache miss)
4036 http fetch GET 200 https://registry.npmjs.org/@dnd-kit/core/-/core-6.3.1.tgz 11476ms (cache miss)
4037 http fetch GET 200 https://registry.npmjs.org/quill/-/quill-1.3.7.tgz 11641ms (cache miss)
4038 http fetch GET 200 https://registry.npmjs.org/react-dnd/-/react-dnd-16.0.1.tgz 11685ms (cache miss)
4039 http fetch GET 200 https://registry.npmjs.org/@supabase/auth-js/-/auth-js-2.99.1.tgz 12462ms (cache miss)
4040 http fetch GET 200 https://registry.npmjs.org/@babel/types/-/types-7.29.0.tgz 12542ms (cache miss)
4041 http fetch GET 200 https://registry.npmjs.org/yaml/-/yaml-2.8.2.tgz 12782ms (cache miss)
4042 http fetch GET 200 https://registry.npmjs.org/@babel/runtime/-/runtime-7.28.6.tgz 12854ms (cache miss)
4043 http fetch GET 200 https://registry.npmjs.org/react-hook-form/-/react-hook-form-7.55.0.tgz 12935ms (cache miss)
4044 http fetch GET 200 https://registry.npmjs.org/@babel/helpers/-/helpers-7.28.6.tgz 13111ms (cache miss)
4045 http fetch GET 200 https://registry.npmjs.org/react-day-picker/-/react-day-picker-8.10.1.tgz 13176ms (cache miss)
4046 http fetch GET 200 https://registry.npmjs.org/tar/-/tar-7.5.11.tgz 13260ms (cache miss)
4047 http fetch GET 200 https://registry.npmjs.org/dom-helpers/-/dom-helpers-5.2.1.tgz 13325ms (cache miss)
4048 http fetch GET 200 https://registry.npmjs.org/@popperjs/core/-/core-2.11.8.tgz 13370ms (cache miss)
4049 http fetch GET 200 https://registry.npmjs.org/victory-vendor/-/victory-vendor-36.9.2.tgz 13534ms (cache miss)
4050 http fetch GET 200 https://registry.npmjs.org/@tanstack/query-core/-/query-core-5.90.20.tgz 13753ms (cache miss)
4051 http fetch GET 200 https://registry.npmjs.org/quill/-/quill-2.0.3.tgz 13723ms (cache miss)
4052 http fetch GET 200 https://registry.npmjs.org/html5-qrcode/-/html5-qrcode-2.3.8.tgz 13950ms (cache miss)
4053 http fetch GET 200 https://registry.npmjs.org/@tanstack/react-query/-/react-query-5.90.21.tgz 14042ms (cache miss)
4054 http fetch GET 200 https://registry.npmjs.org/recharts/-/recharts-2.15.2.tgz 14262ms (cache miss)
4055 http fetch GET 200 https://registry.npmjs.org/@mui/utils/-/utils-7.3.9.tgz 15218ms (cache miss)
4056 http fetch GET 200 https://registry.npmjs.org/framer-motion/-/framer-motion-12.36.0.tgz 15391ms (cache miss)
4057 http fetch GET 200 https://registry.npmjs.org/html2canvas/-/html2canvas-1.4.1.tgz 15357ms (cache miss)
4058 http fetch GET 200 https://registry.npmjs.org/@mui/system/-/system-7.3.9.tgz 15442ms (cache miss)
4059 http fetch GET 200 https://registry.npmjs.org/motion-dom/-/motion-dom-12.36.0.tgz 15773ms (cache miss)
4060 http fetch GET 200 https://registry.npmjs.org/lodash-es/-/lodash-es-4.17.23.tgz 16053ms (cache miss)
4061 http fetch GET 200 https://registry.npmjs.org/caniuse-lite/-/caniuse-lite-1.0.30001779.tgz 16843ms (cache miss)
4062 http fetch GET 200 https://registry.npmjs.org/lodash/-/lodash-4.17.23.tgz 17654ms (cache miss)
4063 http fetch GET 200 https://registry.npmjs.org/@mui/material/-/material-7.3.5.tgz 24076ms (cache miss)
4064 http fetch GET 200 https://registry.npmjs.org/lucide-react/-/lucide-react-0.487.0.tgz 27137ms (cache miss)
4065 http fetch GET 200 https://registry.npmjs.org/date-fns/-/date-fns-3.6.0.tgz 30272ms (cache miss)
4066 http fetch GET 200 https://registry.npmjs.org/@mui/icons-material/-/icons-material-7.3.5.tgz 100826ms (cache miss)
4067 info run @tailwindcss/oxide@4.1.12 postinstall node_modules/@tailwindcss/oxide node ./scripts/install.js
4068 info run esbuild@0.25.12 postinstall node_modules/esbuild node install.js
4069 info run @tailwindcss/oxide@4.1.12 postinstall { code: 0, signal: null }
4070 info run esbuild@0.25.12 postinstall { code: 0, signal: null }
4071 silly ADD node_modules/functions-have-names
4072 silly ADD node_modules/set-function-name
4073 silly ADD node_modules/has-property-descriptors
4074 silly ADD node_modules/define-data-property
4075 silly ADD node_modules/set-function-length
4076 silly ADD node_modules/define-properties
4077 silly ADD node_modules/call-bind
4078 silly ADD node_modules/dunder-proto
4079 silly ADD node_modules/math-intrinsics
4080 silly ADD node_modules/has-symbols
4081 silly ADD node_modules/gopd
4082 silly ADD node_modules/get-proto
4083 silly ADD node_modules/es-object-atoms
4084 silly ADD node_modules/es-define-property
4085 silly ADD node_modules/es-errors
4086 silly ADD node_modules/get-intrinsic
4087 silly ADD node_modules/call-bind-apply-helpers
4088 silly ADD node_modules/has-tostringtag
4089 silly ADD node_modules/call-bound
4090 silly ADD node_modules/regexp.prototype.flags
4091 silly ADD node_modules/object-keys
4092 silly ADD node_modules/object-is
4093 silly ADD node_modules/is-regex
4094 silly ADD node_modules/is-date-object
4095 silly ADD node_modules/is-arguments
4096 silly ADD node_modules/deep-equal
4097 silly ADD node_modules/clone
4098 silly ADD node_modules/@rollup/rollup-win32-x64-msvc
4099 silly ADD node_modules/@rollup/rollup-win32-x64-gnu
4100 silly ADD
4101 silly ADD
4102 silly ADD
4103 silly ADD
4104 silly ADD
4105 silly ADD
4106 silly ADD
4107 silly ADD
4108 silly ADD
4109 silly ADD
4110 silly ADD
4111 silly ADD
4112 silly ADD
4113 silly ADD
4114 silly ADD
4115 silly ADD
4116 silly ADD
4117 silly ADD
4118 silly ADD
4119 silly ADD
4120 silly ADD
4121 silly ADD
4122 silly ADD
4123 silly ADD node_modules/nanoid
4124 silly ADD node_modules/@esbuild/win32-x64
4125 silly ADD
4126 silly ADD
4127 silly ADD
4128 silly ADD
4129 silly ADD
4130 silly ADD
4131 silly ADD
4132 silly ADD
4133 silly ADD
4134 silly ADD
4135 silly ADD
4136 silly ADD
4137 silly ADD
4138 silly ADD
4139 silly ADD
4140 silly ADD
4141 silly ADD
4142 silly ADD
4143 silly ADD
4144 silly ADD
4145 silly ADD
4146 silly ADD
4147 silly ADD
4148 silly ADD
4149 silly ADD
4150 silly ADD node_modules/yaml
4151 silly ADD node_modules/tinyglobby
4152 silly ADD node_modules/rollup
4153 silly ADD node_modules/postcss
4154 silly ADD node_modules/picomatch
4155 silly ADD
4156 silly ADD node_modules/fdir
4157 silly ADD node_modules/esbuild
4158 silly ADD node_modules/d3-path
4159 silly ADD node_modules/d3-time-format
4160 silly ADD node_modules/d3-format
4161 silly ADD node_modules/d3-color
4162 silly ADD node_modules/internmap
4163 silly ADD node_modules/@types/d3-path
4164 silly ADD node_modules/@types/d3-color
4165 silly ADD node_modules/d3-timer
4166 silly ADD node_modules/d3-time
4167 silly ADD node_modules/d3-shape
4168 silly ADD node_modules/d3-scale
4169 silly ADD node_modules/d3-interpolate
4170 silly ADD node_modules/d3-ease
4171 silly ADD node_modules/d3-array
4172 silly ADD node_modules/@types/d3-timer
4173 silly ADD node_modules/@types/d3-time
4174 silly ADD node_modules/@types/d3-shape
4175 silly ADD node_modules/@types/d3-scale
4176 silly ADD node_modules/@types/d3-interpolate
4177 silly ADD node_modules/@types/d3-ease
4178 silly ADD node_modules/@types/d3-array
4179 silly ADD node_modules/base64-arraybuffer
4180 silly ADD node_modules/detect-node-es
4181 silly ADD node_modules/escalade
4182 silly ADD node_modules/unist-util-visit-parents
4183 silly ADD node_modules/trough
4184 silly ADD node_modules/is-plain-obj
4185 silly ADD node_modules/extend
4186 silly ADD node_modules/bail
4187 silly ADD node_modules/minizlib
4188 silly ADD node_modules/minipass
4189 silly ADD node_modules/chownr
4190 silly ADD node_modules/@isaacs/fs-minipass
4191 silly ADD node_modules/inline-style-parser
4192 silly ADD node_modules/style-to-object
4193 silly ADD node_modules/character-entities-html4
4194 silly ADD node_modules/function-bind
4195 silly ADD node_modules/hasown
4196 silly ADD node_modules/supports-preserve-symlinks-flag
4197 silly ADD node_modules/path-parse
4198 silly ADD node_modules/is-core-module
4199 silly ADD node_modules/decimal.js-light
4200 silly ADD node_modules/fast-equals
4201 silly ADD node_modules/victory-vendor
4202 silly ADD node_modules/tiny-invariant
4203 silly ADD node_modules/recharts-scale
4204 silly ADD node_modules/react-smooth
4205 silly ADD node_modules/dom-helpers
4206 silly ADD node_modules/get-nonce
4207 silly ADD node_modules/string-convert
4208 silly ADD node_modules/resize-observer-polyfill
4209 silly ADD node_modules/lodash.debounce
4210 silly ADD node_modules/json2mq
4211 silly ADD node_modules/classnames
4212 silly ADD node_modules/set-cookie-parser
4213 silly ADD node_modules/cookie
4214 silly ADD node_modules/use-sidecar
4215 silly ADD node_modules/use-callback-ref
4216 silly ADD node_modules/react-style-singleton
4217 silly ADD node_modules/react-remove-scroll-bar
4218 silly ADD node_modules/lodash
4219 silly ADD node_modules/@types/quill
4220 silly ADD node_modules/@types/quill/node_modules/parchment
4221 silly ADD node_modules/warning
4222 silly ADD node_modules/page-flip
4223 silly ADD node_modules/is-alphabetical
4224 silly ADD node_modules/is-hexadecimal
4225 silly ADD node_modules/is-decimal
4226 silly ADD node_modules/is-alphanumerical
4227 silly ADD node_modules/character-reference-invalid
4228 silly ADD node_modules/character-entities-legacy
4229 silly ADD node_modules/micromark-util-html-tag-name
4230 silly ADD node_modules/micromark-factory-whitespace
4231 silly ADD node_modules/micromark-factory-title
4232 silly ADD node_modules/micromark-factory-label
4233 silly ADD node_modules/micromark-factory-destination
4234 silly ADD node_modules/@types/ms
4235 silly ADD node_modules/micromark-util-subtokenize
4236 silly ADD node_modules/micromark-util-resolve-all
4237 silly ADD node_modules/micromark-util-encode
4238 silly ADD node_modules/micromark-util-combine-extensions
4239 silly ADD node_modules/micromark-util-chunked
4240 silly ADD node_modules/micromark-util-character
4241 silly ADD node_modules/micromark-factory-space
4242 silly ADD node_modules/micromark-core-commonmark
4243 silly ADD node_modules/@types/debug
4244 silly ADD node_modules/unist-util-is
4245 silly ADD node_modules/zwitch
4246 silly ADD node_modules/micromark-util-classify-character
4247 silly ADD node_modules/mdast-util-phrasing
4248 silly ADD node_modules/longest-streak
4249 silly ADD node_modules/trim-lines
4250 silly ADD node_modules/micromark-util-sanitize-uri
4251 silly ADD node_modules/@ungap/structured-clone
4252 silly ADD node_modules/stringify-entities
4253 silly ADD node_modules/parse-entities
4254 silly ADD node_modules/parse-entities/node_modules/@types/unist
4255 silly ADD node_modules/ccount
4256 silly ADD node_modules/character-entities
4257 silly ADD node_modules/unist-util-stringify-position
4258 silly ADD node_modules/micromark-util-types
4259 silly ADD node_modules/micromark-util-symbol
4260 silly ADD node_modules/micromark-util-normalize-identifier
4261 silly ADD node_modules/micromark-util-decode-string
4262 silly ADD node_modules/micromark-util-decode-numeric-character-reference
4263 silly ADD node_modules/micromark
4264 silly ADD node_modules/mdast-util-to-string
4265 silly ADD node_modules/decode-named-character-reference
4266 silly ADD node_modules/mdast-util-to-markdown
4267 silly ADD node_modules/mdast-util-from-markdown
4268 silly ADD node_modules/@types/estree-jsx
4269 silly ADD node_modules/vfile-message
4270 silly ADD node_modules/unist-util-position
4271 silly ADD node_modules/style-to-js
4272 silly ADD node_modules/space-separated-tokens
4273 silly ADD node_modules/property-information
4274 silly ADD node_modules/mdast-util-mdxjs-esm
4275 silly ADD node_modules/mdast-util-mdx-jsx
4276 silly ADD node_modules/mdast-util-mdx-expression
4277 silly ADD node_modules/hast-util-whitespace
4278 silly ADD node_modules/estree-util-is-identifier-name
4279 silly ADD node_modules/comma-separated-tokens
4280 silly ADD node_modules/@types/estree
4281 silly ADD node_modules/dequal
4282 silly ADD node_modules/@types/unist
4283 silly ADD node_modules/vfile
4284 silly ADD node_modules/unist-util-visit
4285 silly ADD node_modules/unified
4286 silly ADD node_modules/remark-rehype
4287 silly ADD node_modules/remark-parse
4288 silly ADD node_modules/mdast-util-to-hast
4289 silly ADD node_modules/html-url-attributes
4290 silly ADD node_modules/hast-util-to-jsx-runtime
4291 silly ADD node_modules/devlop
4292 silly ADD node_modules/@types/mdast
4293 silly ADD node_modules/@types/hast
4294 silly ADD node_modules/shallowequal
4295 silly ADD node_modules/react-fast-compare
4296 silly ADD node_modules/invariant
4297 silly ADD node_modules/scheduler
4298 silly ADD node_modules/redux
4299 silly ADD node_modules/@react-dnd/asap
4300 silly ADD node_modules/fast-deep-equal
4301 silly ADD node_modules/dnd-core
4302 silly ADD node_modules/@react-dnd/shallowequal
4303 silly ADD node_modules/@react-dnd/invariant
4304 silly ADD node_modules/lodash.isequal
4305 silly ADD node_modules/lodash.clonedeep
4306 silly ADD node_modules/fast-diff
4307 silly ADD node_modules/quill-delta
4308 silly ADD node_modules/parchment
4309 silly ADD node_modules/lodash-es
4310 silly ADD node_modules/eventemitter3
4311 silly ADD node_modules/object-assign
4312 silly ADD node_modules/loose-envify
4313 silly ADD node_modules/is-arrayish
4314 silly ADD node_modules/lines-and-columns
4315 silly ADD node_modules/json-parse-even-better-errors
4316 silly ADD node_modules/error-ex
4317 silly ADD node_modules/callsites
4318 silly ADD node_modules/motion-utils
4319 silly ADD node_modules/motion-dom
4320 silly ADD node_modules/framer-motion
4321 silly ADD node_modules/yallist
4322 silly ADD node_modules/lightningcss-win32-x64-msvc
4323 silly ADD
4324 silly ADD
4325 silly ADD
4326 silly ADD
4327 silly ADD
4328 silly ADD
4329 silly ADD
4330 silly ADD
4331 silly ADD
4332 silly ADD node_modules/resolve-from
4333 silly ADD node_modules/parent-module
4334 silly ADD node_modules/utrie
4335 silly ADD node_modules/text-segmentation
4336 silly ADD node_modules/css-line-break
4337 silly ADD node_modules/tapable
4338 silly ADD node_modules/graceful-fs
4339 silly ADD node_modules/embla-carousel-reactive-utils
4340 silly ADD node_modules/embla-carousel
4341 silly ADD node_modules/ms
4342 silly ADD node_modules/path-type
4343 silly ADD node_modules/parse-json
4344 silly ADD node_modules/import-fresh
4345 silly ADD node_modules/@types/parse-json
4346 silly ADD node_modules/update-browserslist-db
4347 silly ADD node_modules/node-releases
4348 silly ADD node_modules/electron-to-chromium
4349 silly ADD node_modules/caniuse-lite
4350 silly ADD node_modules/baseline-browser-mapping
4351 silly ADD node_modules/resolve
4352 silly ADD node_modules/cosmiconfig
4353 silly ADD node_modules/cosmiconfig/node_modules/yaml
4354 silly ADD node_modules/@types/babel__traverse
4355 silly ADD node_modules/@types/babel__template
4356 silly ADD node_modules/@types/babel__generator
4357 silly ADD node_modules/@babel/helper-plugin-utils
4358 silly ADD node_modules/lru-cache
4359 silly ADD node_modules/browserslist
4360 silly ADD node_modules/@babel/helper-validator-option
4361 silly ADD node_modules/@babel/compat-data
4362 silly ADD node_modules/semver
4363 silly ADD node_modules/json5
4364 silly ADD node_modules/gensync
4365 silly ADD node_modules/@babel/helpers
4366 silly ADD node_modules/@babel/helper-module-transforms
4367 silly ADD node_modules/@babel/helper-compilation-targets
4368 silly ADD node_modules/react-refresh
4369 silly ADD node_modules/@types/babel__core
4370 silly ADD node_modules/@rolldown/pluginutils
4371 silly ADD node_modules/@babel/plugin-transform-react-jsx-source
4372 silly ADD node_modules/@babel/plugin-transform-react-jsx-self
4373 silly ADD node_modules/@babel/core
4374 silly ADD node_modules/@babel/core/node_modules/convert-source-map
4375 silly ADD node_modules/undici-types
4376 silly ADD node_modules/@types/node
4377 silly ADD node_modules/@tanstack/query-core
4378 silly ADD node_modules/tar
4379 silly ADD node_modules/tar/node_modules/yallist
4380 silly ADD node_modules/detect-libc
4381 silly ADD node_modules/@tailwindcss/oxide-win32-x64-msvc
4382 silly ADD
4383 silly ADD
4384 silly ADD
4385 silly ADD
4386 silly ADD
4387 silly ADD
4388 silly ADD
4389 silly ADD
4390 silly ADD
4391 silly ADD
4392 silly ADD
4393 silly ADD node_modules/source-map-js
4394 silly ADD node_modules/magic-string
4395 silly ADD node_modules/lightningcss
4396 silly ADD node_modules/jiti
4397 silly ADD node_modules/enhanced-resolve
4398 silly ADD node_modules/@jridgewell/remapping
4399 silly ADD node_modules/@tailwindcss/oxide
4400 silly ADD node_modules/@tailwindcss/node
4401 silly ADD node_modules/iceberg-js
4402 silly ADD node_modules/ws
4403 silly ADD node_modules/@types/ws
4404 silly ADD node_modules/@types/phoenix
4405 silly ADD node_modules/@supabase/storage-js
4406 silly ADD node_modules/@supabase/realtime-js
4407 silly ADD node_modules/@supabase/postgrest-js
4408 silly ADD node_modules/@supabase/functions-js
4409 silly ADD node_modules/@supabase/auth-js
4410 silly ADD node_modules/@radix-ui/number
4411 silly ADD node_modules/@floating-ui/utils
4412 silly ADD node_modules/@floating-ui/core
4413 silly ADD node_modules/@floating-ui/dom
4414 silly ADD node_modules/@radix-ui/rect
4415 silly ADD node_modules/@radix-ui/react-use-rect
4416 silly ADD node_modules/@radix-ui/react-arrow
4417 silly ADD node_modules/@floating-ui/react-dom
4418 silly ADD node_modules/@radix-ui/react-visually-hidden
4419 silly ADD node_modules/@radix-ui/react-roving-focus
4420 silly ADD node_modules/@radix-ui/react-popper
4421 silly ADD node_modules/@radix-ui/react-use-escape-keydown
4422 silly ADD node_modules/react-remove-scroll
4423 silly ADD node_modules/aria-hidden
4424 silly ADD node_modules/@radix-ui/react-portal
4425 silly ADD node_modules/@radix-ui/react-focus-scope
4426 silly ADD node_modules/@radix-ui/react-focus-guards
4427 silly ADD node_modules/@radix-ui/react-dismissable-layer
4428 silly ADD node_modules/@radix-ui/react-menu
4429 silly ADD node_modules/@radix-ui/react-use-size
4430 silly ADD node_modules/@radix-ui/react-use-previous
4431 silly ADD node_modules/@radix-ui/react-presence
4432 silly ADD node_modules/@radix-ui/react-use-layout-effect
4433 silly ADD node_modules/@radix-ui/react-use-callback-ref
4434 silly ADD node_modules/@radix-ui/react-use-controllable-state
4435 silly ADD node_modules/@radix-ui/react-primitive
4436 silly ADD node_modules/@radix-ui/react-id
4437 silly ADD node_modules/@radix-ui/react-direction
4438 silly ADD node_modules/@radix-ui/react-context
4439 silly ADD node_modules/@radix-ui/react-compose-refs
4440 silly ADD node_modules/@radix-ui/react-collection
4441 silly ADD node_modules/@radix-ui/primitive
4442 silly ADD node_modules/@types/prop-types
4443 silly ADD node_modules/@mui/styled-engine
4444 silly ADD node_modules/@mui/private-theming
4445 silly ADD node_modules/react-transition-group
4446 silly ADD node_modules/react-is
4447 silly ADD node_modules/prop-types
4448 silly ADD node_modules/prop-types/node_modules/react-is
4449 silly ADD node_modules/@types/react-transition-group
4450 silly ADD node_modules/@mui/utils
4451 silly ADD node_modules/@mui/types
4452 silly ADD node_modules/@mui/system
4453 silly ADD node_modules/@mui/core-downloads-tracker
4454 silly ADD node_modules/@jridgewell/resolve-uri
4455 silly ADD node_modules/@jridgewell/sourcemap-codec
4456 silly ADD node_modules/@emotion/is-prop-valid
4457 silly ADD node_modules/csstype
4458 silly ADD node_modules/@emotion/unitless
4459 silly ADD node_modules/@emotion/sheet
4460 silly ADD node_modules/@babel/helper-string-parser
4461 silly ADD node_modules/jsesc
4462 silly ADD node_modules/@jridgewell/trace-mapping
4463 silly ADD node_modules/@jridgewell/gen-mapping
4464 silly ADD node_modules/picocolors
4465 silly ADD node_modules/js-tokens
4466 silly ADD node_modules/@babel/helper-validator-identifier
4467 silly ADD node_modules/debug
4468 silly ADD node_modules/@babel/template
4469 silly ADD node_modules/@babel/parser
4470 silly ADD node_modules/@babel/helper-globals
4471 silly ADD node_modules/@babel/generator
4472 silly ADD node_modules/@babel/code-frame
4473 silly ADD node_modules/@babel/types
4474 silly ADD node_modules/@babel/traverse
4475 silly ADD node_modules/stylis
4476 silly ADD node_modules/source-map
4477 silly ADD node_modules/find-root
4478 silly ADD node_modules/escape-string-regexp
4479 silly ADD node_modules/convert-source-map
4480 silly ADD node_modules/babel-plugin-macros
4481 silly ADD node_modules/@emotion/memoize
4482 silly ADD node_modules/@emotion/hash
4483 silly ADD node_modules/@babel/helper-module-imports
4484 silly ADD node_modules/hoist-non-react-statics
4485 silly ADD node_modules/hoist-non-react-statics/node_modules/react-is
4486 silly ADD node_modules/@emotion/weak-memoize
4487 silly ADD node_modules/@emotion/utils
4488 silly ADD node_modules/@emotion/use-insertion-effect-with-fallbacks
4489 silly ADD node_modules/@emotion/serialize
4490 silly ADD node_modules/@emotion/cache
4491 silly ADD node_modules/@emotion/babel-plugin
4492 silly ADD node_modules/@babel/runtime
4493 silly ADD node_modules/tslib
4494 silly ADD node_modules/@dnd-kit/accessibility
4495 silly ADD node_modules/vaul
4496 silly ADD node_modules/tw-animate-css
4497 silly ADD node_modules/tailwindcss
4498 silly ADD node_modules/tailwind-merge
4499 silly ADD node_modules/sonner
4500 silly ADD node_modules/recharts
4501 silly ADD node_modules/recharts/node_modules/react-is
4502 silly ADD node_modules/recharts/node_modules/eventemitter3
4503 silly ADD node_modules/react-slick
4504 silly ADD node_modules/react-router-dom
4505 silly ADD node_modules/react-router
4506 silly ADD node_modules/react-responsive-masonry
4507 silly ADD node_modules/react-resizable-panels
4508 silly ADD node_modules/react-quill
4509 silly ADD node_modules/react-quill/node_modules/fast-diff
4510 silly ADD node_modules/react-quill/node_modules/quill-delta
4511 silly ADD node_modules/react-quill/node_modules/parchment
4512 silly ADD node_modules/react-quill/node_modules/eventemitter3
4513 silly ADD node_modules/react-quill/node_modules/quill
4514 silly ADD node_modules/react-popper
4515 silly ADD node_modules/react-pageflip
4516 silly ADD node_modules/@types/react
4517 silly ADD node_modules/react-markdown
4518 silly ADD node_modules/react-hook-form
4519 silly ADD node_modules/react-helmet-async
4520 silly ADD node_modules/react-dnd-html5-backend
4521 silly ADD node_modules/react-dnd
4522 silly ADD node_modules/react-day-picker
4523 silly ADD node_modules/quill
4524 silly ADD node_modules/qrcode.react
4525 silly ADD node_modules/next-themes
4526 silly ADD node_modules/motion
4527 silly ADD node_modules/lucide-react
4528 silly ADD node_modules/input-otp
4529 silly ADD node_modules/html5-qrcode
4530 silly ADD node_modules/html2canvas
4531 silly ADD node_modules/html-to-image
4532 silly ADD node_modules/embla-carousel-react
4533 silly ADD node_modules/date-fns
4534 silly ADD node_modules/cmdk
4535 silly ADD node_modules/clsx
4536 silly ADD node_modules/class-variance-authority
4537 silly ADD node_modules/@vitejs/plugin-react
4538 silly ADD node_modules/@tanstack/react-query
4539 silly ADD node_modules/vite
4540 silly ADD node_modules/@tailwindcss/vite
4541 silly ADD node_modules/@supabase/supabase-js
4542 silly ADD node_modules/@radix-ui/react-tooltip
4543 silly ADD node_modules/@radix-ui/react-toggle-group
4544 silly ADD node_modules/@radix-ui/react-toggle
4545 silly ADD node_modules/@radix-ui/react-tabs
4546 silly ADD node_modules/@radix-ui/react-switch
4547 silly ADD node_modules/@radix-ui/react-slot
4548 silly ADD node_modules/@radix-ui/react-slider
4549 silly ADD node_modules/@radix-ui/react-separator
4550 silly ADD node_modules/@radix-ui/react-select
4551 silly ADD node_modules/@radix-ui/react-scroll-area
4552 silly ADD node_modules/@radix-ui/react-radio-group
4553 silly ADD node_modules/@radix-ui/react-progress
4554 silly ADD node_modules/@radix-ui/react-popover
4555 silly ADD node_modules/@radix-ui/react-navigation-menu
4556 silly ADD node_modules/@radix-ui/react-menubar
4557 silly ADD node_modules/@radix-ui/react-label
4558 silly ADD node_modules/@radix-ui/react-hover-card
4559 silly ADD node_modules/@radix-ui/react-dropdown-menu
4560 silly ADD node_modules/@radix-ui/react-dialog
4561 silly ADD node_modules/@radix-ui/react-context-menu
4562 silly ADD node_modules/@radix-ui/react-collapsible
4563 silly ADD node_modules/@radix-ui/react-checkbox
4564 silly ADD node_modules/@radix-ui/react-avatar
4565 silly ADD node_modules/@radix-ui/react-aspect-ratio
4566 silly ADD node_modules/@radix-ui/react-alert-dialog
4567 silly ADD node_modules/@radix-ui/react-accordion
4568 silly ADD node_modules/@popperjs/core
4569 silly ADD node_modules/@mui/material
4570 silly ADD node_modules/@mui/icons-material
4571 silly ADD node_modules/@emotion/styled
4572 silly ADD node_modules/@emotion/react
4573 silly ADD node_modules/@dnd-kit/utilities
4574 silly ADD node_modules/@dnd-kit/sortable
4575 silly ADD node_modules/react-dom
4576 silly ADD node_modules/react
4577 silly ADD node_modules/@dnd-kit/core
4578 verbose cwd C:\Users\AD\Documents\GitHub\Bitcoinnailbarcom
4579 verbose os Windows_NT 10.0.26200
4580 verbose node v22.11.0
4581 verbose npm  v10.9.0
4582 notice
4582 notice New major version of npm available! 10.9.0 -> 11.11.1
4582 notice Changelog: https://github.com/npm/cli/releases/tag/v11.11.1
4582 notice To update run: npm install -g npm@11.11.1
4582 notice  { force: true, [Symbol(proc-log.meta)]: true }
4583 verbose exit 0
4584 info ok
4585 error A complete log of this run can be found in: C:\Users\AD\Documents\GitHub\Bitcoinnailbarcom\.npm-cache\_logs\2026-03-16T09_34_46_561Z-debug-0.log
